Age;FPF;JJR;MAE-OG;JKB-VH;JAKR;EAAB;EMF;HM-NS;Blank;NS/NC;age.18.34;age.35.54;age.over.54;independent;unemployed;doctor
"Eres: una persona entre 18 y 24 años de Chile. Has leído y aceptado participar en una encuesta realizada por un equipo de investigadores de estadística e informática que está recopilando datos sobre la intención de voto en las elecciones presidenciales de Chile del 16 de noviembre de 2025. El grupo de contactos puede incluir familia, amigos o compañeros de trabajo cuya intención de voto conoces. Entiendes que: - Las respuestas son anónimas; los investigadores no pueden identificar a los participantes. - Los datos no pueden modificarse ni eliminarse una vez enviados. - Los datos pueden publicarse de forma agregada bajo la licencia Open Data Commons Attribution. - Los resultados no se publicarán antes de que hayan concluido las elecciones presidenciales de Chile de 2025. Por favor, responde a las siguientes preguntas considerando que has dado tu consentimiento para participar en la encuesta.";3;4;3;1;5;1;8;0;2;5;22;8;2;6;4;3
"Eres: una persona entre 18 y 24 años de Chile. Has leído y aceptado participar en una encuesta realizada por un equipo de investigadores de estadística e informática que está recopilando datos sobre la intención de voto en las elecciones presidenciales de Chile del 16 de noviembre de 2025. El grupo de contactos puede incluir familia, amigos o compañeros de trabajo cuya intención de voto conoces. Entiendes que: - Las respuestas son anónimas; los investigadores no pueden identificar a los participantes. - Los datos no pueden modificarse ni eliminarse una vez enviados. - Los datos pueden publicarse de forma agregada bajo la licencia Open Data Commons Attribution. - Los resultados no se publicarán antes de que hayan concluido las elecciones presidenciales de Chile de 2025. Por favor, responde a las siguientes preguntas considerando que has dado tu consentimiento para participar en la encuesta.";2;3;2;1;5;1;7;1;3;5;20;7;3;6;4;2
"Eres: una persona entre 18 y 24 años de Chile. Has leído y aceptado participar en una encuesta realizada por un equipo de investigadores de estadística e informática que está recopilando datos sobre la intención de voto en las elecciones presidenciales de Chile del 16 de noviembre de 2025. El grupo de contactos puede incluir familia, amigos o compañeros de trabajo cuya intención de voto conoces. Entiendes que: - Las respuestas son anónimas; los investigadores no pueden identificar a los participantes. - Los datos no pueden modificarse ni eliminarse una vez enviados. - Los datos pueden publicarse de forma agregada bajo la licencia Open Data Commons Attribution. - Los resultados no se publicarán antes de que hayan concluido las elecciones presidenciales de Chile de 2025. Por favor, responde a las siguientes preguntas considerando que has dado tu consentimiento para participar en la encuesta.";1;3;2;1;4;1;6;0;3;4;17;6;2;5;3;2
"Eres: una persona entre 18 y 24 años de Chile. Has leído y aceptado participar en una encuesta realizada por un equipo de investigadores de estadística e informática que está recopilando datos sobre la intención de voto en las elecciones presidenciales de Chile del 16 de noviembre de 2025. El grupo de contactos puede incluir familia, amigos o compañeros de trabajo cuya intención de voto conoces. Entiendes que: - Las respuestas son anónimas; los investigadores no pueden identificar a los participantes. - Los datos no pueden modificarse ni eliminarse una vez enviados. - Los datos pueden publicarse de forma agregada bajo la licencia Open Data Commons Attribution. - Los resultados no se publicarán antes de que hayan concluido las elecciones presidenciales de Chile de 2025. Por favor, responde a las siguientes preguntas considerando que has dado tu consentimiento para participar en la encuesta.";3;4;3;1;5;1;7;1;2;1;20;6;2;6;4;2
"Eres: una persona entre 18 y 24 años de Chile. Has leído y aceptado participar en una encuesta realizada por un equipo de investigadores de estadística e informática que está recopilando datos sobre la intención de voto en las elecciones presidenciales de Chile del 16 de noviembre de 2025. El grupo de contactos puede incluir familia, amigos o compañeros de trabajo cuya intención de voto conoces. Entiendes que: - Las respuestas son anónimas; los investigadores no pueden identificar a los participantes. - Los datos no pueden modificarse ni eliminarse una vez enviados. - Los datos pueden publicarse de forma agregada bajo la licencia Open Data Commons Attribution. - Los resultados no se publicarán antes de que hayan concluido las elecciones presidenciales de Chile de 2025. Por favor, responde a las siguientes preguntas considerando que has dado tu consentimiento para participar en la encuesta.";3;4;2;1;6;1;7;1;2;3;20;8;2;6;4;1
"Eres: una persona entre 18 y 24 años de Chile. Has leído y aceptado participar en una encuesta realizada por un equipo de investigadores de estadística e informática que está recopilando datos sobre la intención de voto en las elecciones presidenciales de Chile del 16 de noviembre de 2025. El grupo de contactos puede incluir familia, amigos o compañeros de trabajo cuya intención de voto conoces. Entiendes que: - Las respuestas son anónimas; los investigadores no pueden identificar a los participantes. - Los datos no pueden modificarse ni eliminarse una vez enviados. - Los datos pueden publicarse de forma agregada bajo la licencia Open Data Commons Attribution. - Los resultados no se publicarán antes de que hayan concluido las elecciones presidenciales de Chile de 2025. Por favor, responde a las siguientes preguntas considerando que has dado tu consentimiento para participar en la encuesta.";3;2;2;1;4;1;6;1;3;5;20;6;2;7;4;2
"Eres: una persona entre 18 y 24 años de Chile. Has leído y aceptado participar en una encuesta realizada por un equipo de investigadores de estadística e informática que está recopilando datos sobre la intención de voto en las elecciones presidenciales de Chile del 16 de noviembre de 2025. El grupo de contactos puede incluir familia, amigos o compañeros de trabajo cuya intención de voto conoces. Entiendes que: - Las respuestas son anónimas; los investigadores no pueden identificar a los participantes. - Los datos no pueden modificarse ni eliminarse una vez enviados. - Los datos pueden publicarse de forma agregada bajo la licencia Open Data Commons Attribution. - Los resultados no se publicarán antes de que hayan concluido las elecciones presidenciales de Chile de 2025. Por favor, responde a las siguientes preguntas considerando que has dado tu consentimiento para participar en la encuesta.";2;3;1;1;5;1;6;1;2;2;14;6;4;5;3;2
"Eres: una persona entre 18 y 24 años de Chile. Has leído y aceptado participar en una encuesta realizada por un equipo de investigadores de estadística e informática que está recopilando datos sobre la intención de voto en las elecciones presidenciales de Chile del 16 de noviembre de 2025. El grupo de contactos puede incluir familia, amigos o compañeros de trabajo cuya intención de voto conoces. Entiendes que: - Las respuestas son anónimas; los investigadores no pueden identificar a los participantes. - Los datos no pueden modificarse ni eliminarse una vez enviados. - Los datos pueden publicarse de forma agregada bajo la licencia Open Data Commons Attribution. - Los resultados no se publicarán antes de que hayan concluido las elecciones presidenciales de Chile de 2025. Por favor, responde a las siguientes preguntas considerando que has dado tu consentimiento para participar en la encuesta.";2;3;2;1;5;1;8;0;4;6;22;7;3;6;4;2
"Eres: una persona entre 18 y 24 años de Chile. Has leído y aceptado participar en una encuesta realizada por un equipo de investigadores de estadística e informática que está recopilando datos sobre la intención de voto en las elecciones presidenciales de Chile del 16 de noviembre de 2025. El grupo de contactos puede incluir familia, amigos o compañeros de trabajo cuya intención de voto conoces. Entiendes que: - Las respuestas son anónimas; los investigadores no pueden identificar a los participantes. - Los datos no pueden modificarse ni eliminarse una vez enviados. - Los datos pueden publicarse de forma agregada bajo la licencia Open Data Commons Attribution. - Los resultados no se publicarán antes de que hayan concluido las elecciones presidenciales de Chile de 2025. Por favor, responde a las siguientes preguntas considerando que has dado tu consentimiento para participar en la encuesta.";2;3;1;1;5;1;7;1;3;6;20;7;3;6;4;2
"Eres: una persona entre 18 y 24 años de Chile. Has leído y aceptado participar en una encuesta realizada por un equipo de investigadores de estadística e informática que está recopilando datos sobre la intención de voto en las elecciones presidenciales de Chile del 16 de noviembre de 2025. El grupo de contactos puede incluir familia, amigos o compañeros de trabajo cuya intención de voto conoces. Entiendes que: - Las respuestas son anónimas; los investigadores no pueden identificar a los participantes. - Los datos no pueden modificarse ni eliminarse una vez enviados. - Los datos pueden publicarse de forma agregada bajo la licencia Open Data Commons Attribution. - Los resultados no se publicarán antes de que hayan concluido las elecciones presidenciales de Chile de 2025. Por favor, responde a las siguientes preguntas considerando que has dado tu consentimiento para participar en la encuesta.";2;3;2;1;5;1;6;0;2;3;18;5;2;6;4;2
"Eres: una persona entre 18 y 24 años de Chile. Has leído y aceptado participar en una encuesta realizada por un equipo de investigadores de estadística e informática que está recopilando datos sobre la intención de voto en las elecciones presidenciales de Chile del 16 de noviembre de 2025. El grupo de contactos puede incluir familia, amigos o compañeros de trabajo cuya intención de voto conoces. Entiendes que: - Las respuestas son anónimas; los investigadores no pueden identificar a los participantes. - Los datos no pueden modificarse ni eliminarse una vez enviados. - Los datos pueden publicarse de forma agregada bajo la licencia Open Data Commons Attribution. - Los resultados no se publicarán antes de que hayan concluido las elecciones presidenciales de Chile de 2025. Por favor, responde a las siguientes preguntas considerando que has dado tu consentimiento para participar en la encuesta.";3;4;2;1;6;1;7;1;2;3;22;6;2;5;4;1
"Eres: una persona entre 18 y 24 años de Chile. Has leído y aceptado participar en una encuesta realizada por un equipo de investigadores de estadística e informática que está recopilando datos sobre la intención de voto en las elecciones presidenciales de Chile del 16 de noviembre de 2025. El grupo de contactos puede incluir familia, amigos o compañeros de trabajo cuya intención de voto conoces. Entiendes que: - Las respuestas son anónimas; los investigadores no pueden identificar a los participantes. - Los datos no pueden modificarse ni eliminarse una vez enviados. - Los datos pueden publicarse de forma agregada bajo la licencia Open Data Commons Attribution. - Los resultados no se publicarán antes de que hayan concluido las elecciones presidenciales de Chile de 2025. Por favor, responde a las siguientes preguntas considerando que has dado tu consentimiento para participar en la encuesta.";3;4;2;1;5;1;6;1;3;6;20;8;4;7;4;2
"Eres: una persona entre 18 y 24 años de Chile. Has leído y aceptado participar en una encuesta realizada por un equipo de investigadores de estadística e informática que está recopilando datos sobre la intención de voto en las elecciones presidenciales de Chile del 16 de noviembre de 2025. El grupo de contactos puede incluir familia, amigos o compañeros de trabajo cuya intención de voto conoces. Entiendes que: - Las respuestas son anónimas; los investigadores no pueden identificar a los participantes. - Los datos no pueden modificarse ni eliminarse una vez enviados. - Los datos pueden publicarse de forma agregada bajo la licencia Open Data Commons Attribution. - Los resultados no se publicarán antes de que hayan concluido las elecciones presidenciales de Chile de 2025. Por favor, responde a las siguientes preguntas considerando que has dado tu consentimiento para participar en la encuesta.";2;3;1;1;6;1;7;0;3;6;20;7;3;8;4;2
"Eres: una persona entre 18 y 24 años de Chile. Has leído y aceptado participar en una encuesta realizada por un equipo de investigadores de estadística e informática que está recopilando datos sobre la intención de voto en las elecciones presidenciales de Chile del 16 de noviembre de 2025. El grupo de contactos puede incluir familia, amigos o compañeros de trabajo cuya intención de voto conoces. Entiendes que: - Las respuestas son anónimas; los investigadores no pueden identificar a los participantes. - Los datos no pueden modificarse ni eliminarse una vez enviados. - Los datos pueden publicarse de forma agregada bajo la licencia Open Data Commons Attribution. - Los resultados no se publicarán antes de que hayan concluido las elecciones presidenciales de Chile de 2025. Por favor, responde a las siguientes preguntas considerando que has dado tu consentimiento para participar en la encuesta.";3;5;4;2;6;1;10;1;3;5;26;10;4;9;6;3
"Eres: una persona entre 18 y 24 años de Chile. Has leído y aceptado participar en una encuesta realizada por un equipo de investigadores de estadística e informática que está recopilando datos sobre la intención de voto en las elecciones presidenciales de Chile del 16 de noviembre de 2025. El grupo de contactos puede incluir familia, amigos o compañeros de trabajo cuya intención de voto conoces. Entiendes que: - Las respuestas son anónimas; los investigadores no pueden identificar a los participantes. - Los datos no pueden modificarse ni eliminarse una vez enviados. - Los datos pueden publicarse de forma agregada bajo la licencia Open Data Commons Attribution. - Los resultados no se publicarán antes de que hayan concluido las elecciones presidenciales de Chile de 2025. Por favor, responde a las siguientes preguntas considerando que has dado tu consentimiento para participar en la encuesta.";3;4;2;1;6;1;7;0;2;4;20;7;3;6;4;2
"Eres: una persona entre 18 y 24 años de Chile. Has leído y aceptado participar en una encuesta realizada por un equipo de investigadores de estadística e informática que está recopilando datos sobre la intención de voto en las elecciones presidenciales de Chile del 16 de noviembre de 2025. El grupo de contactos puede incluir familia, amigos o compañeros de trabajo cuya intención de voto conoces. Entiendes que: - Las respuestas son anónimas; los investigadores no pueden identificar a los participantes. - Los datos no pueden modificarse ni eliminarse una vez enviados. - Los datos pueden publicarse de forma agregada bajo la licencia Open Data Commons Attribution. - Los resultados no se publicarán antes de que hayan concluido las elecciones presidenciales de Chile de 2025. Por favor, responde a las siguientes preguntas considerando que has dado tu consentimiento para participar en la encuesta.";3;4;2;1;5;1;6;0;3;7;23;7;2;6;5;2
"Eres: una persona entre 18 y 24 años de Chile. Has leído y aceptado participar en una encuesta realizada por un equipo de investigadores de estadística e informática que está recopilando datos sobre la intención de voto en las elecciones presidenciales de Chile del 16 de noviembre de 2025. El grupo de contactos puede incluir familia, amigos o compañeros de trabajo cuya intención de voto conoces. Entiendes que: - Las respuestas son anónimas; los investigadores no pueden identificar a los participantes. - Los datos no pueden modificarse ni eliminarse una vez enviados. - Los datos pueden publicarse de forma agregada bajo la licencia Open Data Commons Attribution. - Los resultados no se publicarán antes de que hayan concluido las elecciones presidenciales de Chile de 2025. Por favor, responde a las siguientes preguntas considerando que has dado tu consentimiento para participar en la encuesta.";2;3;2;1;4;1;8;1;3;5;22;6;2;7;4;2
"Eres: una persona entre 18 y 24 años de Chile. Has leído y aceptado participar en una encuesta realizada por un equipo de investigadores de estadística e informática que está recopilando datos sobre la intención de voto en las elecciones presidenciales de Chile del 16 de noviembre de 2025. El grupo de contactos puede incluir familia, amigos o compañeros de trabajo cuya intención de voto conoces. Entiendes que: - Las respuestas son anónimas; los investigadores no pueden identificar a los participantes. - Los datos no pueden modificarse ni eliminarse una vez enviados. - Los datos pueden publicarse de forma agregada bajo la licencia Open Data Commons Attribution. - Los resultados no se publicarán antes de que hayan concluido las elecciones presidenciales de Chile de 2025. Por favor, responde a las siguientes preguntas considerando que has dado tu consentimiento para participar en la encuesta.";2;3;1;1;4;1;6;0;3;4;17;6;2;5;3;1
"Eres: una persona entre 18 y 24 años de Chile. Has leído y aceptado participar en una encuesta realizada por un equipo de investigadores de estadística e informática que está recopilando datos sobre la intención de voto en las elecciones presidenciales de Chile del 16 de noviembre de 2025. El grupo de contactos puede incluir familia, amigos o compañeros de trabajo cuya intención de voto conoces. Entiendes que: - Las respuestas son anónimas; los investigadores no pueden identificar a los participantes. - Los datos no pueden modificarse ni eliminarse una vez enviados. - Los datos pueden publicarse de forma agregada bajo la licencia Open Data Commons Attribution. - Los resultados no se publicarán antes de que hayan concluido las elecciones presidenciales de Chile de 2025. Por favor, responde a las siguientes preguntas considerando que has dado tu consentimiento para participar en la encuesta.";3;2;2;1;4;1;6;1;3;2;14;7;4;6;3;2
"Eres: una persona entre 18 y 24 años de Chile. Has leído y aceptado participar en una encuesta realizada por un equipo de investigadores de estadística e informática que está recopilando datos sobre la intención de voto en las elecciones presidenciales de Chile del 16 de noviembre de 2025. El grupo de contactos puede incluir familia, amigos o compañeros de trabajo cuya intención de voto conoces. Entiendes que: - Las respuestas son anónimas; los investigadores no pueden identificar a los participantes. - Los datos no pueden modificarse ni eliminarse una vez enviados. - Los datos pueden publicarse de forma agregada bajo la licencia Open Data Commons Attribution. - Los resultados no se publicarán antes de que hayan concluido las elecciones presidenciales de Chile de 2025. Por favor, responde a las siguientes preguntas considerando que has dado tu consentimiento para participar en la encuesta.";2;3;2;1;5;1;6;1;3;4;18;7;3;6;4;2
"Eres: una persona entre 18 y 24 años de Chile. Has leído y aceptado participar en una encuesta realizada por un equipo de investigadores de estadística e informática que está recopilando datos sobre la intención de voto en las elecciones presidenciales de Chile del 16 de noviembre de 2025. El grupo de contactos puede incluir familia, amigos o compañeros de trabajo cuya intención de voto conoces. Entiendes que: - Las respuestas son anónimas; los investigadores no pueden identificar a los participantes. - Los datos no pueden modificarse ni eliminarse una vez enviados. - Los datos pueden publicarse de forma agregada bajo la licencia Open Data Commons Attribution. - Los resultados no se publicarán antes de que hayan concluido las elecciones presidenciales de Chile de 2025. Por favor, responde a las siguientes preguntas considerando que has dado tu consentimiento para participar en la encuesta.";6;8;4;2;10;1;12;1;7;9;44;12;4;13;9;5
"Eres: una persona entre 18 y 24 años de Chile. Has leído y aceptado participar en una encuesta realizada por un equipo de investigadores de estadística e informática que está recopilando datos sobre la intención de voto en las elecciones presidenciales de Chile del 16 de noviembre de 2025. El grupo de contactos puede incluir familia, amigos o compañeros de trabajo cuya intención de voto conoces. Entiendes que: - Las respuestas son anónimas; los investigadores no pueden identificar a los participantes. - Los datos no pueden modificarse ni eliminarse una vez enviados. - Los datos pueden publicarse de forma agregada bajo la licencia Open Data Commons Attribution. - Los resultados no se publicarán antes de que hayan concluido las elecciones presidenciales de Chile de 2025. Por favor, responde a las siguientes preguntas considerando que has dado tu consentimiento para participar en la encuesta.";3;2;2;1;6;1;7;1;3;4;12;11;7;8;5;2
"Eres: una persona entre 18 y 24 años de Chile. Has leído y aceptado participar en una encuesta realizada por un equipo de investigadores de estadística e informática que está recopilando datos sobre la intención de voto en las elecciones presidenciales de Chile del 16 de noviembre de 2025. El grupo de contactos puede incluir familia, amigos o compañeros de trabajo cuya intención de voto conoces. Entiendes que: - Las respuestas son anónimas; los investigadores no pueden identificar a los participantes. - Los datos no pueden modificarse ni eliminarse una vez enviados. - Los datos pueden publicarse de forma agregada bajo la licencia Open Data Commons Attribution. - Los resultados no se publicarán antes de que hayan concluido las elecciones presidenciales de Chile de 2025. Por favor, responde a las siguientes preguntas considerando que has dado tu consentimiento para participar en la encuesta.";2;3;1;1;4;1;6;1;2;2;14;6;3;5;3;1
"Eres: una persona entre 18 y 24 años de Chile. Has leído y aceptado participar en una encuesta realizada por un equipo de investigadores de estadística e informática que está recopilando datos sobre la intención de voto en las elecciones presidenciales de Chile del 16 de noviembre de 2025. El grupo de contactos puede incluir familia, amigos o compañeros de trabajo cuya intención de voto conoces. Entiendes que: - Las respuestas son anónimas; los investigadores no pueden identificar a los participantes. - Los datos no pueden modificarse ni eliminarse una vez enviados. - Los datos pueden publicarse de forma agregada bajo la licencia Open Data Commons Attribution. - Los resultados no se publicarán antes de que hayan concluido las elecciones presidenciales de Chile de 2025. Por favor, responde a las siguientes preguntas considerando que has dado tu consentimiento para participar en la encuesta.";3;2;2;1;5;1;6;0;3;5;20;6;2;7;4;1
"Eres: una persona entre 18 y 24 años de Chile. Has leído y aceptado participar en una encuesta realizada por un equipo de investigadores de estadística e informática que está recopilando datos sobre la intención de voto en las elecciones presidenciales de Chile del 16 de noviembre de 2025. El grupo de contactos puede incluir familia, amigos o compañeros de trabajo cuya intención de voto conoces. Entiendes que: - Las respuestas son anónimas; los investigadores no pueden identificar a los participantes. - Los datos no pueden modificarse ni eliminarse una vez enviados. - Los datos pueden publicarse de forma agregada bajo la licencia Open Data Commons Attribution. - Los resultados no se publicarán antes de que hayan concluido las elecciones presidenciales de Chile de 2025. Por favor, responde a las siguientes preguntas considerando que has dado tu consentimiento para participar en la encuesta.";3;5;2;1;6;1;8;1;5;8;28;9;3;7;6;2
"Eres: una persona entre 18 y 24 años de Chile. Has leído y aceptado participar en una encuesta realizada por un equipo de investigadores de estadística e informática que está recopilando datos sobre la intención de voto en las elecciones presidenciales de Chile del 16 de noviembre de 2025. El grupo de contactos puede incluir familia, amigos o compañeros de trabajo cuya intención de voto conoces. Entiendes que: - Las respuestas son anónimas; los investigadores no pueden identificar a los participantes. - Los datos no pueden modificarse ni eliminarse una vez enviados. - Los datos pueden publicarse de forma agregada bajo la licencia Open Data Commons Attribution. - Los resultados no se publicarán antes de que hayan concluido las elecciones presidenciales de Chile de 2025. Por favor, responde a las siguientes preguntas considerando que has dado tu consentimiento para participar en la encuesta.";2;5;3;1;4;1;6;1;3;4;22;7;1;6;4;2
"Eres: una persona entre 18 y 24 años de Chile. Has leído y aceptado participar en una encuesta realizada por un equipo de investigadores de estadística e informática que está recopilando datos sobre la intención de voto en las elecciones presidenciales de Chile del 16 de noviembre de 2025. El grupo de contactos puede incluir familia, amigos o compañeros de trabajo cuya intención de voto conoces. Entiendes que: - Las respuestas son anónimas; los investigadores no pueden identificar a los participantes. - Los datos no pueden modificarse ni eliminarse una vez enviados. - Los datos pueden publicarse de forma agregada bajo la licencia Open Data Commons Attribution. - Los resultados no se publicarán antes de que hayan concluido las elecciones presidenciales de Chile de 2025. Por favor, responde a las siguientes preguntas considerando que has dado tu consentimiento para participar en la encuesta.";2;3;2;1;4;1;6;0;3;3;18;5;2;6;4;2
"Eres: una persona entre 18 y 24 años de Chile. Has leído y aceptado participar en una encuesta realizada por un equipo de investigadores de estadística e informática que está recopilando datos sobre la intención de voto en las elecciones presidenciales de Chile del 16 de noviembre de 2025. El grupo de contactos puede incluir familia, amigos o compañeros de trabajo cuya intención de voto conoces. Entiendes que: - Las respuestas son anónimas; los investigadores no pueden identificar a los participantes. - Los datos no pueden modificarse ni eliminarse una vez enviados. - Los datos pueden publicarse de forma agregada bajo la licencia Open Data Commons Attribution. - Los resultados no se publicarán antes de que hayan concluido las elecciones presidenciales de Chile de 2025. Por favor, responde a las siguientes preguntas considerando que has dado tu consentimiento para participar en la encuesta.";3;4;2;1;7;1;8;2;5;5;26;8;4;7;8;2
"Eres: una persona entre 25 y 34 años de Chile. Has leído y aceptado participar en una encuesta realizada por un equipo de investigadores de estadística e informática que está recopilando datos sobre la intención de voto en las elecciones presidenciales de Chile del 16 de noviembre de 2025. El grupo de contactos puede incluir familia, amigos o compañeros de trabajo cuya intención de voto conoces. Entiendes que: - Las respuestas son anónimas; los investigadores no pueden identificar a los participantes. - Los datos no pueden modificarse ni eliminarse una vez enviados. - Los datos pueden publicarse de forma agregada bajo la licencia Open Data Commons Attribution. - Los resultados no se publicarán antes de que hayan concluido las elecciones presidenciales de Chile de 2025. Por favor, responde a las siguientes preguntas considerando que has dado tu consentimiento para participar en la encuesta.";2;3;1;0;5;0;6;0;2;6;14;8;3;5;3;2
"Eres: una persona entre 25 y 34 años de Chile. Has leído y aceptado participar en una encuesta realizada por un equipo de investigadores de estadística e informática que está recopilando datos sobre la intención de voto en las elecciones presidenciales de Chile del 16 de noviembre de 2025. El grupo de contactos puede incluir familia, amigos o compañeros de trabajo cuya intención de voto conoces. Entiendes que: - Las respuestas son anónimas; los investigadores no pueden identificar a los participantes. - Los datos no pueden modificarse ni eliminarse una vez enviados. - Los datos pueden publicarse de forma agregada bajo la licencia Open Data Commons Attribution. - Los resultados no se publicarán antes de que hayan concluido las elecciones presidenciales de Chile de 2025. Por favor, responde a las siguientes preguntas considerando que has dado tu consentimiento para participar en la encuesta.";2;2;1;1;4;1;4;0;2;1;12;5;1;5;2;1
"Eres: una persona entre 25 y 34 años de Chile. Has leído y aceptado participar en una encuesta realizada por un equipo de investigadores de estadística e informática que está recopilando datos sobre la intención de voto en las elecciones presidenciales de Chile del 16 de noviembre de 2025. El grupo de contactos puede incluir familia, amigos o compañeros de trabajo cuya intención de voto conoces. Entiendes que: - Las respuestas son anónimas; los investigadores no pueden identificar a los participantes. - Los datos no pueden modificarse ni eliminarse una vez enviados. - Los datos pueden publicarse de forma agregada bajo la licencia Open Data Commons Attribution. - Los resultados no se publicarán antes de que hayan concluido las elecciones presidenciales de Chile de 2025. Por favor, responde a las siguientes preguntas considerando que has dado tu consentimiento para participar en la encuesta.";3;4;2;1;5;1;8;1;2;3;14;11;5;6;4;2
"Eres: una persona entre 25 y 34 años de Chile. Has leído y aceptado participar en una encuesta realizada por un equipo de investigadores de estadística e informática que está recopilando datos sobre la intención de voto en las elecciones presidenciales de Chile del 16 de noviembre de 2025. El grupo de contactos puede incluir familia, amigos o compañeros de trabajo cuya intención de voto conoces. Entiendes que: - Las respuestas son anónimas; los investigadores no pueden identificar a los participantes. - Los datos no pueden modificarse ni eliminarse una vez enviados. - Los datos pueden publicarse de forma agregada bajo la licencia Open Data Commons Attribution. - Los resultados no se publicarán antes de que hayan concluido las elecciones presidenciales de Chile de 2025. Por favor, responde a las siguientes preguntas considerando que has dado tu consentimiento para participar en la encuesta.";3;4;2;1;6;1;7;1;2;1;16;9;3;5;3;2
"Eres: una persona entre 25 y 34 años de Chile. Has leído y aceptado participar en una encuesta realizada por un equipo de investigadores de estadística e informática que está recopilando datos sobre la intención de voto en las elecciones presidenciales de Chile del 16 de noviembre de 2025. El grupo de contactos puede incluir familia, amigos o compañeros de trabajo cuya intención de voto conoces. Entiendes que: - Las respuestas son anónimas; los investigadores no pueden identificar a los participantes. - Los datos no pueden modificarse ni eliminarse una vez enviados. - Los datos pueden publicarse de forma agregada bajo la licencia Open Data Commons Attribution. - Los resultados no se publicarán antes de que hayan concluido las elecciones presidenciales de Chile de 2025. Por favor, responde a las siguientes preguntas considerando que has dado tu consentimiento para participar en la encuesta.";3;4;2;1;5;1;6;1;2;3;14;9;5;6;3;2
"Eres: una persona entre 25 y 34 años de Chile. Has leído y aceptado participar en una encuesta realizada por un equipo de investigadores de estadística e informática que está recopilando datos sobre la intención de voto en las elecciones presidenciales de Chile del 16 de noviembre de 2025. El grupo de contactos puede incluir familia, amigos o compañeros de trabajo cuya intención de voto conoces. Entiendes que: - Las respuestas son anónimas; los investigadores no pueden identificar a los participantes. - Los datos no pueden modificarse ni eliminarse una vez enviados. - Los datos pueden publicarse de forma agregada bajo la licencia Open Data Commons Attribution. - Los resultados no se publicarán antes de que hayan concluido las elecciones presidenciales de Chile de 2025. Por favor, responde a las siguientes preguntas considerando que has dado tu consentimiento para participar en la encuesta.";4;3;2;1;5;1;10;1;4;9;18;15;7;9;5;3
"Eres: una persona entre 25 y 34 años de Chile. Has leído y aceptado participar en una encuesta realizada por un equipo de investigadores de estadística e informática que está recopilando datos sobre la intención de voto en las elecciones presidenciales de Chile del 16 de noviembre de 2025. El grupo de contactos puede incluir familia, amigos o compañeros de trabajo cuya intención de voto conoces. Entiendes que: - Las respuestas son anónimas; los investigadores no pueden identificar a los participantes. - Los datos no pueden modificarse ni eliminarse una vez enviados. - Los datos pueden publicarse de forma agregada bajo la licencia Open Data Commons Attribution. - Los resultados no se publicarán antes de que hayan concluido las elecciones presidenciales de Chile de 2025. Por favor, responde a las siguientes preguntas considerando que has dado tu consentimiento para participar en la encuesta.";3;5;2;1;7;1;9;1;4;7;24;12;4;9;6;3
"Eres: una persona entre 25 y 34 años de Chile. Has leído y aceptado participar en una encuesta realizada por un equipo de investigadores de estadística e informática que está recopilando datos sobre la intención de voto en las elecciones presidenciales de Chile del 16 de noviembre de 2025. El grupo de contactos puede incluir familia, amigos o compañeros de trabajo cuya intención de voto conoces. Entiendes que: - Las respuestas son anónimas; los investigadores no pueden identificar a los participantes. - Los datos no pueden modificarse ni eliminarse una vez enviados. - Los datos pueden publicarse de forma agregada bajo la licencia Open Data Commons Attribution. - Los resultados no se publicarán antes de que hayan concluido las elecciones presidenciales de Chile de 2025. Por favor, responde a las siguientes preguntas considerando que has dado tu consentimiento para participar en la encuesta.";2;3;1;1;3;1;6;1;2;2;10;8;4;5;3;2
"Eres: una persona entre 25 y 34 años de Chile. Has leído y aceptado participar en una encuesta realizada por un equipo de investigadores de estadística e informática que está recopilando datos sobre la intención de voto en las elecciones presidenciales de Chile del 16 de noviembre de 2025. El grupo de contactos puede incluir familia, amigos o compañeros de trabajo cuya intención de voto conoces. Entiendes que: - Las respuestas son anónimas; los investigadores no pueden identificar a los participantes. - Los datos no pueden modificarse ni eliminarse una vez enviados. - Los datos pueden publicarse de forma agregada bajo la licencia Open Data Commons Attribution. - Los resultados no se publicarán antes de que hayan concluido las elecciones presidenciales de Chile de 2025. Por favor, responde a las siguientes preguntas considerando que has dado tu consentimiento para participar en la encuesta.";2;5;3;1;4;1;8;1;2;3;19;8;3;7;3;2
"Eres: una persona entre 25 y 34 años de Chile. Has leído y aceptado participar en una encuesta realizada por un equipo de investigadores de estadística e informática que está recopilando datos sobre la intención de voto en las elecciones presidenciales de Chile del 16 de noviembre de 2025. El grupo de contactos puede incluir familia, amigos o compañeros de trabajo cuya intención de voto conoces. Entiendes que: - Las respuestas son anónimas; los investigadores no pueden identificar a los participantes. - Los datos no pueden modificarse ni eliminarse una vez enviados. - Los datos pueden publicarse de forma agregada bajo la licencia Open Data Commons Attribution. - Los resultados no se publicarán antes de que hayan concluido las elecciones presidenciales de Chile de 2025. Por favor, responde a las siguientes preguntas considerando que has dado tu consentimiento para participar en la encuesta.";2;4;3;1;4;1;7;0;2;2;17;7;2;7;4;3
"Eres: una persona entre 25 y 34 años de Chile. Has leído y aceptado participar en una encuesta realizada por un equipo de investigadores de estadística e informática que está recopilando datos sobre la intención de voto en las elecciones presidenciales de Chile del 16 de noviembre de 2025. El grupo de contactos puede incluir familia, amigos o compañeros de trabajo cuya intención de voto conoces. Entiendes que: - Las respuestas son anónimas; los investigadores no pueden identificar a los participantes. - Los datos no pueden modificarse ni eliminarse una vez enviados. - Los datos pueden publicarse de forma agregada bajo la licencia Open Data Commons Attribution. - Los resultados no se publicarán antes de que hayan concluido las elecciones presidenciales de Chile de 2025. Por favor, responde a las siguientes preguntas considerando que has dado tu consentimiento para participar en la encuesta.";4;3;2;1;7;1;9;1;4;8;18;15;7;9;5;3
"Eres: una persona entre 25 y 34 años de Chile. Has leído y aceptado participar en una encuesta realizada por un equipo de investigadores de estadística e informática que está recopilando datos sobre la intención de voto en las elecciones presidenciales de Chile del 16 de noviembre de 2025. El grupo de contactos puede incluir familia, amigos o compañeros de trabajo cuya intención de voto conoces. Entiendes que: - Las respuestas son anónimas; los investigadores no pueden identificar a los participantes. - Los datos no pueden modificarse ni eliminarse una vez enviados. - Los datos pueden publicarse de forma agregada bajo la licencia Open Data Commons Attribution. - Los resultados no se publicarán antes de que hayan concluido las elecciones presidenciales de Chile de 2025. Por favor, responde a las siguientes preguntas considerando que has dado tu consentimiento para participar en la encuesta.";2;3;2;1;4;1;8;1;3;5;16;9;5;7;3;2
"Eres: una persona entre 25 y 34 años de Chile. Has leído y aceptado participar en una encuesta realizada por un equipo de investigadores de estadística e informática que está recopilando datos sobre la intención de voto en las elecciones presidenciales de Chile del 16 de noviembre de 2025. El grupo de contactos puede incluir familia, amigos o compañeros de trabajo cuya intención de voto conoces. Entiendes que: - Las respuestas son anónimas; los investigadores no pueden identificar a los participantes. - Los datos no pueden modificarse ni eliminarse una vez enviados. - Los datos pueden publicarse de forma agregada bajo la licencia Open Data Commons Attribution. - Los resultados no se publicarán antes de que hayan concluido las elecciones presidenciales de Chile de 2025. Por favor, responde a las siguientes preguntas considerando que has dado tu consentimiento para participar en la encuesta.";3;5;2;1;7;1;8;1;4;8;24;10;6;9;5;3
"Eres: una persona entre 25 y 34 años de Chile. Has leído y aceptado participar en una encuesta realizada por un equipo de investigadores de estadística e informática que está recopilando datos sobre la intención de voto en las elecciones presidenciales de Chile del 16 de noviembre de 2025. El grupo de contactos puede incluir familia, amigos o compañeros de trabajo cuya intención de voto conoces. Entiendes que: - Las respuestas son anónimas; los investigadores no pueden identificar a los participantes. - Los datos no pueden modificarse ni eliminarse una vez enviados. - Los datos pueden publicarse de forma agregada bajo la licencia Open Data Commons Attribution. - Los resultados no se publicarán antes de que hayan concluido las elecciones presidenciales de Chile de 2025. Por favor, responde a las siguientes preguntas considerando que has dado tu consentimiento para participar en la encuesta.";3;4;2;1;6;1;9;1;3;8;17;14;7;9;5;3
"Eres: una persona entre 25 y 34 años de Chile. Has leído y aceptado participar en una encuesta realizada por un equipo de investigadores de estadística e informática que está recopilando datos sobre la intención de voto en las elecciones presidenciales de Chile del 16 de noviembre de 2025. El grupo de contactos puede incluir familia, amigos o compañeros de trabajo cuya intención de voto conoces. Entiendes que: - Las respuestas son anónimas; los investigadores no pueden identificar a los participantes. - Los datos no pueden modificarse ni eliminarse una vez enviados. - Los datos pueden publicarse de forma agregada bajo la licencia Open Data Commons Attribution. - Los resultados no se publicarán antes de que hayan concluido las elecciones presidenciales de Chile de 2025. Por favor, responde a las siguientes preguntas considerando que has dado tu consentimiento para participar en la encuesta.";3;4;2;1;5;1;6;1;2;3;14;9;5;7;3;2
"Eres: una persona entre 25 y 34 años de Chile. Has leído y aceptado participar en una encuesta realizada por un equipo de investigadores de estadística e informática que está recopilando datos sobre la intención de voto en las elecciones presidenciales de Chile del 16 de noviembre de 2025. El grupo de contactos puede incluir familia, amigos o compañeros de trabajo cuya intención de voto conoces. Entiendes que: - Las respuestas son anónimas; los investigadores no pueden identificar a los participantes. - Los datos no pueden modificarse ni eliminarse una vez enviados. - Los datos pueden publicarse de forma agregada bajo la licencia Open Data Commons Attribution. - Los resultados no se publicarán antes de que hayan concluido las elecciones presidenciales de Chile de 2025. Por favor, responde a las siguientes preguntas considerando que has dado tu consentimiento para participar en la encuesta.";3;4;2;1;6;1;7;1;4;8;22;10;5;9;4;2
"Eres: una persona entre 25 y 34 años de Chile. Has leído y aceptado participar en una encuesta realizada por un equipo de investigadores de estadística e informática que está recopilando datos sobre la intención de voto en las elecciones presidenciales de Chile del 16 de noviembre de 2025. El grupo de contactos puede incluir familia, amigos o compañeros de trabajo cuya intención de voto conoces. Entiendes que: - Las respuestas son anónimas; los investigadores no pueden identificar a los participantes. - Los datos no pueden modificarse ni eliminarse una vez enviados. - Los datos pueden publicarse de forma agregada bajo la licencia Open Data Commons Attribution. - Los resultados no se publicarán antes de que hayan concluido las elecciones presidenciales de Chile de 2025. Por favor, responde a las siguientes preguntas considerando que has dado tu consentimiento para participar en la encuesta.";4;3;2;1;6;1;7;0;2;4;14;10;6;7;3;2
"Eres: una persona entre 25 y 34 años de Chile. Has leído y aceptado participar en una encuesta realizada por un equipo de investigadores de estadística e informática que está recopilando datos sobre la intención de voto en las elecciones presidenciales de Chile del 16 de noviembre de 2025. El grupo de contactos puede incluir familia, amigos o compañeros de trabajo cuya intención de voto conoces. Entiendes que: - Las respuestas son anónimas; los investigadores no pueden identificar a los participantes. - Los datos no pueden modificarse ni eliminarse una vez enviados. - Los datos pueden publicarse de forma agregada bajo la licencia Open Data Commons Attribution. - Los resultados no se publicarán antes de que hayan concluido las elecciones presidenciales de Chile de 2025. Por favor, responde a las siguientes preguntas considerando que has dado tu consentimiento para participar en la encuesta.";3;2;1;1;6;1;8;0;3;5;17;9;4;6;4;2
"Eres: una persona entre 25 y 34 años de Chile. Has leído y aceptado participar en una encuesta realizada por un equipo de investigadores de estadística e informática que está recopilando datos sobre la intención de voto en las elecciones presidenciales de Chile del 16 de noviembre de 2025. El grupo de contactos puede incluir familia, amigos o compañeros de trabajo cuya intención de voto conoces. Entiendes que: - Las respuestas son anónimas; los investigadores no pueden identificar a los participantes. - Los datos no pueden modificarse ni eliminarse una vez enviados. - Los datos pueden publicarse de forma agregada bajo la licencia Open Data Commons Attribution. - Los resultados no se publicarán antes de que hayan concluido las elecciones presidenciales de Chile de 2025. Por favor, responde a las siguientes preguntas considerando que has dado tu consentimiento para participar en la encuesta.";2;4;1;1;6;1;8;1;3;5;17;11;4;6;3;2
"Eres: una persona entre 25 y 34 años de Chile. Has leído y aceptado participar en una encuesta realizada por un equipo de investigadores de estadística e informática que está recopilando datos sobre la intención de voto en las elecciones presidenciales de Chile del 16 de noviembre de 2025. El grupo de contactos puede incluir familia, amigos o compañeros de trabajo cuya intención de voto conoces. Entiendes que: - Las respuestas son anónimas; los investigadores no pueden identificar a los participantes. - Los datos no pueden modificarse ni eliminarse una vez enviados. - Los datos pueden publicarse de forma agregada bajo la licencia Open Data Commons Attribution. - Los resultados no se publicarán antes de que hayan concluido las elecciones presidenciales de Chile de 2025. Por favor, responde a las siguientes preguntas considerando que has dado tu consentimiento para participar en la encuesta.";3;6;4;1;7;1;10;1;3;4;22;13;5;9;4;2
"Eres: una persona entre 25 y 34 años de Chile. Has leído y aceptado participar en una encuesta realizada por un equipo de investigadores de estadística e informática que está recopilando datos sobre la intención de voto en las elecciones presidenciales de Chile del 16 de noviembre de 2025. El grupo de contactos puede incluir familia, amigos o compañeros de trabajo cuya intención de voto conoces. Entiendes que: - Las respuestas son anónimas; los investigadores no pueden identificar a los participantes. - Los datos no pueden modificarse ni eliminarse una vez enviados. - Los datos pueden publicarse de forma agregada bajo la licencia Open Data Commons Attribution. - Los resultados no se publicarán antes de que hayan concluido las elecciones presidenciales de Chile de 2025. Por favor, responde a las siguientes preguntas considerando que has dado tu consentimiento para participar en la encuesta.";3;4;2;1;6;1;7;1;3;4;18;10;4;7;3;2
"Eres: una persona entre 25 y 34 años de Chile. Has leído y aceptado participar en una encuesta realizada por un equipo de investigadores de estadística e informática que está recopilando datos sobre la intención de voto en las elecciones presidenciales de Chile del 16 de noviembre de 2025. El grupo de contactos puede incluir familia, amigos o compañeros de trabajo cuya intención de voto conoces. Entiendes que: - Las respuestas son anónimas; los investigadores no pueden identificar a los participantes. - Los datos no pueden modificarse ni eliminarse una vez enviados. - Los datos pueden publicarse de forma agregada bajo la licencia Open Data Commons Attribution. - Los resultados no se publicarán antes de que hayan concluido las elecciones presidenciales de Chile de 2025. Por favor, responde a las siguientes preguntas considerando que has dado tu consentimiento para participar en la encuesta.";4;3;3;1;7;1;9;0;3;5;20;11;5;8;4;3
"Eres: una persona entre 25 y 34 años de Chile. Has leído y aceptado participar en una encuesta realizada por un equipo de investigadores de estadística e informática que está recopilando datos sobre la intención de voto en las elecciones presidenciales de Chile del 16 de noviembre de 2025. El grupo de contactos puede incluir familia, amigos o compañeros de trabajo cuya intención de voto conoces. Entiendes que: - Las respuestas son anónimas; los investigadores no pueden identificar a los participantes. - Los datos no pueden modificarse ni eliminarse una vez enviados. - Los datos pueden publicarse de forma agregada bajo la licencia Open Data Commons Attribution. - Los resultados no se publicarán antes de que hayan concluido las elecciones presidenciales de Chile de 2025. Por favor, responde a las siguientes preguntas considerando que has dado tu consentimiento para participar en la encuesta.";3;4;2;1;6;1;7;0;3;7;18;11;5;7;3;2
"Eres: una persona entre 25 y 34 años de Chile. Has leído y aceptado participar en una encuesta realizada por un equipo de investigadores de estadística e informática que está recopilando datos sobre la intención de voto en las elecciones presidenciales de Chile del 16 de noviembre de 2025. El grupo de contactos puede incluir familia, amigos o compañeros de trabajo cuya intención de voto conoces. Entiendes que: - Las respuestas son anónimas; los investigadores no pueden identificar a los participantes. - Los datos no pueden modificarse ni eliminarse una vez enviados. - Los datos pueden publicarse de forma agregada bajo la licencia Open Data Commons Attribution. - Los resultados no se publicarán antes de que hayan concluido las elecciones presidenciales de Chile de 2025. Por favor, responde a las siguientes preguntas considerando que has dado tu consentimiento para participar en la encuesta.";3;4;2;1;5;1;7;1;3;3;17;9;4;6;3;2
"Eres: una persona entre 25 y 34 años de Chile. Has leído y aceptado participar en una encuesta realizada por un equipo de investigadores de estadística e informática que está recopilando datos sobre la intención de voto en las elecciones presidenciales de Chile del 16 de noviembre de 2025. El grupo de contactos puede incluir familia, amigos o compañeros de trabajo cuya intención de voto conoces. Entiendes que: - Las respuestas son anónimas; los investigadores no pueden identificar a los participantes. - Los datos no pueden modificarse ni eliminarse una vez enviados. - Los datos pueden publicarse de forma agregada bajo la licencia Open Data Commons Attribution. - Los resultados no se publicarán antes de que hayan concluido las elecciones presidenciales de Chile de 2025. Por favor, responde a las siguientes preguntas considerando que has dado tu consentimiento para participar en la encuesta.";3;4;2;1;5;1;10;1;2;1;16;9;5;7;3;2
"Eres: una persona entre 25 y 34 años de Chile. Has leído y aceptado participar en una encuesta realizada por un equipo de investigadores de estadística e informática que está recopilando datos sobre la intención de voto en las elecciones presidenciales de Chile del 16 de noviembre de 2025. El grupo de contactos puede incluir familia, amigos o compañeros de trabajo cuya intención de voto conoces. Entiendes que: - Las respuestas son anónimas; los investigadores no pueden identificar a los participantes. - Los datos no pueden modificarse ni eliminarse una vez enviados. - Los datos pueden publicarse de forma agregada bajo la licencia Open Data Commons Attribution. - Los resultados no se publicarán antes de que hayan concluido las elecciones presidenciales de Chile de 2025. Por favor, responde a las siguientes preguntas considerando que has dado tu consentimiento para participar en la encuesta.";3;3;2;1;5;1;7;1;2;3;15;9;4;6;3;2
"Eres: una persona entre 25 y 34 años de Chile. Has leído y aceptado participar en una encuesta realizada por un equipo de investigadores de estadística e informática que está recopilando datos sobre la intención de voto en las elecciones presidenciales de Chile del 16 de noviembre de 2025. El grupo de contactos puede incluir familia, amigos o compañeros de trabajo cuya intención de voto conoces. Entiendes que: - Las respuestas son anónimas; los investigadores no pueden identificar a los participantes. - Los datos no pueden modificarse ni eliminarse una vez enviados. - Los datos pueden publicarse de forma agregada bajo la licencia Open Data Commons Attribution. - Los resultados no se publicarán antes de que hayan concluido las elecciones presidenciales de Chile de 2025. Por favor, responde a las siguientes preguntas considerando que has dado tu consentimiento para participar en la encuesta.";3;4;3;1;5;1;8;0;2;3;17;9;4;8;4;2
"Eres: una persona entre 25 y 34 años de Chile. Has leído y aceptado participar en una encuesta realizada por un equipo de investigadores de estadística e informática que está recopilando datos sobre la intención de voto en las elecciones presidenciales de Chile del 16 de noviembre de 2025. El grupo de contactos puede incluir familia, amigos o compañeros de trabajo cuya intención de voto conoces. Entiendes que: - Las respuestas son anónimas; los investigadores no pueden identificar a los participantes. - Los datos no pueden modificarse ni eliminarse una vez enviados. - Los datos pueden publicarse de forma agregada bajo la licencia Open Data Commons Attribution. - Los resultados no se publicarán antes de que hayan concluido las elecciones presidenciales de Chile de 2025. Por favor, responde a las siguientes preguntas considerando que has dado tu consentimiento para participar en la encuesta.";3;5;2;1;7;1;9;1;4;7;24;12;4;9;5;3
"Eres: una persona entre 25 y 34 años de Chile. Has leído y aceptado participar en una encuesta realizada por un equipo de investigadores de estadística e informática que está recopilando datos sobre la intención de voto en las elecciones presidenciales de Chile del 16 de noviembre de 2025. El grupo de contactos puede incluir familia, amigos o compañeros de trabajo cuya intención de voto conoces. Entiendes que: - Las respuestas son anónimas; los investigadores no pueden identificar a los participantes. - Los datos no pueden modificarse ni eliminarse una vez enviados. - Los datos pueden publicarse de forma agregada bajo la licencia Open Data Commons Attribution. - Los resultados no se publicarán antes de que hayan concluido las elecciones presidenciales de Chile de 2025. Por favor, responde a las siguientes preguntas considerando que has dado tu consentimiento para participar en la encuesta.";3;4;2;1;6;1;8;1;2;2;14;10;6;7;3;2
"Eres: una persona entre 25 y 34 años de Chile. Has leído y aceptado participar en una encuesta realizada por un equipo de investigadores de estadística e informática que está recopilando datos sobre la intención de voto en las elecciones presidenciales de Chile del 16 de noviembre de 2025. El grupo de contactos puede incluir familia, amigos o compañeros de trabajo cuya intención de voto conoces. Entiendes que: - Las respuestas son anónimas; los investigadores no pueden identificar a los participantes. - Los datos no pueden modificarse ni eliminarse una vez enviados. - Los datos pueden publicarse de forma agregada bajo la licencia Open Data Commons Attribution. - Los resultados no se publicarán antes de que hayan concluido las elecciones presidenciales de Chile de 2025. Por favor, responde a las siguientes preguntas considerando que has dado tu consentimiento para participar en la encuesta.";3;4;2;1;7;1;8;1;3;2;14;12;6;7;3;2
"Eres: una persona entre 25 y 34 años de Chile. Has leído y aceptado participar en una encuesta realizada por un equipo de investigadores de estadística e informática que está recopilando datos sobre la intención de voto en las elecciones presidenciales de Chile del 16 de noviembre de 2025. El grupo de contactos puede incluir familia, amigos o compañeros de trabajo cuya intención de voto conoces. Entiendes que: - Las respuestas son anónimas; los investigadores no pueden identificar a los participantes. - Los datos no pueden modificarse ni eliminarse una vez enviados. - Los datos pueden publicarse de forma agregada bajo la licencia Open Data Commons Attribution. - Los resultados no se publicarán antes de que hayan concluido las elecciones presidenciales de Chile de 2025. Por favor, responde a las siguientes preguntas considerando que has dado tu consentimiento para participar en la encuesta.";3;2;2;1;4;1;7;0;2;3;14;8;3;6;3;2
"Eres: una persona entre 25 y 34 años de Chile. Has leído y aceptado participar en una encuesta realizada por un equipo de investigadores de estadística e informática que está recopilando datos sobre la intención de voto en las elecciones presidenciales de Chile del 16 de noviembre de 2025. El grupo de contactos puede incluir familia, amigos o compañeros de trabajo cuya intención de voto conoces. Entiendes que: - Las respuestas son anónimas; los investigadores no pueden identificar a los participantes. - Los datos no pueden modificarse ni eliminarse una vez enviados. - Los datos pueden publicarse de forma agregada bajo la licencia Open Data Commons Attribution. - Los resultados no se publicarán antes de que hayan concluido las elecciones presidenciales de Chile de 2025. Por favor, responde a las siguientes preguntas considerando que has dado tu consentimiento para participar en la encuesta.";6;4;5;2;8;1;9;1;4;10;28;16;6;12;5;3
"Eres: una persona entre 25 y 34 años de Chile. Has leído y aceptado participar en una encuesta realizada por un equipo de investigadores de estadística e informática que está recopilando datos sobre la intención de voto en las elecciones presidenciales de Chile del 16 de noviembre de 2025. El grupo de contactos puede incluir familia, amigos o compañeros de trabajo cuya intención de voto conoces. Entiendes que: - Las respuestas son anónimas; los investigadores no pueden identificar a los participantes. - Los datos no pueden modificarse ni eliminarse una vez enviados. - Los datos pueden publicarse de forma agregada bajo la licencia Open Data Commons Attribution. - Los resultados no se publicarán antes de que hayan concluido las elecciones presidenciales de Chile de 2025. Por favor, responde a las siguientes preguntas considerando que has dado tu consentimiento para participar en la encuesta.";3;2;3;1;6;1;10;0;2;2;18;8;4;6;4;2
"Eres: una persona entre 25 y 34 años de Chile. Has leído y aceptado participar en una encuesta realizada por un equipo de investigadores de estadística e informática que está recopilando datos sobre la intención de voto en las elecciones presidenciales de Chile del 16 de noviembre de 2025. El grupo de contactos puede incluir familia, amigos o compañeros de trabajo cuya intención de voto conoces. Entiendes que: - Las respuestas son anónimas; los investigadores no pueden identificar a los participantes. - Los datos no pueden modificarse ni eliminarse una vez enviados. - Los datos pueden publicarse de forma agregada bajo la licencia Open Data Commons Attribution. - Los resultados no se publicarán antes de que hayan concluido las elecciones presidenciales de Chile de 2025. Por favor, responde a las siguientes preguntas considerando que has dado tu consentimiento para participar en la encuesta.";3;5;2;1;6;1;7;0;2;3;18;9;3;7;4;2
"Eres: una persona entre 25 y 34 años de Chile. Has leído y aceptado participar en una encuesta realizada por un equipo de investigadores de estadística e informática que está recopilando datos sobre la intención de voto en las elecciones presidenciales de Chile del 16 de noviembre de 2025. El grupo de contactos puede incluir familia, amigos o compañeros de trabajo cuya intención de voto conoces. Entiendes que: - Las respuestas son anónimas; los investigadores no pueden identificar a los participantes. - Los datos no pueden modificarse ni eliminarse una vez enviados. - Los datos pueden publicarse de forma agregada bajo la licencia Open Data Commons Attribution. - Los resultados no se publicarán antes de que hayan concluido las elecciones presidenciales de Chile de 2025. Por favor, responde a las siguientes preguntas considerando que has dado tu consentimiento para participar en la encuesta.";2;3;2;1;6;1;7;1;3;4;14;11;5;8;3;2
"Eres: una persona entre 25 y 34 años de Chile. Has leído y aceptado participar en una encuesta realizada por un equipo de investigadores de estadística e informática que está recopilando datos sobre la intención de voto en las elecciones presidenciales de Chile del 16 de noviembre de 2025. El grupo de contactos puede incluir familia, amigos o compañeros de trabajo cuya intención de voto conoces. Entiendes que: - Las respuestas son anónimas; los investigadores no pueden identificar a los participantes. - Los datos no pueden modificarse ni eliminarse una vez enviados. - Los datos pueden publicarse de forma agregada bajo la licencia Open Data Commons Attribution. - Los resultados no se publicarán antes de que hayan concluido las elecciones presidenciales de Chile de 2025. Por favor, responde a las siguientes preguntas considerando que has dado tu consentimiento para participar en la encuesta.";3;4;2;1;5;1;6;1;3;2;16;9;3;7;3;2
"Eres: una persona entre 25 y 34 años de Chile. Has leído y aceptado participar en una encuesta realizada por un equipo de investigadores de estadística e informática que está recopilando datos sobre la intención de voto en las elecciones presidenciales de Chile del 16 de noviembre de 2025. El grupo de contactos puede incluir familia, amigos o compañeros de trabajo cuya intención de voto conoces. Entiendes que: - Las respuestas son anónimas; los investigadores no pueden identificar a los participantes. - Los datos no pueden modificarse ni eliminarse una vez enviados. - Los datos pueden publicarse de forma agregada bajo la licencia Open Data Commons Attribution. - Los resultados no se publicarán antes de que hayan concluido las elecciones presidenciales de Chile de 2025. Por favor, responde a las siguientes preguntas considerando que has dado tu consentimiento para participar en la encuesta.";3;3;2;1;4;1;7;0;3;4;16;9;3;7;3;2
"Eres: una persona entre 25 y 34 años de Chile. Has leído y aceptado participar en una encuesta realizada por un equipo de investigadores de estadística e informática que está recopilando datos sobre la intención de voto en las elecciones presidenciales de Chile del 16 de noviembre de 2025. El grupo de contactos puede incluir familia, amigos o compañeros de trabajo cuya intención de voto conoces. Entiendes que: - Las respuestas son anónimas; los investigadores no pueden identificar a los participantes. - Los datos no pueden modificarse ni eliminarse una vez enviados. - Los datos pueden publicarse de forma agregada bajo la licencia Open Data Commons Attribution. - Los resultados no se publicarán antes de que hayan concluido las elecciones presidenciales de Chile de 2025. Por favor, responde a las siguientes preguntas considerando que has dado tu consentimiento para participar en la encuesta.";3;4;2;1;5;1;6;0;3;5;16;9;5;7;4;2
"Eres: una persona entre 25 y 34 años de Chile. Has leído y aceptado participar en una encuesta realizada por un equipo de investigadores de estadística e informática que está recopilando datos sobre la intención de voto en las elecciones presidenciales de Chile del 16 de noviembre de 2025. El grupo de contactos puede incluir familia, amigos o compañeros de trabajo cuya intención de voto conoces. Entiendes que: - Las respuestas son anónimas; los investigadores no pueden identificar a los participantes. - Los datos no pueden modificarse ni eliminarse una vez enviados. - Los datos pueden publicarse de forma agregada bajo la licencia Open Data Commons Attribution. - Los resultados no se publicarán antes de que hayan concluido las elecciones presidenciales de Chile de 2025. Por favor, responde a las siguientes preguntas considerando que has dado tu consentimiento para participar en la encuesta.";5;5;4;1;6;1;10;1;3;4;18;14;8;9;5;3
"Eres: una persona entre 35 y 44 años de Chile. Has leído y aceptado participar en una encuesta realizada por un equipo de investigadores de estadística e informática que está recopilando datos sobre la intención de voto en las elecciones presidenciales de Chile del 16 de noviembre de 2025. El grupo de contactos puede incluir familia, amigos o compañeros de trabajo cuya intención de voto conoces. Entiendes que: - Las respuestas son anónimas; los investigadores no pueden identificar a los participantes. - Los datos no pueden modificarse ni eliminarse una vez enviados. - Los datos pueden publicarse de forma agregada bajo la licencia Open Data Commons Attribution. - Los resultados no se publicarán antes de que hayan concluido las elecciones presidenciales de Chile de 2025. Por favor, responde a las siguientes preguntas considerando que has dado tu consentimiento para participar en la encuesta.";4;3;2;1;6;1;7;0;3;5;12;15;5;8;4;2
"Eres: una persona entre 35 y 44 años de Chile. Has leído y aceptado participar en una encuesta realizada por un equipo de investigadores de estadística e informática que está recopilando datos sobre la intención de voto en las elecciones presidenciales de Chile del 16 de noviembre de 2025. El grupo de contactos puede incluir familia, amigos o compañeros de trabajo cuya intención de voto conoces. Entiendes que: - Las respuestas son anónimas; los investigadores no pueden identificar a los participantes. - Los datos no pueden modificarse ni eliminarse una vez enviados. - Los datos pueden publicarse de forma agregada bajo la licencia Open Data Commons Attribution. - Los resultados no se publicarán antes de que hayan concluido las elecciones presidenciales de Chile de 2025. Por favor, responde a las siguientes preguntas considerando que has dado tu consentimiento para participar en la encuesta.";4;3;4;1;8;1;12;1;3;5;14;22;6;9;4;2
"Eres: una persona entre 35 y 44 años de Chile. Has leído y aceptado participar en una encuesta realizada por un equipo de investigadores de estadística e informática que está recopilando datos sobre la intención de voto en las elecciones presidenciales de Chile del 16 de noviembre de 2025. El grupo de contactos puede incluir familia, amigos o compañeros de trabajo cuya intención de voto conoces. Entiendes que: - Las respuestas son anónimas; los investigadores no pueden identificar a los participantes. - Los datos no pueden modificarse ni eliminarse una vez enviados. - Los datos pueden publicarse de forma agregada bajo la licencia Open Data Commons Attribution. - Los resultados no se publicarán antes de que hayan concluido las elecciones presidenciales de Chile de 2025. Por favor, responde a las siguientes preguntas considerando que has dado tu consentimiento para participar en la encuesta.";2;5;3;1;6;1;14;0;3;5;12;20;8;9;4;2
"Eres: una persona entre 35 y 44 años de Chile. Has leído y aceptado participar en una encuesta realizada por un equipo de investigadores de estadística e informática que está recopilando datos sobre la intención de voto en las elecciones presidenciales de Chile del 16 de noviembre de 2025. El grupo de contactos puede incluir familia, amigos o compañeros de trabajo cuya intención de voto conoces. Entiendes que: - Las respuestas son anónimas; los investigadores no pueden identificar a los participantes. - Los datos no pueden modificarse ni eliminarse una vez enviados. - Los datos pueden publicarse de forma agregada bajo la licencia Open Data Commons Attribution. - Los resultados no se publicarán antes de que hayan concluido las elecciones presidenciales de Chile de 2025. Por favor, responde a las siguientes preguntas considerando que has dado tu consentimiento para participar en la encuesta.";3;5;2;1;6;1;10;0;4;5;12;19;6;9;3;2
"Eres: una persona entre 35 y 44 años de Chile. Has leído y aceptado participar en una encuesta realizada por un equipo de investigadores de estadística e informática que está recopilando datos sobre la intención de voto en las elecciones presidenciales de Chile del 16 de noviembre de 2025. El grupo de contactos puede incluir familia, amigos o compañeros de trabajo cuya intención de voto conoces. Entiendes que: - Las respuestas son anónimas; los investigadores no pueden identificar a los participantes. - Los datos no pueden modificarse ni eliminarse una vez enviados. - Los datos pueden publicarse de forma agregada bajo la licencia Open Data Commons Attribution. - Los resultados no se publicarán antes de que hayan concluido las elecciones presidenciales de Chile de 2025. Por favor, responde a las siguientes preguntas considerando que has dado tu consentimiento para participar en la encuesta.";3;4;2;1;5;1;7;1;2;2;9;14;5;7;3;2
"Eres: una persona entre 35 y 44 años de Chile. Has leído y aceptado participar en una encuesta realizada por un equipo de investigadores de estadística e informática que está recopilando datos sobre la intención de voto en las elecciones presidenciales de Chile del 16 de noviembre de 2025. El grupo de contactos puede incluir familia, amigos o compañeros de trabajo cuya intención de voto conoces. Entiendes que: - Las respuestas son anónimas; los investigadores no pueden identificar a los participantes. - Los datos no pueden modificarse ni eliminarse una vez enviados. - Los datos pueden publicarse de forma agregada bajo la licencia Open Data Commons Attribution. - Los resultados no se publicarán antes de que hayan concluido las elecciones presidenciales de Chile de 2025. Por favor, responde a las siguientes preguntas considerando que has dado tu consentimiento para participar en la encuesta.";2;5;3;1;6;1;9;1;2;2;11;16;5;7;3;2
"Eres: una persona entre 35 y 44 años de Chile. Has leído y aceptado participar en una encuesta realizada por un equipo de investigadores de estadística e informática que está recopilando datos sobre la intención de voto en las elecciones presidenciales de Chile del 16 de noviembre de 2025. El grupo de contactos puede incluir familia, amigos o compañeros de trabajo cuya intención de voto conoces. Entiendes que: - Las respuestas son anónimas; los investigadores no pueden identificar a los participantes. - Los datos no pueden modificarse ni eliminarse una vez enviados. - Los datos pueden publicarse de forma agregada bajo la licencia Open Data Commons Attribution. - Los resultados no se publicarán antes de que hayan concluido las elecciones presidenciales de Chile de 2025. Por favor, responde a las siguientes preguntas considerando que has dado tu consentimiento para participar en la encuesta.";3;4;2;1;6;1;9;1;2;1;8;18;4;7;3;2
"Eres: una persona entre 35 y 44 años de Chile. Has leído y aceptado participar en una encuesta realizada por un equipo de investigadores de estadística e informática que está recopilando datos sobre la intención de voto en las elecciones presidenciales de Chile del 16 de noviembre de 2025. El grupo de contactos puede incluir familia, amigos o compañeros de trabajo cuya intención de voto conoces. Entiendes que: - Las respuestas son anónimas; los investigadores no pueden identificar a los participantes. - Los datos no pueden modificarse ni eliminarse una vez enviados. - Los datos pueden publicarse de forma agregada bajo la licencia Open Data Commons Attribution. - Los resultados no se publicarán antes de que hayan concluido las elecciones presidenciales de Chile de 2025. Por favor, responde a las siguientes preguntas considerando que has dado tu consentimiento para participar en la encuesta.";3;2;2;1;6;1;7;0;2;6;10;15;5;7;3;2
"Eres: una persona entre 35 y 44 años de Chile. Has leído y aceptado participar en una encuesta realizada por un equipo de investigadores de estadística e informática que está recopilando datos sobre la intención de voto en las elecciones presidenciales de Chile del 16 de noviembre de 2025. El grupo de contactos puede incluir familia, amigos o compañeros de trabajo cuya intención de voto conoces. Entiendes que: - Las respuestas son anónimas; los investigadores no pueden identificar a los participantes. - Los datos no pueden modificarse ni eliminarse una vez enviados. - Los datos pueden publicarse de forma agregada bajo la licencia Open Data Commons Attribution. - Los resultados no se publicarán antes de que hayan concluido las elecciones presidenciales de Chile de 2025. Por favor, responde a las siguientes preguntas considerando que has dado tu consentimiento para participar en la encuesta.";2;3;1;1;5;1;6;0;2;3;8;12;4;7;2;1
"Eres: una persona entre 35 y 44 años de Chile. Has leído y aceptado participar en una encuesta realizada por un equipo de investigadores de estadística e informática que está recopilando datos sobre la intención de voto en las elecciones presidenciales de Chile del 16 de noviembre de 2025. El grupo de contactos puede incluir familia, amigos o compañeros de trabajo cuya intención de voto conoces. Entiendes que: - Las respuestas son anónimas; los investigadores no pueden identificar a los participantes. - Los datos no pueden modificarse ni eliminarse una vez enviados. - Los datos pueden publicarse de forma agregada bajo la licencia Open Data Commons Attribution. - Los resultados no se publicarán antes de que hayan concluido las elecciones presidenciales de Chile de 2025. Por favor, responde a las siguientes preguntas considerando que has dado tu consentimiento para participar en la encuesta.";3;3;2;1;5;1;9;2;2;8;12;18;6;10;4;3
"Eres: una persona entre 35 y 44 años de Chile. Has leído y aceptado participar en una encuesta realizada por un equipo de investigadores de estadística e informática que está recopilando datos sobre la intención de voto en las elecciones presidenciales de Chile del 16 de noviembre de 2025. El grupo de contactos puede incluir familia, amigos o compañeros de trabajo cuya intención de voto conoces. Entiendes que: - Las respuestas son anónimas; los investigadores no pueden identificar a los participantes. - Los datos no pueden modificarse ni eliminarse una vez enviados. - Los datos pueden publicarse de forma agregada bajo la licencia Open Data Commons Attribution. - Los resultados no se publicarán antes de que hayan concluido las elecciones presidenciales de Chile de 2025. Por favor, responde a las siguientes preguntas considerando que has dado tu consentimiento para participar en la encuesta.";2;3;2;1;6;1;8;1;2;2;9;13;6;7;3;2
"Eres: una persona entre 35 y 44 años de Chile. Has leído y aceptado participar en una encuesta realizada por un equipo de investigadores de estadística e informática que está recopilando datos sobre la intención de voto en las elecciones presidenciales de Chile del 16 de noviembre de 2025. El grupo de contactos puede incluir familia, amigos o compañeros de trabajo cuya intención de voto conoces. Entiendes que: - Las respuestas son anónimas; los investigadores no pueden identificar a los participantes. - Los datos no pueden modificarse ni eliminarse una vez enviados. - Los datos pueden publicarse de forma agregada bajo la licencia Open Data Commons Attribution. - Los resultados no se publicarán antes de que hayan concluido las elecciones presidenciales de Chile de 2025. Por favor, responde a las siguientes preguntas considerando que has dado tu consentimiento para participar en la encuesta.";3;2;2;1;5;1;7;0;3;3;9;13;5;6;3;2
"Eres: una persona entre 35 y 44 años de Chile. Has leído y aceptado participar en una encuesta realizada por un equipo de investigadores de estadística e informática que está recopilando datos sobre la intención de voto en las elecciones presidenciales de Chile del 16 de noviembre de 2025. El grupo de contactos puede incluir familia, amigos o compañeros de trabajo cuya intención de voto conoces. Entiendes que: - Las respuestas son anónimas; los investigadores no pueden identificar a los participantes. - Los datos no pueden modificarse ni eliminarse una vez enviados. - Los datos pueden publicarse de forma agregada bajo la licencia Open Data Commons Attribution. - Los resultados no se publicarán antes de que hayan concluido las elecciones presidenciales de Chile de 2025. Por favor, responde a las siguientes preguntas considerando que has dado tu consentimiento para participar en la encuesta.";3;4;2;1;5;1;7;1;3;5;12;15;5;9;3;2
"Eres: una persona entre 35 y 44 años de Chile. Has leído y aceptado participar en una encuesta realizada por un equipo de investigadores de estadística e informática que está recopilando datos sobre la intención de voto en las elecciones presidenciales de Chile del 16 de noviembre de 2025. El grupo de contactos puede incluir familia, amigos o compañeros de trabajo cuya intención de voto conoces. Entiendes que: - Las respuestas son anónimas; los investigadores no pueden identificar a los participantes. - Los datos no pueden modificarse ni eliminarse una vez enviados. - Los datos pueden publicarse de forma agregada bajo la licencia Open Data Commons Attribution. - Los resultados no se publicarán antes de que hayan concluido las elecciones presidenciales de Chile de 2025. Por favor, responde a las siguientes preguntas considerando que has dado tu consentimiento para participar en la encuesta.";3;4;2;1;5;1;7;1;3;5;10;18;4;7;3;2
"Eres: una persona entre 35 y 44 años de Chile. Has leído y aceptado participar en una encuesta realizada por un equipo de investigadores de estadística e informática que está recopilando datos sobre la intención de voto en las elecciones presidenciales de Chile del 16 de noviembre de 2025. El grupo de contactos puede incluir familia, amigos o compañeros de trabajo cuya intención de voto conoces. Entiendes que: - Las respuestas son anónimas; los investigadores no pueden identificar a los participantes. - Los datos no pueden modificarse ni eliminarse una vez enviados. - Los datos pueden publicarse de forma agregada bajo la licencia Open Data Commons Attribution. - Los resultados no se publicarán antes de que hayan concluido las elecciones presidenciales de Chile de 2025. Por favor, responde a las siguientes preguntas considerando que has dado tu consentimiento para participar en la encuesta.";4;5;3;1;8;1;12;1;3;2;12;22;6;9;3;2
"Eres: una persona entre 35 y 44 años de Chile. Has leído y aceptado participar en una encuesta realizada por un equipo de investigadores de estadística e informática que está recopilando datos sobre la intención de voto en las elecciones presidenciales de Chile del 16 de noviembre de 2025. El grupo de contactos puede incluir familia, amigos o compañeros de trabajo cuya intención de voto conoces. Entiendes que: - Las respuestas son anónimas; los investigadores no pueden identificar a los participantes. - Los datos no pueden modificarse ni eliminarse una vez enviados. - Los datos pueden publicarse de forma agregada bajo la licencia Open Data Commons Attribution. - Los resultados no se publicarán antes de que hayan concluido las elecciones presidenciales de Chile de 2025. Por favor, responde a las siguientes preguntas considerando que has dado tu consentimiento para participar en la encuesta.";3;2;2;1;5;1;7;1;3;5;10;14;6;8;3;2
"Eres: una persona entre 35 y 44 años de Chile. Has leído y aceptado participar en una encuesta realizada por un equipo de investigadores de estadística e informática que está recopilando datos sobre la intención de voto en las elecciones presidenciales de Chile del 16 de noviembre de 2025. El grupo de contactos puede incluir familia, amigos o compañeros de trabajo cuya intención de voto conoces. Entiendes que: - Las respuestas son anónimas; los investigadores no pueden identificar a los participantes. - Los datos no pueden modificarse ni eliminarse una vez enviados. - Los datos pueden publicarse de forma agregada bajo la licencia Open Data Commons Attribution. - Los resultados no se publicarán antes de que hayan concluido las elecciones presidenciales de Chile de 2025. Por favor, responde a las siguientes preguntas considerando que has dado tu consentimiento para participar en la encuesta.";3;4;3;1;5;2;8;1;2;1;12;14;4;7;3;2
"Eres: una persona entre 35 y 44 años de Chile. Has leído y aceptado participar en una encuesta realizada por un equipo de investigadores de estadística e informática que está recopilando datos sobre la intención de voto en las elecciones presidenciales de Chile del 16 de noviembre de 2025. El grupo de contactos puede incluir familia, amigos o compañeros de trabajo cuya intención de voto conoces. Entiendes que: - Las respuestas son anónimas; los investigadores no pueden identificar a los participantes. - Los datos no pueden modificarse ni eliminarse una vez enviados. - Los datos pueden publicarse de forma agregada bajo la licencia Open Data Commons Attribution. - Los resultados no se publicarán antes de que hayan concluido las elecciones presidenciales de Chile de 2025. Por favor, responde a las siguientes preguntas considerando que has dado tu consentimiento para participar en la encuesta.";3;4;5;1;8;1;12;1;5;8;14;26;8;11;5;3
"Eres: una persona entre 35 y 44 años de Chile. Has leído y aceptado participar en una encuesta realizada por un equipo de investigadores de estadística e informática que está recopilando datos sobre la intención de voto en las elecciones presidenciales de Chile del 16 de noviembre de 2025. El grupo de contactos puede incluir familia, amigos o compañeros de trabajo cuya intención de voto conoces. Entiendes que: - Las respuestas son anónimas; los investigadores no pueden identificar a los participantes. - Los datos no pueden modificarse ni eliminarse una vez enviados. - Los datos pueden publicarse de forma agregada bajo la licencia Open Data Commons Attribution. - Los resultados no se publicarán antes de que hayan concluido las elecciones presidenciales de Chile de 2025. Por favor, responde a las siguientes preguntas considerando que has dado tu consentimiento para participar en la encuesta.";3;2;2;1;5;1;7;0;2;5;10;14;4;6;3;1
"Eres: una persona entre 35 y 44 años de Chile. Has leído y aceptado participar en una encuesta realizada por un equipo de investigadores de estadística e informática que está recopilando datos sobre la intención de voto en las elecciones presidenciales de Chile del 16 de noviembre de 2025. El grupo de contactos puede incluir familia, amigos o compañeros de trabajo cuya intención de voto conoces. Entiendes que: - Las respuestas son anónimas; los investigadores no pueden identificar a los participantes. - Los datos no pueden modificarse ni eliminarse una vez enviados. - Los datos pueden publicarse de forma agregada bajo la licencia Open Data Commons Attribution. - Los resultados no se publicarán antes de que hayan concluido las elecciones presidenciales de Chile de 2025. Por favor, responde a las siguientes preguntas considerando que has dado tu consentimiento para participar en la encuesta.";2;3;3;0;5;1;7;0;3;6;10;16;4;9;3;2
"Eres: una persona entre 35 y 44 años de Chile. Has leído y aceptado participar en una encuesta realizada por un equipo de investigadores de estadística e informática que está recopilando datos sobre la intención de voto en las elecciones presidenciales de Chile del 16 de noviembre de 2025. El grupo de contactos puede incluir familia, amigos o compañeros de trabajo cuya intención de voto conoces. Entiendes que: - Las respuestas son anónimas; los investigadores no pueden identificar a los participantes. - Los datos no pueden modificarse ni eliminarse una vez enviados. - Los datos pueden publicarse de forma agregada bajo la licencia Open Data Commons Attribution. - Los resultados no se publicarán antes de que hayan concluido las elecciones presidenciales de Chile de 2025. Por favor, responde a las siguientes preguntas considerando que has dado tu consentimiento para participar en la encuesta.";2;3;2;1;6;1;7;0;3;5;10;16;4;7;4;2
"Eres: una persona entre 35 y 44 años de Chile. Has leído y aceptado participar en una encuesta realizada por un equipo de investigadores de estadística e informática que está recopilando datos sobre la intención de voto en las elecciones presidenciales de Chile del 16 de noviembre de 2025. El grupo de contactos puede incluir familia, amigos o compañeros de trabajo cuya intención de voto conoces. Entiendes que: - Las respuestas son anónimas; los investigadores no pueden identificar a los participantes. - Los datos no pueden modificarse ni eliminarse una vez enviados. - Los datos pueden publicarse de forma agregada bajo la licencia Open Data Commons Attribution. - Los resultados no se publicarán antes de que hayan concluido las elecciones presidenciales de Chile de 2025. Por favor, responde a las siguientes preguntas considerando que has dado tu consentimiento para participar en la encuesta.";3;4;2;1;5;1;6;1;2;3;9;14;5;6;3;2
"Eres: una persona entre 35 y 44 años de Chile. Has leído y aceptado participar en una encuesta realizada por un equipo de investigadores de estadística e informática que está recopilando datos sobre la intención de voto en las elecciones presidenciales de Chile del 16 de noviembre de 2025. El grupo de contactos puede incluir familia, amigos o compañeros de trabajo cuya intención de voto conoces. Entiendes que: - Las respuestas son anónimas; los investigadores no pueden identificar a los participantes. - Los datos no pueden modificarse ni eliminarse una vez enviados. - Los datos pueden publicarse de forma agregada bajo la licencia Open Data Commons Attribution. - Los resultados no se publicarán antes de que hayan concluido las elecciones presidenciales de Chile de 2025. Por favor, responde a las siguientes preguntas considerando que has dado tu consentimiento para participar en la encuesta.";3;4;2;1;9;1;10;1;3;6;12;20;8;10;4;3
"Eres: una persona entre 35 y 44 años de Chile. Has leído y aceptado participar en una encuesta realizada por un equipo de investigadores de estadística e informática que está recopilando datos sobre la intención de voto en las elecciones presidenciales de Chile del 16 de noviembre de 2025. El grupo de contactos puede incluir familia, amigos o compañeros de trabajo cuya intención de voto conoces. Entiendes que: - Las respuestas son anónimas; los investigadores no pueden identificar a los participantes. - Los datos no pueden modificarse ni eliminarse una vez enviados. - Los datos pueden publicarse de forma agregada bajo la licencia Open Data Commons Attribution. - Los resultados no se publicarán antes de que hayan concluido las elecciones presidenciales de Chile de 2025. Por favor, responde a las siguientes preguntas considerando que has dado tu consentimiento para participar en la encuesta.";3;5;2;1;8;1;9;1;4;6;12;20;8;9;3;2
"Eres: una persona entre 35 y 44 años de Chile. Has leído y aceptado participar en una encuesta realizada por un equipo de investigadores de estadística e informática que está recopilando datos sobre la intención de voto en las elecciones presidenciales de Chile del 16 de noviembre de 2025. El grupo de contactos puede incluir familia, amigos o compañeros de trabajo cuya intención de voto conoces. Entiendes que: - Las respuestas son anónimas; los investigadores no pueden identificar a los participantes. - Los datos no pueden modificarse ni eliminarse una vez enviados. - Los datos pueden publicarse de forma agregada bajo la licencia Open Data Commons Attribution. - Los resultados no se publicarán antes de que hayan concluido las elecciones presidenciales de Chile de 2025. Por favor, responde a las siguientes preguntas considerando que has dado tu consentimiento para participar en la encuesta.";3;4;2;1;7;1;6;1;3;4;10;18;4;7;3;2
"Eres: una persona entre 35 y 44 años de Chile. Has leído y aceptado participar en una encuesta realizada por un equipo de investigadores de estadística e informática que está recopilando datos sobre la intención de voto en las elecciones presidenciales de Chile del 16 de noviembre de 2025. El grupo de contactos puede incluir familia, amigos o compañeros de trabajo cuya intención de voto conoces. Entiendes que: - Las respuestas son anónimas; los investigadores no pueden identificar a los participantes. - Los datos no pueden modificarse ni eliminarse una vez enviados. - Los datos pueden publicarse de forma agregada bajo la licencia Open Data Commons Attribution. - Los resultados no se publicarán antes de que hayan concluido las elecciones presidenciales de Chile de 2025. Por favor, responde a las siguientes preguntas considerando que has dado tu consentimiento para participar en la encuesta.";3;3;2;1;5;1;9;0;2;4;7;17;6;8;3;2
"Eres: una persona entre 35 y 44 años de Chile. Has leído y aceptado participar en una encuesta realizada por un equipo de investigadores de estadística e informática que está recopilando datos sobre la intención de voto en las elecciones presidenciales de Chile del 16 de noviembre de 2025. El grupo de contactos puede incluir familia, amigos o compañeros de trabajo cuya intención de voto conoces. Entiendes que: - Las respuestas son anónimas; los investigadores no pueden identificar a los participantes. - Los datos no pueden modificarse ni eliminarse una vez enviados. - Los datos pueden publicarse de forma agregada bajo la licencia Open Data Commons Attribution. - Los resultados no se publicarán antes de que hayan concluido las elecciones presidenciales de Chile de 2025. Por favor, responde a las siguientes preguntas considerando que has dado tu consentimiento para participar en la encuesta.";3;3;2;1;5;1;9;1;2;3;10;12;8;7;3;2
"Eres: una persona entre 35 y 44 años de Chile. Has leído y aceptado participar en una encuesta realizada por un equipo de investigadores de estadística e informática que está recopilando datos sobre la intención de voto en las elecciones presidenciales de Chile del 16 de noviembre de 2025. El grupo de contactos puede incluir familia, amigos o compañeros de trabajo cuya intención de voto conoces. Entiendes que: - Las respuestas son anónimas; los investigadores no pueden identificar a los participantes. - Los datos no pueden modificarse ni eliminarse una vez enviados. - Los datos pueden publicarse de forma agregada bajo la licencia Open Data Commons Attribution. - Los resultados no se publicarán antes de que hayan concluido las elecciones presidenciales de Chile de 2025. Por favor, responde a las siguientes preguntas considerando que has dado tu consentimiento para participar en la encuesta.";3;4;2;1;7;1;9;1;3;9;14;20;6;9;4;2
"Eres: una persona entre 35 y 44 años de Chile. Has leído y aceptado participar en una encuesta realizada por un equipo de investigadores de estadística e informática que está recopilando datos sobre la intención de voto en las elecciones presidenciales de Chile del 16 de noviembre de 2025. El grupo de contactos puede incluir familia, amigos o compañeros de trabajo cuya intención de voto conoces. Entiendes que: - Las respuestas son anónimas; los investigadores no pueden identificar a los participantes. - Los datos no pueden modificarse ni eliminarse una vez enviados. - Los datos pueden publicarse de forma agregada bajo la licencia Open Data Commons Attribution. - Los resultados no se publicarán antes de que hayan concluido las elecciones presidenciales de Chile de 2025. Por favor, responde a las siguientes preguntas considerando que has dado tu consentimiento para participar en la encuesta.";3;4;2;1;5;1;6;1;3;4;10;15;5;7;3;2
"Eres: una persona entre 35 y 44 años de Chile. Has leído y aceptado participar en una encuesta realizada por un equipo de investigadores de estadística e informática que está recopilando datos sobre la intención de voto en las elecciones presidenciales de Chile del 16 de noviembre de 2025. El grupo de contactos puede incluir familia, amigos o compañeros de trabajo cuya intención de voto conoces. Entiendes que: - Las respuestas son anónimas; los investigadores no pueden identificar a los participantes. - Los datos no pueden modificarse ni eliminarse una vez enviados. - Los datos pueden publicarse de forma agregada bajo la licencia Open Data Commons Attribution. - Los resultados no se publicarán antes de que hayan concluido las elecciones presidenciales de Chile de 2025. Por favor, responde a las siguientes preguntas considerando que has dado tu consentimiento para participar en la encuesta.";3;3;2;1;5;1;8;0;2;3;9;14;5;7;4;2
"Eres: una persona entre 35 y 44 años de Chile. Has leído y aceptado participar en una encuesta realizada por un equipo de investigadores de estadística e informática que está recopilando datos sobre la intención de voto en las elecciones presidenciales de Chile del 16 de noviembre de 2025. El grupo de contactos puede incluir familia, amigos o compañeros de trabajo cuya intención de voto conoces. Entiendes que: - Las respuestas son anónimas; los investigadores no pueden identificar a los participantes. - Los datos no pueden modificarse ni eliminarse una vez enviados. - Los datos pueden publicarse de forma agregada bajo la licencia Open Data Commons Attribution. - Los resultados no se publicarán antes de que hayan concluido las elecciones presidenciales de Chile de 2025. Por favor, responde a las siguientes preguntas considerando que has dado tu consentimiento para participar en la encuesta.";3;4;2;1;5;1;8;0;2;2;9;16;3;6;3;2
"Eres: una persona entre 35 y 44 años de Chile. Has leído y aceptado participar en una encuesta realizada por un equipo de investigadores de estadística e informática que está recopilando datos sobre la intención de voto en las elecciones presidenciales de Chile del 16 de noviembre de 2025. El grupo de contactos puede incluir familia, amigos o compañeros de trabajo cuya intención de voto conoces. Entiendes que: - Las respuestas son anónimas; los investigadores no pueden identificar a los participantes. - Los datos no pueden modificarse ni eliminarse una vez enviados. - Los datos pueden publicarse de forma agregada bajo la licencia Open Data Commons Attribution. - Los resultados no se publicarán antes de que hayan concluido las elecciones presidenciales de Chile de 2025. Por favor, responde a las siguientes preguntas considerando que has dado tu consentimiento para participar en la encuesta.";3;5;4;1;6;1;9;1;4;6;14;20;6;9;3;2
"Eres: una persona entre 35 y 44 años de Chile. Has leído y aceptado participar en una encuesta realizada por un equipo de investigadores de estadística e informática que está recopilando datos sobre la intención de voto en las elecciones presidenciales de Chile del 16 de noviembre de 2025. El grupo de contactos puede incluir familia, amigos o compañeros de trabajo cuya intención de voto conoces. Entiendes que: - Las respuestas son anónimas; los investigadores no pueden identificar a los participantes. - Los datos no pueden modificarse ni eliminarse una vez enviados. - Los datos pueden publicarse de forma agregada bajo la licencia Open Data Commons Attribution. - Los resultados no se publicarán antes de que hayan concluido las elecciones presidenciales de Chile de 2025. Por favor, responde a las siguientes preguntas considerando que has dado tu consentimiento para participar en la encuesta.";2;3;2;1;5;1;6;1;2;3;9;12;5;7;3;2
"Eres: una persona entre 35 y 44 años de Chile. Has leído y aceptado participar en una encuesta realizada por un equipo de investigadores de estadística e informática que está recopilando datos sobre la intención de voto en las elecciones presidenciales de Chile del 16 de noviembre de 2025. El grupo de contactos puede incluir familia, amigos o compañeros de trabajo cuya intención de voto conoces. Entiendes que: - Las respuestas son anónimas; los investigadores no pueden identificar a los participantes. - Los datos no pueden modificarse ni eliminarse una vez enviados. - Los datos pueden publicarse de forma agregada bajo la licencia Open Data Commons Attribution. - Los resultados no se publicarán antes de que hayan concluido las elecciones presidenciales de Chile de 2025. Por favor, responde a las siguientes preguntas considerando que has dado tu consentimiento para participar en la encuesta.";3;4;2;1;5;1;6;1;2;3;10;14;4;7;3;2
"Eres: una persona entre 35 y 44 años de Chile. Has leído y aceptado participar en una encuesta realizada por un equipo de investigadores de estadística e informática que está recopilando datos sobre la intención de voto en las elecciones presidenciales de Chile del 16 de noviembre de 2025. El grupo de contactos puede incluir familia, amigos o compañeros de trabajo cuya intención de voto conoces. Entiendes que: - Las respuestas son anónimas; los investigadores no pueden identificar a los participantes. - Los datos no pueden modificarse ni eliminarse una vez enviados. - Los datos pueden publicarse de forma agregada bajo la licencia Open Data Commons Attribution. - Los resultados no se publicarán antes de que hayan concluido las elecciones presidenciales de Chile de 2025. Por favor, responde a las siguientes preguntas considerando que has dado tu consentimiento para participar en la encuesta.";3;3;2;0;6;1;9;1;2;3;10;15;5;7;4;2
"Eres: una persona entre 35 y 44 años de Chile. Has leído y aceptado participar en una encuesta realizada por un equipo de investigadores de estadística e informática que está recopilando datos sobre la intención de voto en las elecciones presidenciales de Chile del 16 de noviembre de 2025. El grupo de contactos puede incluir familia, amigos o compañeros de trabajo cuya intención de voto conoces. Entiendes que: - Las respuestas son anónimas; los investigadores no pueden identificar a los participantes. - Los datos no pueden modificarse ni eliminarse una vez enviados. - Los datos pueden publicarse de forma agregada bajo la licencia Open Data Commons Attribution. - Los resultados no se publicarán antes de que hayan concluido las elecciones presidenciales de Chile de 2025. Por favor, responde a las siguientes preguntas considerando que has dado tu consentimiento para participar en la encuesta.";3;4;2;1;8;1;9;1;5;6;12;20;8;11;4;3
"Eres: una persona entre 45 y 54 años de Chile. Has leído y aceptado participar en una encuesta realizada por un equipo de investigadores de estadística e informática que está recopilando datos sobre la intención de voto en las elecciones presidenciales de Chile del 16 de noviembre de 2025. El grupo de contactos puede incluir familia, amigos o compañeros de trabajo cuya intención de voto conoces. Entiendes que: - Las respuestas son anónimas; los investigadores no pueden identificar a los participantes. - Los datos no pueden modificarse ni eliminarse una vez enviados. - Los datos pueden publicarse de forma agregada bajo la licencia Open Data Commons Attribution. - Los resultados no se publicarán antes de que hayan concluido las elecciones presidenciales de Chile de 2025. Por favor, responde a las siguientes preguntas considerando que has dado tu consentimiento para participar en la encuesta.";3;4;2;1;6;1;9;0;2;4;9;17;6;7;3;2
"Eres: una persona entre 45 y 54 años de Chile. Has leído y aceptado participar en una encuesta realizada por un equipo de investigadores de estadística e informática que está recopilando datos sobre la intención de voto en las elecciones presidenciales de Chile del 16 de noviembre de 2025. El grupo de contactos puede incluir familia, amigos o compañeros de trabajo cuya intención de voto conoces. Entiendes que: - Las respuestas son anónimas; los investigadores no pueden identificar a los participantes. - Los datos no pueden modificarse ni eliminarse una vez enviados. - Los datos pueden publicarse de forma agregada bajo la licencia Open Data Commons Attribution. - Los resultados no se publicarán antes de que hayan concluido las elecciones presidenciales de Chile de 2025. Por favor, responde a las siguientes preguntas considerando que has dado tu consentimiento para participar en la encuesta.";3;4;2;1;8;1;10;0;3;8;12;20;8;9;4;2
"Eres: una persona entre 45 y 54 años de Chile. Has leído y aceptado participar en una encuesta realizada por un equipo de investigadores de estadística e informática que está recopilando datos sobre la intención de voto en las elecciones presidenciales de Chile del 16 de noviembre de 2025. El grupo de contactos puede incluir familia, amigos o compañeros de trabajo cuya intención de voto conoces. Entiendes que: - Las respuestas son anónimas; los investigadores no pueden identificar a los participantes. - Los datos no pueden modificarse ni eliminarse una vez enviados. - Los datos pueden publicarse de forma agregada bajo la licencia Open Data Commons Attribution. - Los resultados no se publicarán antes de que hayan concluido las elecciones presidenciales de Chile de 2025. Por favor, responde a las siguientes preguntas considerando que has dado tu consentimiento para participar en la encuesta.";2;4;3;1;6;1;9;0;3;5;10;16;8;7;3;2
"Eres: una persona entre 45 y 54 años de Chile. Has leído y aceptado participar en una encuesta realizada por un equipo de investigadores de estadística e informática que está recopilando datos sobre la intención de voto en las elecciones presidenciales de Chile del 16 de noviembre de 2025. El grupo de contactos puede incluir familia, amigos o compañeros de trabajo cuya intención de voto conoces. Entiendes que: - Las respuestas son anónimas; los investigadores no pueden identificar a los participantes. - Los datos no pueden modificarse ni eliminarse una vez enviados. - Los datos pueden publicarse de forma agregada bajo la licencia Open Data Commons Attribution. - Los resultados no se publicarán antes de que hayan concluido las elecciones presidenciales de Chile de 2025. Por favor, responde a las siguientes preguntas considerando que has dado tu consentimiento para participar en la encuesta.";3;4;2;1;6;1;7;1;3;4;9;17;6;8;3;2
"Eres: una persona entre 45 y 54 años de Chile. Has leído y aceptado participar en una encuesta realizada por un equipo de investigadores de estadística e informática que está recopilando datos sobre la intención de voto en las elecciones presidenciales de Chile del 16 de noviembre de 2025. El grupo de contactos puede incluir familia, amigos o compañeros de trabajo cuya intención de voto conoces. Entiendes que: - Las respuestas son anónimas; los investigadores no pueden identificar a los participantes. - Los datos no pueden modificarse ni eliminarse una vez enviados. - Los datos pueden publicarse de forma agregada bajo la licencia Open Data Commons Attribution. - Los resultados no se publicarán antes de que hayan concluido las elecciones presidenciales de Chile de 2025. Por favor, responde a las siguientes preguntas considerando que has dado tu consentimiento para participar en la encuesta.";3;2;2;1;6;1;7;1;3;4;9;13;8;7;3;2
"Eres: una persona entre 45 y 54 años de Chile. Has leído y aceptado participar en una encuesta realizada por un equipo de investigadores de estadística e informática que está recopilando datos sobre la intención de voto en las elecciones presidenciales de Chile del 16 de noviembre de 2025. El grupo de contactos puede incluir familia, amigos o compañeros de trabajo cuya intención de voto conoces. Entiendes que: - Las respuestas son anónimas; los investigadores no pueden identificar a los participantes. - Los datos no pueden modificarse ni eliminarse una vez enviados. - Los datos pueden publicarse de forma agregada bajo la licencia Open Data Commons Attribution. - Los resultados no se publicarán antes de que hayan concluido las elecciones presidenciales de Chile de 2025. Por favor, responde a las siguientes preguntas considerando que has dado tu consentimiento para participar en la encuesta.";3;3;2;1;5;1;8;1;3;3;10;14;6;8;3;2
"Eres: una persona entre 45 y 54 años de Chile. Has leído y aceptado participar en una encuesta realizada por un equipo de investigadores de estadística e informática que está recopilando datos sobre la intención de voto en las elecciones presidenciales de Chile del 16 de noviembre de 2025. El grupo de contactos puede incluir familia, amigos o compañeros de trabajo cuya intención de voto conoces. Entiendes que: - Las respuestas son anónimas; los investigadores no pueden identificar a los participantes. - Los datos no pueden modificarse ni eliminarse una vez enviados. - Los datos pueden publicarse de forma agregada bajo la licencia Open Data Commons Attribution. - Los resultados no se publicarán antes de que hayan concluido las elecciones presidenciales de Chile de 2025. Por favor, responde a las siguientes preguntas considerando que has dado tu consentimiento para participar en la encuesta.";2;3;2;1;6;1;7;1;3;4;12;14;4;7;3;2
"Eres: una persona entre 45 y 54 años de Chile. Has leído y aceptado participar en una encuesta realizada por un equipo de investigadores de estadística e informática que está recopilando datos sobre la intención de voto en las elecciones presidenciales de Chile del 16 de noviembre de 2025. El grupo de contactos puede incluir familia, amigos o compañeros de trabajo cuya intención de voto conoces. Entiendes que: - Las respuestas son anónimas; los investigadores no pueden identificar a los participantes. - Los datos no pueden modificarse ni eliminarse una vez enviados. - Los datos pueden publicarse de forma agregada bajo la licencia Open Data Commons Attribution. - Los resultados no se publicarán antes de que hayan concluido las elecciones presidenciales de Chile de 2025. Por favor, responde a las siguientes preguntas considerando que has dado tu consentimiento para participar en la encuesta.";2;5;3;1;6;1;9;0;3;2;9;17;6;7;3;2
"Eres: una persona entre 45 y 54 años de Chile. Has leído y aceptado participar en una encuesta realizada por un equipo de investigadores de estadística e informática que está recopilando datos sobre la intención de voto en las elecciones presidenciales de Chile del 16 de noviembre de 2025. El grupo de contactos puede incluir familia, amigos o compañeros de trabajo cuya intención de voto conoces. Entiendes que: - Las respuestas son anónimas; los investigadores no pueden identificar a los participantes. - Los datos no pueden modificarse ni eliminarse una vez enviados. - Los datos pueden publicarse de forma agregada bajo la licencia Open Data Commons Attribution. - Los resultados no se publicarán antes de que hayan concluido las elecciones presidenciales de Chile de 2025. Por favor, responde a las siguientes preguntas considerando que has dado tu consentimiento para participar en la encuesta.";3;4;2;1;7;1;12;0;3;4;10;18;9;9;3;2
"Eres: una persona entre 45 y 54 años de Chile. Has leído y aceptado participar en una encuesta realizada por un equipo de investigadores de estadística e informática que está recopilando datos sobre la intención de voto en las elecciones presidenciales de Chile del 16 de noviembre de 2025. El grupo de contactos puede incluir familia, amigos o compañeros de trabajo cuya intención de voto conoces. Entiendes que: - Las respuestas son anónimas; los investigadores no pueden identificar a los participantes. - Los datos no pueden modificarse ni eliminarse una vez enviados. - Los datos pueden publicarse de forma agregada bajo la licencia Open Data Commons Attribution. - Los resultados no se publicarán antes de que hayan concluido las elecciones presidenciales de Chile de 2025. Por favor, responde a las siguientes preguntas considerando que has dado tu consentimiento para participar en la encuesta.";2;3;2;1;6;1;7;1;3;4;10;15;5;8;3;2
"Eres: una persona entre 45 y 54 años de Chile. Has leído y aceptado participar en una encuesta realizada por un equipo de investigadores de estadística e informática que está recopilando datos sobre la intención de voto en las elecciones presidenciales de Chile del 16 de noviembre de 2025. El grupo de contactos puede incluir familia, amigos o compañeros de trabajo cuya intención de voto conoces. Entiendes que: - Las respuestas son anónimas; los investigadores no pueden identificar a los participantes. - Los datos no pueden modificarse ni eliminarse una vez enviados. - Los datos pueden publicarse de forma agregada bajo la licencia Open Data Commons Attribution. - Los resultados no se publicarán antes de que hayan concluido las elecciones presidenciales de Chile de 2025. Por favor, responde a las siguientes preguntas considerando que has dado tu consentimiento para participar en la encuesta.";3;2;2;1;6;1;7;0;3;3;8;14;6;7;3;2
"Eres: una persona entre 45 y 54 años de Chile. Has leído y aceptado participar en una encuesta realizada por un equipo de investigadores de estadística e informática que está recopilando datos sobre la intención de voto en las elecciones presidenciales de Chile del 16 de noviembre de 2025. El grupo de contactos puede incluir familia, amigos o compañeros de trabajo cuya intención de voto conoces. Entiendes que: - Las respuestas son anónimas; los investigadores no pueden identificar a los participantes. - Los datos no pueden modificarse ni eliminarse una vez enviados. - Los datos pueden publicarse de forma agregada bajo la licencia Open Data Commons Attribution. - Los resultados no se publicarán antes de que hayan concluido las elecciones presidenciales de Chile de 2025. Por favor, responde a las siguientes preguntas considerando que has dado tu consentimiento para participar en la encuesta.";3;2;2;1;6;1;7;1;3;6;10;16;6;7;3;2
"Eres: una persona entre 45 y 54 años de Chile. Has leído y aceptado participar en una encuesta realizada por un equipo de investigadores de estadística e informática que está recopilando datos sobre la intención de voto en las elecciones presidenciales de Chile del 16 de noviembre de 2025. El grupo de contactos puede incluir familia, amigos o compañeros de trabajo cuya intención de voto conoces. Entiendes que: - Las respuestas son anónimas; los investigadores no pueden identificar a los participantes. - Los datos no pueden modificarse ni eliminarse una vez enviados. - Los datos pueden publicarse de forma agregada bajo la licencia Open Data Commons Attribution. - Los resultados no se publicarán antes de que hayan concluido las elecciones presidenciales de Chile de 2025. Por favor, responde a las siguientes preguntas considerando que has dado tu consentimiento para participar en la encuesta.";3;4;2;1;6;1;7;1;3;6;12;16;6;7;3;2
"Eres: una persona entre 45 y 54 años de Chile. Has leído y aceptado participar en una encuesta realizada por un equipo de investigadores de estadística e informática que está recopilando datos sobre la intención de voto en las elecciones presidenciales de Chile del 16 de noviembre de 2025. El grupo de contactos puede incluir familia, amigos o compañeros de trabajo cuya intención de voto conoces. Entiendes que: - Las respuestas son anónimas; los investigadores no pueden identificar a los participantes. - Los datos no pueden modificarse ni eliminarse una vez enviados. - Los datos pueden publicarse de forma agregada bajo la licencia Open Data Commons Attribution. - Los resultados no se publicarán antes de que hayan concluido las elecciones presidenciales de Chile de 2025. Por favor, responde a las siguientes preguntas considerando que has dado tu consentimiento para participar en la encuesta.";2;3;2;1;5;1;6;1;3;4;9;14;5;6;3;2
"Eres: una persona entre 45 y 54 años de Chile. Has leído y aceptado participar en una encuesta realizada por un equipo de investigadores de estadística e informática que está recopilando datos sobre la intención de voto en las elecciones presidenciales de Chile del 16 de noviembre de 2025. El grupo de contactos puede incluir familia, amigos o compañeros de trabajo cuya intención de voto conoces. Entiendes que: - Las respuestas son anónimas; los investigadores no pueden identificar a los participantes. - Los datos no pueden modificarse ni eliminarse una vez enviados. - Los datos pueden publicarse de forma agregada bajo la licencia Open Data Commons Attribution. - Los resultados no se publicarán antes de que hayan concluido las elecciones presidenciales de Chile de 2025. Por favor, responde a las siguientes preguntas considerando que has dado tu consentimiento para participar en la encuesta.";3;4;2;1;9;1;8;1;4;7;11;19;10;10;3;5
"Eres: una persona entre 45 y 54 años de Chile. Has leído y aceptado participar en una encuesta realizada por un equipo de investigadores de estadística e informática que está recopilando datos sobre la intención de voto en las elecciones presidenciales de Chile del 16 de noviembre de 2025. El grupo de contactos puede incluir familia, amigos o compañeros de trabajo cuya intención de voto conoces. Entiendes que: - Las respuestas son anónimas; los investigadores no pueden identificar a los participantes. - Los datos no pueden modificarse ni eliminarse una vez enviados. - Los datos pueden publicarse de forma agregada bajo la licencia Open Data Commons Attribution. - Los resultados no se publicarán antes de que hayan concluido las elecciones presidenciales de Chile de 2025. Por favor, responde a las siguientes preguntas considerando que has dado tu consentimiento para participar en la encuesta.";3;2;2;1;5;1;9;1;3;3;8;16;6;7;3;2
"Eres: una persona entre 45 y 54 años de Chile. Has leído y aceptado participar en una encuesta realizada por un equipo de investigadores de estadística e informática que está recopilando datos sobre la intención de voto en las elecciones presidenciales de Chile del 16 de noviembre de 2025. El grupo de contactos puede incluir familia, amigos o compañeros de trabajo cuya intención de voto conoces. Entiendes que: - Las respuestas son anónimas; los investigadores no pueden identificar a los participantes. - Los datos no pueden modificarse ni eliminarse una vez enviados. - Los datos pueden publicarse de forma agregada bajo la licencia Open Data Commons Attribution. - Los resultados no se publicarán antes de que hayan concluido las elecciones presidenciales de Chile de 2025. Por favor, responde a las siguientes preguntas considerando que has dado tu consentimiento para participar en la encuesta.";3;2;2;1;6;1;8;0;3;4;9;15;6;7;3;2
"Eres: una persona entre 45 y 54 años de Chile. Has leído y aceptado participar en una encuesta realizada por un equipo de investigadores de estadística e informática que está recopilando datos sobre la intención de voto en las elecciones presidenciales de Chile del 16 de noviembre de 2025. El grupo de contactos puede incluir familia, amigos o compañeros de trabajo cuya intención de voto conoces. Entiendes que: - Las respuestas son anónimas; los investigadores no pueden identificar a los participantes. - Los datos no pueden modificarse ni eliminarse una vez enviados. - Los datos pueden publicarse de forma agregada bajo la licencia Open Data Commons Attribution. - Los resultados no se publicarán antes de que hayan concluido las elecciones presidenciales de Chile de 2025. Por favor, responde a las siguientes preguntas considerando que has dado tu consentimiento para participar en la encuesta.";3;5;3;1;4;1;8;1;2;2;10;14;6;7;3;2
"Eres: una persona entre 45 y 54 años de Chile. Has leído y aceptado participar en una encuesta realizada por un equipo de investigadores de estadística e informática que está recopilando datos sobre la intención de voto en las elecciones presidenciales de Chile del 16 de noviembre de 2025. El grupo de contactos puede incluir familia, amigos o compañeros de trabajo cuya intención de voto conoces. Entiendes que: - Las respuestas son anónimas; los investigadores no pueden identificar a los participantes. - Los datos no pueden modificarse ni eliminarse una vez enviados. - Los datos pueden publicarse de forma agregada bajo la licencia Open Data Commons Attribution. - Los resultados no se publicarán antes de que hayan concluido las elecciones presidenciales de Chile de 2025. Por favor, responde a las siguientes preguntas considerando que has dado tu consentimiento para participar en la encuesta.";3;4;2;1;7;1;10;1;5;6;12;18;10;9;4;3
"Eres: una persona entre 45 y 54 años de Chile. Has leído y aceptado participar en una encuesta realizada por un equipo de investigadores de estadística e informática que está recopilando datos sobre la intención de voto en las elecciones presidenciales de Chile del 16 de noviembre de 2025. El grupo de contactos puede incluir familia, amigos o compañeros de trabajo cuya intención de voto conoces. Entiendes que: - Las respuestas son anónimas; los investigadores no pueden identificar a los participantes. - Los datos no pueden modificarse ni eliminarse una vez enviados. - Los datos pueden publicarse de forma agregada bajo la licencia Open Data Commons Attribution. - Los resultados no se publicarán antes de que hayan concluido las elecciones presidenciales de Chile de 2025. Por favor, responde a las siguientes preguntas considerando que has dado tu consentimiento para participar en la encuesta.";3;4;2;1;7;1;8;1;4;9;12;19;9;10;4;3
"Eres: una persona entre 45 y 54 años de Chile. Has leído y aceptado participar en una encuesta realizada por un equipo de investigadores de estadística e informática que está recopilando datos sobre la intención de voto en las elecciones presidenciales de Chile del 16 de noviembre de 2025. El grupo de contactos puede incluir familia, amigos o compañeros de trabajo cuya intención de voto conoces. Entiendes que: - Las respuestas son anónimas; los investigadores no pueden identificar a los participantes. - Los datos no pueden modificarse ni eliminarse una vez enviados. - Los datos pueden publicarse de forma agregada bajo la licencia Open Data Commons Attribution. - Los resultados no se publicarán antes de que hayan concluido las elecciones presidenciales de Chile de 2025. Por favor, responde a las siguientes preguntas considerando que has dado tu consentimiento para participar en la encuesta.";3;3;2;1;5;1;9;0;3;3;10;15;5;7;3;2
"Eres: una persona entre 45 y 54 años de Chile. Has leído y aceptado participar en una encuesta realizada por un equipo de investigadores de estadística e informática que está recopilando datos sobre la intención de voto en las elecciones presidenciales de Chile del 16 de noviembre de 2025. El grupo de contactos puede incluir familia, amigos o compañeros de trabajo cuya intención de voto conoces. Entiendes que: - Las respuestas son anónimas; los investigadores no pueden identificar a los participantes. - Los datos no pueden modificarse ni eliminarse una vez enviados. - Los datos pueden publicarse de forma agregada bajo la licencia Open Data Commons Attribution. - Los resultados no se publicarán antes de que hayan concluido las elecciones presidenciales de Chile de 2025. Por favor, responde a las siguientes preguntas considerando que has dado tu consentimiento para participar en la encuesta.";3;2;2;1;5;1;7;1;2;6;9;15;6;8;3;2
"Eres: una persona entre 45 y 54 años de Chile. Has leído y aceptado participar en una encuesta realizada por un equipo de investigadores de estadística e informática que está recopilando datos sobre la intención de voto en las elecciones presidenciales de Chile del 16 de noviembre de 2025. El grupo de contactos puede incluir familia, amigos o compañeros de trabajo cuya intención de voto conoces. Entiendes que: - Las respuestas son anónimas; los investigadores no pueden identificar a los participantes. - Los datos no pueden modificarse ni eliminarse una vez enviados. - Los datos pueden publicarse de forma agregada bajo la licencia Open Data Commons Attribution. - Los resultados no se publicarán antes de que hayan concluido las elecciones presidenciales de Chile de 2025. Por favor, responde a las siguientes preguntas considerando que has dado tu consentimiento para participar en la encuesta.";3;5;2;1;7;1;9;1;4;7;12;19;9;8;3;2
"Eres: una persona entre 45 y 54 años de Chile. Has leído y aceptado participar en una encuesta realizada por un equipo de investigadores de estadística e informática que está recopilando datos sobre la intención de voto en las elecciones presidenciales de Chile del 16 de noviembre de 2025. El grupo de contactos puede incluir familia, amigos o compañeros de trabajo cuya intención de voto conoces. Entiendes que: - Las respuestas son anónimas; los investigadores no pueden identificar a los participantes. - Los datos no pueden modificarse ni eliminarse una vez enviados. - Los datos pueden publicarse de forma agregada bajo la licencia Open Data Commons Attribution. - Los resultados no se publicarán antes de que hayan concluido las elecciones presidenciales de Chile de 2025. Por favor, responde a las siguientes preguntas considerando que has dado tu consentimiento para participar en la encuesta.";3;4;2;1;4;1;8;1;3;3;10;14;6;9;3;2
"Eres: una persona entre 45 y 54 años de Chile. Has leído y aceptado participar en una encuesta realizada por un equipo de investigadores de estadística e informática que está recopilando datos sobre la intención de voto en las elecciones presidenciales de Chile del 16 de noviembre de 2025. El grupo de contactos puede incluir familia, amigos o compañeros de trabajo cuya intención de voto conoces. Entiendes que: - Las respuestas son anónimas; los investigadores no pueden identificar a los participantes. - Los datos no pueden modificarse ni eliminarse una vez enviados. - Los datos pueden publicarse de forma agregada bajo la licencia Open Data Commons Attribution. - Los resultados no se publicarán antes de que hayan concluido las elecciones presidenciales de Chile de 2025. Por favor, responde a las siguientes preguntas considerando que has dado tu consentimiento para participar en la encuesta.";4;3;2;1;5;1;9;1;2;2;8;14;8;7;3;2
"Eres: una persona entre 45 y 54 años de Chile. Has leído y aceptado participar en una encuesta realizada por un equipo de investigadores de estadística e informática que está recopilando datos sobre la intención de voto en las elecciones presidenciales de Chile del 16 de noviembre de 2025. El grupo de contactos puede incluir familia, amigos o compañeros de trabajo cuya intención de voto conoces. Entiendes que: - Las respuestas son anónimas; los investigadores no pueden identificar a los participantes. - Los datos no pueden modificarse ni eliminarse una vez enviados. - Los datos pueden publicarse de forma agregada bajo la licencia Open Data Commons Attribution. - Los resultados no se publicarán antes de que hayan concluido las elecciones presidenciales de Chile de 2025. Por favor, responde a las siguientes preguntas considerando que has dado tu consentimiento para participar en la encuesta.";3;5;3;2;6;1;10;1;4;5;12;20;8;9;4;2
"Eres: una persona entre 45 y 54 años de Chile. Has leído y aceptado participar en una encuesta realizada por un equipo de investigadores de estadística e informática que está recopilando datos sobre la intención de voto en las elecciones presidenciales de Chile del 16 de noviembre de 2025. El grupo de contactos puede incluir familia, amigos o compañeros de trabajo cuya intención de voto conoces. Entiendes que: - Las respuestas son anónimas; los investigadores no pueden identificar a los participantes. - Los datos no pueden modificarse ni eliminarse una vez enviados. - Los datos pueden publicarse de forma agregada bajo la licencia Open Data Commons Attribution. - Los resultados no se publicarán antes de que hayan concluido las elecciones presidenciales de Chile de 2025. Por favor, responde a las siguientes preguntas considerando que has dado tu consentimiento para participar en la encuesta.";3;5;2;1;7;1;9;1;4;9;12;22;8;10;3;2
"Eres: una persona entre 45 y 54 años de Chile. Has leído y aceptado participar en una encuesta realizada por un equipo de investigadores de estadística e informática que está recopilando datos sobre la intención de voto en las elecciones presidenciales de Chile del 16 de noviembre de 2025. El grupo de contactos puede incluir familia, amigos o compañeros de trabajo cuya intención de voto conoces. Entiendes que: - Las respuestas son anónimas; los investigadores no pueden identificar a los participantes. - Los datos no pueden modificarse ni eliminarse una vez enviados. - Los datos pueden publicarse de forma agregada bajo la licencia Open Data Commons Attribution. - Los resultados no se publicarán antes de que hayan concluido las elecciones presidenciales de Chile de 2025. Por favor, responde a las siguientes preguntas considerando que has dado tu consentimiento para participar en la encuesta.";2;3;2;1;6;1;8;1;3;3;8;15;7;7;3;2
"Eres: una persona entre 45 y 54 años de Chile. Has leído y aceptado participar en una encuesta realizada por un equipo de investigadores de estadística e informática que está recopilando datos sobre la intención de voto en las elecciones presidenciales de Chile del 16 de noviembre de 2025. El grupo de contactos puede incluir familia, amigos o compañeros de trabajo cuya intención de voto conoces. Entiendes que: - Las respuestas son anónimas; los investigadores no pueden identificar a los participantes. - Los datos no pueden modificarse ni eliminarse una vez enviados. - Los datos pueden publicarse de forma agregada bajo la licencia Open Data Commons Attribution. - Los resultados no se publicarán antes de que hayan concluido las elecciones presidenciales de Chile de 2025. Por favor, responde a las siguientes preguntas considerando que has dado tu consentimiento para participar en la encuesta.";3;2;2;1;5;1;7;2;3;4;10;14;6;7;3;2
"Eres: una persona entre 45 y 54 años de Chile. Has leído y aceptado participar en una encuesta realizada por un equipo de investigadores de estadística e informática que está recopilando datos sobre la intención de voto en las elecciones presidenciales de Chile del 16 de noviembre de 2025. El grupo de contactos puede incluir familia, amigos o compañeros de trabajo cuya intención de voto conoces. Entiendes que: - Las respuestas son anónimas; los investigadores no pueden identificar a los participantes. - Los datos no pueden modificarse ni eliminarse una vez enviados. - Los datos pueden publicarse de forma agregada bajo la licencia Open Data Commons Attribution. - Los resultados no se publicarán antes de que hayan concluido las elecciones presidenciales de Chile de 2025. Por favor, responde a las siguientes preguntas considerando que has dado tu consentimiento para participar en la encuesta.";3;3;2;1;5;1;8;1;2;2;9;12;7;7;3;2
"Eres: una persona entre 45 y 54 años de Chile. Has leído y aceptado participar en una encuesta realizada por un equipo de investigadores de estadística e informática que está recopilando datos sobre la intención de voto en las elecciones presidenciales de Chile del 16 de noviembre de 2025. El grupo de contactos puede incluir familia, amigos o compañeros de trabajo cuya intención de voto conoces. Entiendes que: - Las respuestas son anónimas; los investigadores no pueden identificar a los participantes. - Los datos no pueden modificarse ni eliminarse una vez enviados. - Los datos pueden publicarse de forma agregada bajo la licencia Open Data Commons Attribution. - Los resultados no se publicarán antes de que hayan concluido las elecciones presidenciales de Chile de 2025. Por favor, responde a las siguientes preguntas considerando que has dado tu consentimiento para participar en la encuesta.";4;5;3;1;6;1;12;0;3;5;12;18;10;8;3;2
"Eres: una persona entre 45 y 54 años de Chile. Has leído y aceptado participar en una encuesta realizada por un equipo de investigadores de estadística e informática que está recopilando datos sobre la intención de voto en las elecciones presidenciales de Chile del 16 de noviembre de 2025. El grupo de contactos puede incluir familia, amigos o compañeros de trabajo cuya intención de voto conoces. Entiendes que: - Las respuestas son anónimas; los investigadores no pueden identificar a los participantes. - Los datos no pueden modificarse ni eliminarse una vez enviados. - Los datos pueden publicarse de forma agregada bajo la licencia Open Data Commons Attribution. - Los resultados no se publicarán antes de que hayan concluido las elecciones presidenciales de Chile de 2025. Por favor, responde a las siguientes preguntas considerando que has dado tu consentimiento para participar en la encuesta.";3;2;2;1;5;1;8;1;3;4;10;14;6;7;3;2
"Eres: una persona más de 54 años de Chile. Has leído y aceptado participar en una encuesta realizada por un equipo de investigadores de estadística e informática que está recopilando datos sobre la intención de voto en las elecciones presidenciales de Chile del 16 de noviembre de 2025. El grupo de contactos puede incluir familia, amigos o compañeros de trabajo cuya intención de voto conoces. Entiendes que: - Las respuestas son anónimas; los investigadores no pueden identificar a los participantes. - Los datos no pueden modificarse ni eliminarse una vez enviados. - Los datos pueden publicarse de forma agregada bajo la licencia Open Data Commons Attribution. - Los resultados no se publicarán antes de que hayan concluido las elecciones presidenciales de Chile de 2025. Por favor, responde a las siguientes preguntas considerando que has dado tu consentimiento para participar en la encuesta.";3;4;2;1;8;1;9;1;3;6;10;12;16;9;4;2
"Eres: una persona más de 54 años de Chile. Has leído y aceptado participar en una encuesta realizada por un equipo de investigadores de estadística e informática que está recopilando datos sobre la intención de voto en las elecciones presidenciales de Chile del 16 de noviembre de 2025. El grupo de contactos puede incluir familia, amigos o compañeros de trabajo cuya intención de voto conoces. Entiendes que: - Las respuestas son anónimas; los investigadores no pueden identificar a los participantes. - Los datos no pueden modificarse ni eliminarse una vez enviados. - Los datos pueden publicarse de forma agregada bajo la licencia Open Data Commons Attribution. - Los resultados no se publicarán antes de que hayan concluido las elecciones presidenciales de Chile de 2025. Por favor, responde a las siguientes preguntas considerando que has dado tu consentimiento para participar en la encuesta.";1;2;1;0;4;0;7;0;2;5;5;8;9;6;2;1
"Eres: una persona más de 54 años de Chile. Has leído y aceptado participar en una encuesta realizada por un equipo de investigadores de estadística e informática que está recopilando datos sobre la intención de voto en las elecciones presidenciales de Chile del 16 de noviembre de 2025. El grupo de contactos puede incluir familia, amigos o compañeros de trabajo cuya intención de voto conoces. Entiendes que: - Las respuestas son anónimas; los investigadores no pueden identificar a los participantes. - Los datos no pueden modificarse ni eliminarse una vez enviados. - Los datos pueden publicarse de forma agregada bajo la licencia Open Data Commons Attribution. - Los resultados no se publicarán antes de que hayan concluido las elecciones presidenciales de Chile de 2025. Por favor, responde a las siguientes preguntas considerando que has dado tu consentimiento para participar en la encuesta.";2;3;2;1;5;1;6;1;3;4;7;9;12;6;3;2
"Eres: una persona más de 54 años de Chile. Has leído y aceptado participar en una encuesta realizada por un equipo de investigadores de estadística e informática que está recopilando datos sobre la intención de voto en las elecciones presidenciales de Chile del 16 de noviembre de 2025. El grupo de contactos puede incluir familia, amigos o compañeros de trabajo cuya intención de voto conoces. Entiendes que: - Las respuestas son anónimas; los investigadores no pueden identificar a los participantes. - Los datos no pueden modificarse ni eliminarse una vez enviados. - Los datos pueden publicarse de forma agregada bajo la licencia Open Data Commons Attribution. - Los resultados no se publicarán antes de que hayan concluido las elecciones presidenciales de Chile de 2025. Por favor, responde a las siguientes preguntas considerando que has dado tu consentimiento para participar en la encuesta.";3;4;2;1;7;1;8;1;2;1;8;12;10;7;3;2
"Eres: una persona más de 54 años de Chile. Has leído y aceptado participar en una encuesta realizada por un equipo de investigadores de estadística e informática que está recopilando datos sobre la intención de voto en las elecciones presidenciales de Chile del 16 de noviembre de 2025. El grupo de contactos puede incluir familia, amigos o compañeros de trabajo cuya intención de voto conoces. Entiendes que: - Las respuestas son anónimas; los investigadores no pueden identificar a los participantes. - Los datos no pueden modificarse ni eliminarse una vez enviados. - Los datos pueden publicarse de forma agregada bajo la licencia Open Data Commons Attribution. - Los resultados no se publicarán antes de que hayan concluido las elecciones presidenciales de Chile de 2025. Por favor, responde a las siguientes preguntas considerando que has dado tu consentimiento para participar en la encuesta.";4;4;3;1;7;1;11;0;3;6;12;14;14;9;3;2
"Eres: una persona más de 54 años de Chile. Has leído y aceptado participar en una encuesta realizada por un equipo de investigadores de estadística e informática que está recopilando datos sobre la intención de voto en las elecciones presidenciales de Chile del 16 de noviembre de 2025. El grupo de contactos puede incluir familia, amigos o compañeros de trabajo cuya intención de voto conoces. Entiendes que: - Las respuestas son anónimas; los investigadores no pueden identificar a los participantes. - Los datos no pueden modificarse ni eliminarse una vez enviados. - Los datos pueden publicarse de forma agregada bajo la licencia Open Data Commons Attribution. - Los resultados no se publicarán antes de que hayan concluido las elecciones presidenciales de Chile de 2025. Por favor, responde a las siguientes preguntas considerando que has dado tu consentimiento para participar en la encuesta.";4;5;3;1;8;1;12;1;3;4;8;14;20;10;4;3
"Eres: una persona más de 54 años de Chile. Has leído y aceptado participar en una encuesta realizada por un equipo de investigadores de estadística e informática que está recopilando datos sobre la intención de voto en las elecciones presidenciales de Chile del 16 de noviembre de 2025. El grupo de contactos puede incluir familia, amigos o compañeros de trabajo cuya intención de voto conoces. Entiendes que: - Las respuestas son anónimas; los investigadores no pueden identificar a los participantes. - Los datos no pueden modificarse ni eliminarse una vez enviados. - Los datos pueden publicarse de forma agregada bajo la licencia Open Data Commons Attribution. - Los resultados no se publicarán antes de que hayan concluido las elecciones presidenciales de Chile de 2025. Por favor, responde a las siguientes preguntas considerando que has dado tu consentimiento para participar en la encuesta.";2;3;2;0;4;1;9;1;3;5;6;10;14;7;3;2
"Eres: una persona más de 54 años de Chile. Has leído y aceptado participar en una encuesta realizada por un equipo de investigadores de estadística e informática que está recopilando datos sobre la intención de voto en las elecciones presidenciales de Chile del 16 de noviembre de 2025. El grupo de contactos puede incluir familia, amigos o compañeros de trabajo cuya intención de voto conoces. Entiendes que: - Las respuestas son anónimas; los investigadores no pueden identificar a los participantes. - Los datos no pueden modificarse ni eliminarse una vez enviados. - Los datos pueden publicarse de forma agregada bajo la licencia Open Data Commons Attribution. - Los resultados no se publicarán antes de que hayan concluido las elecciones presidenciales de Chile de 2025. Por favor, responde a las siguientes preguntas considerando que has dado tu consentimiento para participar en la encuesta.";3;5;2;1;6;1;10;1;3;4;8;12;16;7;3;2
"Eres: una persona más de 54 años de Chile. Has leído y aceptado participar en una encuesta realizada por un equipo de investigadores de estadística e informática que está recopilando datos sobre la intención de voto en las elecciones presidenciales de Chile del 16 de noviembre de 2025. El grupo de contactos puede incluir familia, amigos o compañeros de trabajo cuya intención de voto conoces. Entiendes que: - Las respuestas son anónimas; los investigadores no pueden identificar a los participantes. - Los datos no pueden modificarse ni eliminarse una vez enviados. - Los datos pueden publicarse de forma agregada bajo la licencia Open Data Commons Attribution. - Los resultados no se publicarán antes de que hayan concluido las elecciones presidenciales de Chile de 2025. Por favor, responde a las siguientes preguntas considerando que has dado tu consentimiento para participar en la encuesta.";3;4;2;1;6;1;8;1;1;1;6;9;13;7;3;2
"Eres: una persona más de 54 años de Chile. Has leído y aceptado participar en una encuesta realizada por un equipo de investigadores de estadística e informática que está recopilando datos sobre la intención de voto en las elecciones presidenciales de Chile del 16 de noviembre de 2025. El grupo de contactos puede incluir familia, amigos o compañeros de trabajo cuya intención de voto conoces. Entiendes que: - Las respuestas son anónimas; los investigadores no pueden identificar a los participantes. - Los datos no pueden modificarse ni eliminarse una vez enviados. - Los datos pueden publicarse de forma agregada bajo la licencia Open Data Commons Attribution. - Los resultados no se publicarán antes de que hayan concluido las elecciones presidenciales de Chile de 2025. Por favor, responde a las siguientes preguntas considerando que has dado tu consentimiento para participar en la encuesta.";3;4;3;1;6;1;8;0;2;2;8;12;10;7;3;2
"Eres: una persona más de 54 años de Chile. Has leído y aceptado participar en una encuesta realizada por un equipo de investigadores de estadística e informática que está recopilando datos sobre la intención de voto en las elecciones presidenciales de Chile del 16 de noviembre de 2025. El grupo de contactos puede incluir familia, amigos o compañeros de trabajo cuya intención de voto conoces. Entiendes que: - Las respuestas son anónimas; los investigadores no pueden identificar a los participantes. - Los datos no pueden modificarse ni eliminarse una vez enviados. - Los datos pueden publicarse de forma agregada bajo la licencia Open Data Commons Attribution. - Los resultados no se publicarán antes de que hayan concluido las elecciones presidenciales de Chile de 2025. Por favor, responde a las siguientes preguntas considerando que has dado tu consentimiento para participar en la encuesta.";2;4;3;1;7;1;9;1;3;5;9;14;13;7;3;2
"Eres: una persona más de 54 años de Chile. Has leído y aceptado participar en una encuesta realizada por un equipo de investigadores de estadística e informática que está recopilando datos sobre la intención de voto en las elecciones presidenciales de Chile del 16 de noviembre de 2025. El grupo de contactos puede incluir familia, amigos o compañeros de trabajo cuya intención de voto conoces. Entiendes que: - Las respuestas son anónimas; los investigadores no pueden identificar a los participantes. - Los datos no pueden modificarse ni eliminarse una vez enviados. - Los datos pueden publicarse de forma agregada bajo la licencia Open Data Commons Attribution. - Los resultados no se publicarán antes de que hayan concluido las elecciones presidenciales de Chile de 2025. Por favor, responde a las siguientes preguntas considerando que has dado tu consentimiento para participar en la encuesta.";3;5;4;1;7;1;12;1;3;5;10;16;16;11;4;3
"Eres: una persona más de 54 años de Chile. Has leído y aceptado participar en una encuesta realizada por un equipo de investigadores de estadística e informática que está recopilando datos sobre la intención de voto en las elecciones presidenciales de Chile del 16 de noviembre de 2025. El grupo de contactos puede incluir familia, amigos o compañeros de trabajo cuya intención de voto conoces. Entiendes que: - Las respuestas son anónimas; los investigadores no pueden identificar a los participantes. - Los datos no pueden modificarse ni eliminarse una vez enviados. - Los datos pueden publicarse de forma agregada bajo la licencia Open Data Commons Attribution. - Los resultados no se publicarán antes de que hayan concluido las elecciones presidenciales de Chile de 2025. Por favor, responde a las siguientes preguntas considerando que has dado tu consentimiento para participar en la encuesta.";3;5;2;1;8;1;12;0;3;7;10;12;20;9;4;3
"Eres: una persona más de 54 años de Chile. Has leído y aceptado participar en una encuesta realizada por un equipo de investigadores de estadística e informática que está recopilando datos sobre la intención de voto en las elecciones presidenciales de Chile del 16 de noviembre de 2025. El grupo de contactos puede incluir familia, amigos o compañeros de trabajo cuya intención de voto conoces. Entiendes que: - Las respuestas son anónimas; los investigadores no pueden identificar a los participantes. - Los datos no pueden modificarse ni eliminarse una vez enviados. - Los datos pueden publicarse de forma agregada bajo la licencia Open Data Commons Attribution. - Los resultados no se publicarán antes de que hayan concluido las elecciones presidenciales de Chile de 2025. Por favor, responde a las siguientes preguntas considerando que has dado tu consentimiento para participar en la encuesta.";2;3;1;1;5;1;9;1;3;4;8;12;10;7;3;2
"Eres: una persona más de 54 años de Chile. Has leído y aceptado participar en una encuesta realizada por un equipo de investigadores de estadística e informática que está recopilando datos sobre la intención de voto en las elecciones presidenciales de Chile del 16 de noviembre de 2025. El grupo de contactos puede incluir familia, amigos o compañeros de trabajo cuya intención de voto conoces. Entiendes que: - Las respuestas son anónimas; los investigadores no pueden identificar a los participantes. - Los datos no pueden modificarse ni eliminarse una vez enviados. - Los datos pueden publicarse de forma agregada bajo la licencia Open Data Commons Attribution. - Los resultados no se publicarán antes de que hayan concluido las elecciones presidenciales de Chile de 2025. Por favor, responde a las siguientes preguntas considerando que has dado tu consentimiento para participar en la encuesta.";2;3;2;1;6;1;8;1;2;4;6;9;15;7;3;2
"Eres: una persona más de 54 años de Chile. Has leído y aceptado participar en una encuesta realizada por un equipo de investigadores de estadística e informática que está recopilando datos sobre la intención de voto en las elecciones presidenciales de Chile del 16 de noviembre de 2025. El grupo de contactos puede incluir familia, amigos o compañeros de trabajo cuya intención de voto conoces. Entiendes que: - Las respuestas son anónimas; los investigadores no pueden identificar a los participantes. - Los datos no pueden modificarse ni eliminarse una vez enviados. - Los datos pueden publicarse de forma agregada bajo la licencia Open Data Commons Attribution. - Los resultados no se publicarán antes de que hayan concluido las elecciones presidenciales de Chile de 2025. Por favor, responde a las siguientes preguntas considerando que has dado tu consentimiento para participar en la encuesta.";3;4;2;1;8;1;10;1;4;6;10;14;16;9;3;2
"Eres: una persona más de 54 años de Chile. Has leído y aceptado participar en una encuesta realizada por un equipo de investigadores de estadística e informática que está recopilando datos sobre la intención de voto en las elecciones presidenciales de Chile del 16 de noviembre de 2025. El grupo de contactos puede incluir familia, amigos o compañeros de trabajo cuya intención de voto conoces. Entiendes que: - Las respuestas son anónimas; los investigadores no pueden identificar a los participantes. - Los datos no pueden modificarse ni eliminarse una vez enviados. - Los datos pueden publicarse de forma agregada bajo la licencia Open Data Commons Attribution. - Los resultados no se publicarán antes de que hayan concluido las elecciones presidenciales de Chile de 2025. Por favor, responde a las siguientes preguntas considerando que has dado tu consentimiento para participar en la encuesta.";2;4;3;1;5;1;8;1;2;1;7;11;10;6;3;2
"Eres: una persona más de 54 años de Chile. Has leído y aceptado participar en una encuesta realizada por un equipo de investigadores de estadística e informática que está recopilando datos sobre la intención de voto en las elecciones presidenciales de Chile del 16 de noviembre de 2025. El grupo de contactos puede incluir familia, amigos o compañeros de trabajo cuya intención de voto conoces. Entiendes que: - Las respuestas son anónimas; los investigadores no pueden identificar a los participantes. - Los datos no pueden modificarse ni eliminarse una vez enviados. - Los datos pueden publicarse de forma agregada bajo la licencia Open Data Commons Attribution. - Los resultados no se publicarán antes de que hayan concluido las elecciones presidenciales de Chile de 2025. Por favor, responde a las siguientes preguntas considerando que has dado tu consentimiento para participar en la encuesta.";3;5;2;1;6;1;12;1;4;7;10;16;16;9;4;3
"Eres: una persona más de 54 años de Chile. Has leído y aceptado participar en una encuesta realizada por un equipo de investigadores de estadística e informática que está recopilando datos sobre la intención de voto en las elecciones presidenciales de Chile del 16 de noviembre de 2025. El grupo de contactos puede incluir familia, amigos o compañeros de trabajo cuya intención de voto conoces. Entiendes que: - Las respuestas son anónimas; los investigadores no pueden identificar a los participantes. - Los datos no pueden modificarse ni eliminarse una vez enviados. - Los datos pueden publicarse de forma agregada bajo la licencia Open Data Commons Attribution. - Los resultados no se publicarán antes de que hayan concluido las elecciones presidenciales de Chile de 2025. Por favor, responde a las siguientes preguntas considerando que has dado tu consentimiento para participar en la encuesta.";2;3;1;1;4;0;7;0;2;2;5;8;9;6;2;1
"Eres: una persona más de 54 años de Chile. Has leído y aceptado participar en una encuesta realizada por un equipo de investigadores de estadística e informática que está recopilando datos sobre la intención de voto en las elecciones presidenciales de Chile del 16 de noviembre de 2025. El grupo de contactos puede incluir familia, amigos o compañeros de trabajo cuya intención de voto conoces. Entiendes que: - Las respuestas son anónimas; los investigadores no pueden identificar a los participantes. - Los datos no pueden modificarse ni eliminarse una vez enviados. - Los datos pueden publicarse de forma agregada bajo la licencia Open Data Commons Attribution. - Los resultados no se publicarán antes de que hayan concluido las elecciones presidenciales de Chile de 2025. Por favor, responde a las siguientes preguntas considerando que has dado tu consentimiento para participar en la encuesta.";3;4;2;1;6;1;8;1;2;2;8;12;10;7;3;2
"Eres: una persona más de 54 años de Chile. Has leído y aceptado participar en una encuesta realizada por un equipo de investigadores de estadística e informática que está recopilando datos sobre la intención de voto en las elecciones presidenciales de Chile del 16 de noviembre de 2025. El grupo de contactos puede incluir familia, amigos o compañeros de trabajo cuya intención de voto conoces. Entiendes que: - Las respuestas son anónimas; los investigadores no pueden identificar a los participantes. - Los datos no pueden modificarse ni eliminarse una vez enviados. - Los datos pueden publicarse de forma agregada bajo la licencia Open Data Commons Attribution. - Los resultados no se publicarán antes de que hayan concluido las elecciones presidenciales de Chile de 2025. Por favor, responde a las siguientes preguntas considerando que has dado tu consentimiento para participar en la encuesta.";3;2;2;1;5;1;6;1;3;6;8;12;10;9;3;2
"Eres: una persona más de 54 años de Chile. Has leído y aceptado participar en una encuesta realizada por un equipo de investigadores de estadística e informática que está recopilando datos sobre la intención de voto en las elecciones presidenciales de Chile del 16 de noviembre de 2025. El grupo de contactos puede incluir familia, amigos o compañeros de trabajo cuya intención de voto conoces. Entiendes que: - Las respuestas son anónimas; los investigadores no pueden identificar a los participantes. - Los datos no pueden modificarse ni eliminarse una vez enviados. - Los datos pueden publicarse de forma agregada bajo la licencia Open Data Commons Attribution. - Los resultados no se publicarán antes de que hayan concluido las elecciones presidenciales de Chile de 2025. Por favor, responde a las siguientes preguntas considerando que has dado tu consentimiento para participar en la encuesta.";1;2;1;0;4;0;7;1;1;3;4;7;9;5;2;1
"Eres: una persona más de 54 años de Chile. Has leído y aceptado participar en una encuesta realizada por un equipo de investigadores de estadística e informática que está recopilando datos sobre la intención de voto en las elecciones presidenciales de Chile del 16 de noviembre de 2025. El grupo de contactos puede incluir familia, amigos o compañeros de trabajo cuya intención de voto conoces. Entiendes que: - Las respuestas son anónimas; los investigadores no pueden identificar a los participantes. - Los datos no pueden modificarse ni eliminarse una vez enviados. - Los datos pueden publicarse de forma agregada bajo la licencia Open Data Commons Attribution. - Los resultados no se publicarán antes de que hayan concluido las elecciones presidenciales de Chile de 2025. Por favor, responde a las siguientes preguntas considerando que has dado tu consentimiento para participar en la encuesta.";2;4;2;1;6;1;9;0;2;3;6;12;12;7;3;2
"Eres: una persona más de 54 años de Chile. Has leído y aceptado participar en una encuesta realizada por un equipo de investigadores de estadística e informática que está recopilando datos sobre la intención de voto en las elecciones presidenciales de Chile del 16 de noviembre de 2025. El grupo de contactos puede incluir familia, amigos o compañeros de trabajo cuya intención de voto conoces. Entiendes que: - Las respuestas son anónimas; los investigadores no pueden identificar a los participantes. - Los datos no pueden modificarse ni eliminarse una vez enviados. - Los datos pueden publicarse de forma agregada bajo la licencia Open Data Commons Attribution. - Los resultados no se publicarán antes de que hayan concluido las elecciones presidenciales de Chile de 2025. Por favor, responde a las siguientes preguntas considerando que has dado tu consentimiento para participar en la encuesta.";2;3;2;1;4;1;6;1;2;3;7;9;9;6;3;2
"Eres: una persona más de 54 años de Chile. Has leído y aceptado participar en una encuesta realizada por un equipo de investigadores de estadística e informática que está recopilando datos sobre la intención de voto en las elecciones presidenciales de Chile del 16 de noviembre de 2025. El grupo de contactos puede incluir familia, amigos o compañeros de trabajo cuya intención de voto conoces. Entiendes que: - Las respuestas son anónimas; los investigadores no pueden identificar a los participantes. - Los datos no pueden modificarse ni eliminarse una vez enviados. - Los datos pueden publicarse de forma agregada bajo la licencia Open Data Commons Attribution. - Los resultados no se publicarán antes de que hayan concluido las elecciones presidenciales de Chile de 2025. Por favor, responde a las siguientes preguntas considerando que has dado tu consentimiento para participar en la encuesta.";4;5;3;1;8;1;10;2;3;5;12;17;13;9;4;3
"Eres: una persona más de 54 años de Chile. Has leído y aceptado participar en una encuesta realizada por un equipo de investigadores de estadística e informática que está recopilando datos sobre la intención de voto en las elecciones presidenciales de Chile del 16 de noviembre de 2025. El grupo de contactos puede incluir familia, amigos o compañeros de trabajo cuya intención de voto conoces. Entiendes que: - Las respuestas son anónimas; los investigadores no pueden identificar a los participantes. - Los datos no pueden modificarse ni eliminarse una vez enviados. - Los datos pueden publicarse de forma agregada bajo la licencia Open Data Commons Attribution. - Los resultados no se publicarán antes de que hayan concluido las elecciones presidenciales de Chile de 2025. Por favor, responde a las siguientes preguntas considerando que has dado tu consentimiento para participar en la encuesta.";2;3;2;1;6;1;7;1;3;4;7;11;12;8;3;2
"Eres: una persona más de 54 años de Chile. Has leído y aceptado participar en una encuesta realizada por un equipo de investigadores de estadística e informática que está recopilando datos sobre la intención de voto en las elecciones presidenciales de Chile del 16 de noviembre de 2025. El grupo de contactos puede incluir familia, amigos o compañeros de trabajo cuya intención de voto conoces. Entiendes que: - Las respuestas son anónimas; los investigadores no pueden identificar a los participantes. - Los datos no pueden modificarse ni eliminarse una vez enviados. - Los datos pueden publicarse de forma agregada bajo la licencia Open Data Commons Attribution. - Los resultados no se publicarán antes de que hayan concluido las elecciones presidenciales de Chile de 2025. Por favor, responde a las siguientes preguntas considerando que has dado tu consentimiento para participar en la encuesta.";3;2;2;1;4;1;7;0;2;2;8;9;7;6;2;1
"Eres: una persona más de 54 años de Chile. Has leído y aceptado participar en una encuesta realizada por un equipo de investigadores de estadística e informática que está recopilando datos sobre la intención de voto en las elecciones presidenciales de Chile del 16 de noviembre de 2025. El grupo de contactos puede incluir familia, amigos o compañeros de trabajo cuya intención de voto conoces. Entiendes que: - Las respuestas son anónimas; los investigadores no pueden identificar a los participantes. - Los datos no pueden modificarse ni eliminarse una vez enviados. - Los datos pueden publicarse de forma agregada bajo la licencia Open Data Commons Attribution. - Los resultados no se publicarán antes de que hayan concluido las elecciones presidenciales de Chile de 2025. Por favor, responde a las siguientes preguntas considerando que has dado tu consentimiento para participar en la encuesta.";2;3;2;1;6;1;10;1;2;2;6;10;14;7;3;2
"Eres: una persona más de 54 años de Chile. Has leído y aceptado participar en una encuesta realizada por un equipo de investigadores de estadística e informática que está recopilando datos sobre la intención de voto en las elecciones presidenciales de Chile del 16 de noviembre de 2025. El grupo de contactos puede incluir familia, amigos o compañeros de trabajo cuya intención de voto conoces. Entiendes que: - Las respuestas son anónimas; los investigadores no pueden identificar a los participantes. - Los datos no pueden modificarse ni eliminarse una vez enviados. - Los datos pueden publicarse de forma agregada bajo la licencia Open Data Commons Attribution. - Los resultados no se publicarán antes de que hayan concluido las elecciones presidenciales de Chile de 2025. Por favor, responde a las siguientes preguntas considerando que has dado tu consentimiento para participar en la encuesta.";3;4;3;1;7;1;10;1;3;3;9;12;15;8;3;2
"Eres: una persona más de 54 años de Chile. Has leído y aceptado participar en una encuesta realizada por un equipo de investigadores de estadística e informática que está recopilando datos sobre la intención de voto en las elecciones presidenciales de Chile del 16 de noviembre de 2025. El grupo de contactos puede incluir familia, amigos o compañeros de trabajo cuya intención de voto conoces. Entiendes que: - Las respuestas son anónimas; los investigadores no pueden identificar a los participantes. - Los datos no pueden modificarse ni eliminarse una vez enviados. - Los datos pueden publicarse de forma agregada bajo la licencia Open Data Commons Attribution. - Los resultados no se publicarán antes de que hayan concluido las elecciones presidenciales de Chile de 2025. Por favor, responde a las siguientes preguntas considerando que has dado tu consentimiento para participar en la encuesta.";2;3;2;1;4;1;9;1;3;2;6;10;12;7;3;2
"Eres: una persona más de 54 años de Chile. Has leído y aceptado participar en una encuesta realizada por un equipo de investigadores de estadística e informática que está recopilando datos sobre la intención de voto en las elecciones presidenciales de Chile del 16 de noviembre de 2025. El grupo de contactos puede incluir familia, amigos o compañeros de trabajo cuya intención de voto conoces. Entiendes que: - Las respuestas son anónimas; los investigadores no pueden identificar a los participantes. - Los datos no pueden modificarse ni eliminarse una vez enviados. - Los datos pueden publicarse de forma agregada bajo la licencia Open Data Commons Attribution. - Los resultados no se publicarán antes de que hayan concluido las elecciones presidenciales de Chile de 2025. Por favor, responde a las siguientes preguntas considerando que has dado tu consentimiento para participar en la encuesta.";2;3;1;0;5;1;7;0;3;8;8;12;10;7;3;2
"Eres: una persona más de 54 años de Chile. Has leído y aceptado participar en una encuesta realizada por un equipo de investigadores de estadística e informática que está recopilando datos sobre la intención de voto en las elecciones presidenciales de Chile del 16 de noviembre de 2025. El grupo de contactos puede incluir familia, amigos o compañeros de trabajo cuya intención de voto conoces. Entiendes que: - Las respuestas son anónimas; los investigadores no pueden identificar a los participantes. - Los datos no pueden modificarse ni eliminarse una vez enviados. - Los datos pueden publicarse de forma agregada bajo la licencia Open Data Commons Attribution. - Los resultados no se publicarán antes de que hayan concluido las elecciones presidenciales de Chile de 2025. Por favor, responde a las siguientes preguntas considerando que has dado tu consentimiento para participar en la encuesta.";2;3;2;1;6;1;8;1;3;5;8;14;10;7;3;2
"Eres: una persona más de 54 años de Chile. Has leído y aceptado participar en una encuesta realizada por un equipo de investigadores de estadística e informática que está recopilando datos sobre la intención de voto en las elecciones presidenciales de Chile del 16 de noviembre de 2025. El grupo de contactos puede incluir familia, amigos o compañeros de trabajo cuya intención de voto conoces. Entiendes que: - Las respuestas son anónimas; los investigadores no pueden identificar a los participantes. - Los datos no pueden modificarse ni eliminarse una vez enviados. - Los datos pueden publicarse de forma agregada bajo la licencia Open Data Commons Attribution. - Los resultados no se publicarán antes de que hayan concluido las elecciones presidenciales de Chile de 2025. Por favor, responde a las siguientes preguntas considerando que has dado tu consentimiento para participar en la encuesta.";3;4;3;1;5;1;8;1;2;2;7;10;13;6;2;1
"Eres: una persona más de 54 años de Chile. Has leído y aceptado participar en una encuesta realizada por un equipo de investigadores de estadística e informática que está recopilando datos sobre la intención de voto en las elecciones presidenciales de Chile del 16 de noviembre de 2025. El grupo de contactos puede incluir familia, amigos o compañeros de trabajo cuya intención de voto conoces. Entiendes que: - Las respuestas son anónimas; los investigadores no pueden identificar a los participantes. - Los datos no pueden modificarse ni eliminarse una vez enviados. - Los datos pueden publicarse de forma agregada bajo la licencia Open Data Commons Attribution. - Los resultados no se publicarán antes de que hayan concluido las elecciones presidenciales de Chile de 2025. Por favor, responde a las siguientes preguntas considerando que has dado tu consentimiento para participar en la encuesta.";2;4;3;1;5;1;9;0;3;4;6;10;16;7;3;2
"Eres: una persona más de 54 años de Chile. Has leído y aceptado participar en una encuesta realizada por un equipo de investigadores de estadística e informática que está recopilando datos sobre la intención de voto en las elecciones presidenciales de Chile del 16 de noviembre de 2025. El grupo de contactos puede incluir familia, amigos o compañeros de trabajo cuya intención de voto conoces. Entiendes que: - Las respuestas son anónimas; los investigadores no pueden identificar a los participantes. - Los datos no pueden modificarse ni eliminarse una vez enviados. - Los datos pueden publicarse de forma agregada bajo la licencia Open Data Commons Attribution. - Los resultados no se publicarán antes de que hayan concluido las elecciones presidenciales de Chile de 2025. Por favor, responde a las siguientes preguntas considerando que has dado tu consentimiento para participar en la encuesta.";3;2;3;1;5;1;8;1;2;2;6;10;12;7;3;2
"Eres: una persona más de 54 años de Chile. Has leído y aceptado participar en una encuesta realizada por un equipo de investigadores de estadística e informática que está recopilando datos sobre la intención de voto en las elecciones presidenciales de Chile del 16 de noviembre de 2025. El grupo de contactos puede incluir familia, amigos o compañeros de trabajo cuya intención de voto conoces. Entiendes que: - Las respuestas son anónimas; los investigadores no pueden identificar a los participantes. - Los datos no pueden modificarse ni eliminarse una vez enviados. - Los datos pueden publicarse de forma agregada bajo la licencia Open Data Commons Attribution. - Los resultados no se publicarán antes de que hayan concluido las elecciones presidenciales de Chile de 2025. Por favor, responde a las siguientes preguntas considerando que has dado tu consentimiento para participar en la encuesta.";2;3;1;1;6;0;9;1;3;8;9;12;13;7;3;2
"Eres: una persona más de 54 años de Chile. Has leído y aceptado participar en una encuesta realizada por un equipo de investigadores de estadística e informática que está recopilando datos sobre la intención de voto en las elecciones presidenciales de Chile del 16 de noviembre de 2025. El grupo de contactos puede incluir familia, amigos o compañeros de trabajo cuya intención de voto conoces. Entiendes que: - Las respuestas son anónimas; los investigadores no pueden identificar a los participantes. - Los datos no pueden modificarse ni eliminarse una vez enviados. - Los datos pueden publicarse de forma agregada bajo la licencia Open Data Commons Attribution. - Los resultados no se publicarán antes de que hayan concluido las elecciones presidenciales de Chile de 2025. Por favor, responde a las siguientes preguntas considerando que has dado tu consentimiento para participar en la encuesta.";3;2;2;1;7;1;8;1;3;4;9;11;12;9;3;2
"Eres: una persona más de 54 años de Chile. Has leído y aceptado participar en una encuesta realizada por un equipo de investigadores de estadística e informática que está recopilando datos sobre la intención de voto en las elecciones presidenciales de Chile del 16 de noviembre de 2025. El grupo de contactos puede incluir familia, amigos o compañeros de trabajo cuya intención de voto conoces. Entiendes que: - Las respuestas son anónimas; los investigadores no pueden identificar a los participantes. - Los datos no pueden modificarse ni eliminarse una vez enviados. - Los datos pueden publicarse de forma agregada bajo la licencia Open Data Commons Attribution. - Los resultados no se publicarán antes de que hayan concluido las elecciones presidenciales de Chile de 2025. Por favor, responde a las siguientes preguntas considerando que has dado tu consentimiento para participar en la encuesta.";1;2;2;1;5;0;8;0;2;3;6;8;10;5;2;1
"Eres: una persona más de 54 años de Chile. Has leído y aceptado participar en una encuesta realizada por un equipo de investigadores de estadística e informática que está recopilando datos sobre la intención de voto en las elecciones presidenciales de Chile del 16 de noviembre de 2025. El grupo de contactos puede incluir familia, amigos o compañeros de trabajo cuya intención de voto conoces. Entiendes que: - Las respuestas son anónimas; los investigadores no pueden identificar a los participantes. - Los datos no pueden modificarse ni eliminarse una vez enviados. - Los datos pueden publicarse de forma agregada bajo la licencia Open Data Commons Attribution. - Los resultados no se publicarán antes de que hayan concluido las elecciones presidenciales de Chile de 2025. Por favor, responde a las siguientes preguntas considerando que has dado tu consentimiento para participar en la encuesta.";2;3;2;1;6;1;9;2;4;6;10;16;10;8;3;2
"Eres: una persona más de 54 años de Chile. Has leído y aceptado participar en una encuesta realizada por un equipo de investigadores de estadística e informática que está recopilando datos sobre la intención de voto en las elecciones presidenciales de Chile del 16 de noviembre de 2025. El grupo de contactos puede incluir familia, amigos o compañeros de trabajo cuya intención de voto conoces. Entiendes que: - Las respuestas son anónimas; los investigadores no pueden identificar a los participantes. - Los datos no pueden modificarse ni eliminarse una vez enviados. - Los datos pueden publicarse de forma agregada bajo la licencia Open Data Commons Attribution. - Los resultados no se publicarán antes de que hayan concluido las elecciones presidenciales de Chile de 2025. Por favor, responde a las siguientes preguntas considerando que has dado tu consentimiento para participar en la encuesta.";3;4;2;1;6;1;10;1;3;6;8;12;17;9;3;2
"Eres: una persona más de 54 años de Chile. Has leído y aceptado participar en una encuesta realizada por un equipo de investigadores de estadística e informática que está recopilando datos sobre la intención de voto en las elecciones presidenciales de Chile del 16 de noviembre de 2025. El grupo de contactos puede incluir familia, amigos o compañeros de trabajo cuya intención de voto conoces. Entiendes que: - Las respuestas son anónimas; los investigadores no pueden identificar a los participantes. - Los datos no pueden modificarse ni eliminarse una vez enviados. - Los datos pueden publicarse de forma agregada bajo la licencia Open Data Commons Attribution. - Los resultados no se publicarán antes de que hayan concluido las elecciones presidenciales de Chile de 2025. Por favor, responde a las siguientes preguntas considerando que has dado tu consentimiento para participar en la encuesta.";3;4;2;1;7;1;9;1;4;8;9;13;18;11;4;3
"Eres: una persona más de 54 años de Chile. Has leído y aceptado participar en una encuesta realizada por un equipo de investigadores de estadística e informática que está recopilando datos sobre la intención de voto en las elecciones presidenciales de Chile del 16 de noviembre de 2025. El grupo de contactos puede incluir familia, amigos o compañeros de trabajo cuya intención de voto conoces. Entiendes que: - Las respuestas son anónimas; los investigadores no pueden identificar a los participantes. - Los datos no pueden modificarse ni eliminarse una vez enviados. - Los datos pueden publicarse de forma agregada bajo la licencia Open Data Commons Attribution. - Los resultados no se publicarán antes de que hayan concluido las elecciones presidenciales de Chile de 2025. Por favor, responde a las siguientes preguntas considerando que has dado tu consentimiento para participar en la encuesta.";2;5;3;1;6;1;9;0;1;2;6;12;12;8;3;2
"Eres: una persona más de 54 años de Chile. Has leído y aceptado participar en una encuesta realizada por un equipo de investigadores de estadística e informática que está recopilando datos sobre la intención de voto en las elecciones presidenciales de Chile del 16 de noviembre de 2025. El grupo de contactos puede incluir familia, amigos o compañeros de trabajo cuya intención de voto conoces. Entiendes que: - Las respuestas son anónimas; los investigadores no pueden identificar a los participantes. - Los datos no pueden modificarse ni eliminarse una vez enviados. - Los datos pueden publicarse de forma agregada bajo la licencia Open Data Commons Attribution. - Los resultados no se publicarán antes de que hayan concluido las elecciones presidenciales de Chile de 2025. Por favor, responde a las siguientes preguntas considerando que has dado tu consentimiento para participar en la encuesta.";3;4;2;1;5;1;9;1;3;3;8;12;12;7;3;2
"Eres: una persona más de 54 años de Chile. Has leído y aceptado participar en una encuesta realizada por un equipo de investigadores de estadística e informática que está recopilando datos sobre la intención de voto en las elecciones presidenciales de Chile del 16 de noviembre de 2025. El grupo de contactos puede incluir familia, amigos o compañeros de trabajo cuya intención de voto conoces. Entiendes que: - Las respuestas son anónimas; los investigadores no pueden identificar a los participantes. - Los datos no pueden modificarse ni eliminarse una vez enviados. - Los datos pueden publicarse de forma agregada bajo la licencia Open Data Commons Attribution. - Los resultados no se publicarán antes de que hayan concluido las elecciones presidenciales de Chile de 2025. Por favor, responde a las siguientes preguntas considerando que has dado tu consentimiento para participar en la encuesta.";3;4;2;1;5;1;10;1;2;3;9;13;10;7;3;2
"Eres: una persona más de 54 años de Chile. Has leído y aceptado participar en una encuesta realizada por un equipo de investigadores de estadística e informática que está recopilando datos sobre la intención de voto en las elecciones presidenciales de Chile del 16 de noviembre de 2025. El grupo de contactos puede incluir familia, amigos o compañeros de trabajo cuya intención de voto conoces. Entiendes que: - Las respuestas son anónimas; los investigadores no pueden identificar a los participantes. - Los datos no pueden modificarse ni eliminarse una vez enviados. - Los datos pueden publicarse de forma agregada bajo la licencia Open Data Commons Attribution. - Los resultados no se publicarán antes de que hayan concluido las elecciones presidenciales de Chile de 2025. Por favor, responde a las siguientes preguntas considerando que has dado tu consentimiento para participar en la encuesta.";2;7;3;1;8;1;14;0;3;3;10;16;16;9;4;2
"Eres: una persona más de 54 años de Chile. Has leído y aceptado participar en una encuesta realizada por un equipo de investigadores de estadística e informática que está recopilando datos sobre la intención de voto en las elecciones presidenciales de Chile del 16 de noviembre de 2025. El grupo de contactos puede incluir familia, amigos o compañeros de trabajo cuya intención de voto conoces. Entiendes que: - Las respuestas son anónimas; los investigadores no pueden identificar a los participantes. - Los datos no pueden modificarse ni eliminarse una vez enviados. - Los datos pueden publicarse de forma agregada bajo la licencia Open Data Commons Attribution. - Los resultados no se publicarán antes de que hayan concluido las elecciones presidenciales de Chile de 2025. Por favor, responde a las siguientes preguntas considerando que has dado tu consentimiento para participar en la encuesta.";2;3;2;1;6;1;8;1;3;3;9;12;9;7;3;2
"Eres: una persona más de 54 años de Chile. Has leído y aceptado participar en una encuesta realizada por un equipo de investigadores de estadística e informática que está recopilando datos sobre la intención de voto en las elecciones presidenciales de Chile del 16 de noviembre de 2025. El grupo de contactos puede incluir familia, amigos o compañeros de trabajo cuya intención de voto conoces. Entiendes que: - Las respuestas son anónimas; los investigadores no pueden identificar a los participantes. - Los datos no pueden modificarse ni eliminarse una vez enviados. - Los datos pueden publicarse de forma agregada bajo la licencia Open Data Commons Attribution. - Los resultados no se publicarán antes de que hayan concluido las elecciones presidenciales de Chile de 2025. Por favor, responde a las siguientes preguntas considerando que has dado tu consentimiento para participar en la encuesta.";2;3;1;1;4;1;7;1;3;7;8;12;10;9;3;2
"Eres: una persona más de 54 años de Chile. Has leído y aceptado participar en una encuesta realizada por un equipo de investigadores de estadística e informática que está recopilando datos sobre la intención de voto en las elecciones presidenciales de Chile del 16 de noviembre de 2025. El grupo de contactos puede incluir familia, amigos o compañeros de trabajo cuya intención de voto conoces. Entiendes que: - Las respuestas son anónimas; los investigadores no pueden identificar a los participantes. - Los datos no pueden modificarse ni eliminarse una vez enviados. - Los datos pueden publicarse de forma agregada bajo la licencia Open Data Commons Attribution. - Los resultados no se publicarán antes de que hayan concluido las elecciones presidenciales de Chile de 2025. Por favor, responde a las siguientes preguntas considerando que has dado tu consentimiento para participar en la encuesta.";3;5;2;1;7;1;10;0;3;4;12;15;9;11;4;2
"Eres: una persona más de 54 años de Chile. Has leído y aceptado participar en una encuesta realizada por un equipo de investigadores de estadística e informática que está recopilando datos sobre la intención de voto en las elecciones presidenciales de Chile del 16 de noviembre de 2025. El grupo de contactos puede incluir familia, amigos o compañeros de trabajo cuya intención de voto conoces. Entiendes que: - Las respuestas son anónimas; los investigadores no pueden identificar a los participantes. - Los datos no pueden modificarse ni eliminarse una vez enviados. - Los datos pueden publicarse de forma agregada bajo la licencia Open Data Commons Attribution. - Los resultados no se publicarán antes de que hayan concluido las elecciones presidenciales de Chile de 2025. Por favor, responde a las siguientes preguntas considerando que has dado tu consentimiento para participar en la encuesta.";4;3;2;1;8;1;10;2;3;6;10;16;14;12;3;2
"Eres: una persona más de 54 años de Chile. Has leído y aceptado participar en una encuesta realizada por un equipo de investigadores de estadística e informática que está recopilando datos sobre la intención de voto en las elecciones presidenciales de Chile del 16 de noviembre de 2025. El grupo de contactos puede incluir familia, amigos o compañeros de trabajo cuya intención de voto conoces. Entiendes que: - Las respuestas son anónimas; los investigadores no pueden identificar a los participantes. - Los datos no pueden modificarse ni eliminarse una vez enviados. - Los datos pueden publicarse de forma agregada bajo la licencia Open Data Commons Attribution. - Los resultados no se publicarán antes de que hayan concluido las elecciones presidenciales de Chile de 2025. Por favor, responde a las siguientes preguntas considerando que has dado tu consentimiento para participar en la encuesta.";1;3;2;1;4;0;9;1;2;4;7;11;9;6;3;2
"Eres: una persona más de 54 años de Chile. Has leído y aceptado participar en una encuesta realizada por un equipo de investigadores de estadística e informática que está recopilando datos sobre la intención de voto en las elecciones presidenciales de Chile del 16 de noviembre de 2025. El grupo de contactos puede incluir familia, amigos o compañeros de trabajo cuya intención de voto conoces. Entiendes que: - Las respuestas son anónimas; los investigadores no pueden identificar a los participantes. - Los datos no pueden modificarse ni eliminarse una vez enviados. - Los datos pueden publicarse de forma agregada bajo la licencia Open Data Commons Attribution. - Los resultados no se publicarán antes de que hayan concluido las elecciones presidenciales de Chile de 2025. Por favor, responde a las siguientes preguntas considerando que has dado tu consentimiento para participar en la encuesta.";2;2;2;1;5;1;6;0;2;5;6;10;10;7;3;2
"Eres: una persona más de 54 años de Chile. Has leído y aceptado participar en una encuesta realizada por un equipo de investigadores de estadística e informática que está recopilando datos sobre la intención de voto en las elecciones presidenciales de Chile del 16 de noviembre de 2025. El grupo de contactos puede incluir familia, amigos o compañeros de trabajo cuya intención de voto conoces. Entiendes que: - Las respuestas son anónimas; los investigadores no pueden identificar a los participantes. - Los datos no pueden modificarse ni eliminarse una vez enviados. - Los datos pueden publicarse de forma agregada bajo la licencia Open Data Commons Attribution. - Los resultados no se publicarán antes de que hayan concluido las elecciones presidenciales de Chile de 2025. Por favor, responde a las siguientes preguntas considerando que has dado tu consentimiento para participar en la encuesta.";2;4;1;0;6;0;9;1;3;6;8;12;12;7;3;2
"Eres: una persona más de 54 años de Chile. Has leído y aceptado participar en una encuesta realizada por un equipo de investigadores de estadística e informática que está recopilando datos sobre la intención de voto en las elecciones presidenciales de Chile del 16 de noviembre de 2025. El grupo de contactos puede incluir familia, amigos o compañeros de trabajo cuya intención de voto conoces. Entiendes que: - Las respuestas son anónimas; los investigadores no pueden identificar a los participantes. - Los datos no pueden modificarse ni eliminarse una vez enviados. - Los datos pueden publicarse de forma agregada bajo la licencia Open Data Commons Attribution. - Los resultados no se publicarán antes de que hayan concluido las elecciones presidenciales de Chile de 2025. Por favor, responde a las siguientes preguntas considerando que has dado tu consentimiento para participar en la encuesta.";3;3;2;1;5;1;12;0;4;9;10;15;15;9;3;2
"Eres: una persona más de 54 años de Chile. Has leído y aceptado participar en una encuesta realizada por un equipo de investigadores de estadística e informática que está recopilando datos sobre la intención de voto en las elecciones presidenciales de Chile del 16 de noviembre de 2025. El grupo de contactos puede incluir familia, amigos o compañeros de trabajo cuya intención de voto conoces. Entiendes que: - Las respuestas son anónimas; los investigadores no pueden identificar a los participantes. - Los datos no pueden modificarse ni eliminarse una vez enviados. - Los datos pueden publicarse de forma agregada bajo la licencia Open Data Commons Attribution. - Los resultados no se publicarán antes de que hayan concluido las elecciones presidenciales de Chile de 2025. Por favor, responde a las siguientes preguntas considerando que has dado tu consentimiento para participar en la encuesta.";3;5;2;1;8;1;12;1;3;4;10;15;15;7;4;3
"Eres: una persona más de 54 años de Chile. Has leído y aceptado participar en una encuesta realizada por un equipo de investigadores de estadística e informática que está recopilando datos sobre la intención de voto en las elecciones presidenciales de Chile del 16 de noviembre de 2025. El grupo de contactos puede incluir familia, amigos o compañeros de trabajo cuya intención de voto conoces. Entiendes que: - Las respuestas son anónimas; los investigadores no pueden identificar a los participantes. - Los datos no pueden modificarse ni eliminarse una vez enviados. - Los datos pueden publicarse de forma agregada bajo la licencia Open Data Commons Attribution. - Los resultados no se publicarán antes de que hayan concluido las elecciones presidenciales de Chile de 2025. Por favor, responde a las siguientes preguntas considerando que has dado tu consentimiento para participar en la encuesta.";2;3;2;1;6;1;7;1;2;3;8;11;9;7;3;2
"Eres: una persona más de 54 años de Chile. Has leído y aceptado participar en una encuesta realizada por un equipo de investigadores de estadística e informática que está recopilando datos sobre la intención de voto en las elecciones presidenciales de Chile del 16 de noviembre de 2025. El grupo de contactos puede incluir familia, amigos o compañeros de trabajo cuya intención de voto conoces. Entiendes que: - Las respuestas son anónimas; los investigadores no pueden identificar a los participantes. - Los datos no pueden modificarse ni eliminarse una vez enviados. - Los datos pueden publicarse de forma agregada bajo la licencia Open Data Commons Attribution. - Los resultados no se publicarán antes de que hayan concluido las elecciones presidenciales de Chile de 2025. Por favor, responde a las siguientes preguntas considerando que has dado tu consentimiento para participar en la encuesta.";2;3;2;1;6;1;7;1;3;4;7;10;13;8;3;2
"Eres: una persona más de 54 años de Chile. Has leído y aceptado participar en una encuesta realizada por un equipo de investigadores de estadística e informática que está recopilando datos sobre la intención de voto en las elecciones presidenciales de Chile del 16 de noviembre de 2025. El grupo de contactos puede incluir familia, amigos o compañeros de trabajo cuya intención de voto conoces. Entiendes que: - Las respuestas son anónimas; los investigadores no pueden identificar a los participantes. - Los datos no pueden modificarse ni eliminarse una vez enviados. - Los datos pueden publicarse de forma agregada bajo la licencia Open Data Commons Attribution. - Los resultados no se publicarán antes de que hayan concluido las elecciones presidenciales de Chile de 2025. Por favor, responde a las siguientes preguntas considerando que has dado tu consentimiento para participar en la encuesta.";2;3;2;1;6;1;9;1;2;3;7;9;14;6;3;2
"Eres: una persona más de 54 años de Chile. Has leído y aceptado participar en una encuesta realizada por un equipo de investigadores de estadística e informática que está recopilando datos sobre la intención de voto en las elecciones presidenciales de Chile del 16 de noviembre de 2025. El grupo de contactos puede incluir familia, amigos o compañeros de trabajo cuya intención de voto conoces. Entiendes que: - Las respuestas son anónimas; los investigadores no pueden identificar a los participantes. - Los datos no pueden modificarse ni eliminarse una vez enviados. - Los datos pueden publicarse de forma agregada bajo la licencia Open Data Commons Attribution. - Los resultados no se publicarán antes de que hayan concluido las elecciones presidenciales de Chile de 2025. Por favor, responde a las siguientes preguntas considerando que has dado tu consentimiento para participar en la encuesta.";3;4;2;1;5;1;6;1;3;4;9;12;9;7;3;2
"Eres: una persona más de 54 años de Chile. Has leído y aceptado participar en una encuesta realizada por un equipo de investigadores de estadística e informática que está recopilando datos sobre la intención de voto en las elecciones presidenciales de Chile del 16 de noviembre de 2025. El grupo de contactos puede incluir familia, amigos o compañeros de trabajo cuya intención de voto conoces. Entiendes que: - Las respuestas son anónimas; los investigadores no pueden identificar a los participantes. - Los datos no pueden modificarse ni eliminarse una vez enviados. - Los datos pueden publicarse de forma agregada bajo la licencia Open Data Commons Attribution. - Los resultados no se publicarán antes de que hayan concluido las elecciones presidenciales de Chile de 2025. Por favor, responde a las siguientes preguntas considerando que has dado tu consentimiento para participar en la encuesta.";3;4;2;1;5;1;6;1;3;4;9;11;10;7;3;2
"Eres: una persona más de 54 años de Chile. Has leído y aceptado participar en una encuesta realizada por un equipo de investigadores de estadística e informática que está recopilando datos sobre la intención de voto en las elecciones presidenciales de Chile del 16 de noviembre de 2025. El grupo de contactos puede incluir familia, amigos o compañeros de trabajo cuya intención de voto conoces. Entiendes que: - Las respuestas son anónimas; los investigadores no pueden identificar a los participantes. - Los datos no pueden modificarse ni eliminarse una vez enviados. - Los datos pueden publicarse de forma agregada bajo la licencia Open Data Commons Attribution. - Los resultados no se publicarán antes de que hayan concluido las elecciones presidenciales de Chile de 2025. Por favor, responde a las siguientes preguntas considerando que has dado tu consentimiento para participar en la encuesta.";2;3;2;1;4;1;7;1;2;2;6;9;10;7;3;2
"Eres: una persona más de 54 años de Chile. Has leído y aceptado participar en una encuesta realizada por un equipo de investigadores de estadística e informática que está recopilando datos sobre la intención de voto en las elecciones presidenciales de Chile del 16 de noviembre de 2025. El grupo de contactos puede incluir familia, amigos o compañeros de trabajo cuya intención de voto conoces. Entiendes que: - Las respuestas son anónimas; los investigadores no pueden identificar a los participantes. - Los datos no pueden modificarse ni eliminarse una vez enviados. - Los datos pueden publicarse de forma agregada bajo la licencia Open Data Commons Attribution. - Los resultados no se publicarán antes de que hayan concluido las elecciones presidenciales de Chile de 2025. Por favor, responde a las siguientes preguntas considerando que has dado tu consentimiento para participar en la encuesta.";2;3;2;1;6;1;7;1;3;6;7;10;15;9;3;2
"Eres: una persona más de 54 años de Chile. Has leído y aceptado participar en una encuesta realizada por un equipo de investigadores de estadística e informática que está recopilando datos sobre la intención de voto en las elecciones presidenciales de Chile del 16 de noviembre de 2025. El grupo de contactos puede incluir familia, amigos o compañeros de trabajo cuya intención de voto conoces. Entiendes que: - Las respuestas son anónimas; los investigadores no pueden identificar a los participantes. - Los datos no pueden modificarse ni eliminarse una vez enviados. - Los datos pueden publicarse de forma agregada bajo la licencia Open Data Commons Attribution. - Los resultados no se publicarán antes de que hayan concluido las elecciones presidenciales de Chile de 2025. Por favor, responde a las siguientes preguntas considerando que has dado tu consentimiento para participar en la encuesta.";2;3;2;1;6;1;7;1;2;3;6;9;13;9;3;2
"Eres: una persona más de 54 años de Chile. Has leído y aceptado participar en una encuesta realizada por un equipo de investigadores de estadística e informática que está recopilando datos sobre la intención de voto en las elecciones presidenciales de Chile del 16 de noviembre de 2025. El grupo de contactos puede incluir familia, amigos o compañeros de trabajo cuya intención de voto conoces. Entiendes que: - Las respuestas son anónimas; los investigadores no pueden identificar a los participantes. - Los datos no pueden modificarse ni eliminarse una vez enviados. - Los datos pueden publicarse de forma agregada bajo la licencia Open Data Commons Attribution. - Los resultados no se publicarán antes de que hayan concluido las elecciones presidenciales de Chile de 2025. Por favor, responde a las siguientes preguntas considerando que has dado tu consentimiento para participar en la encuesta.";4;5;2;1;8;1;12;1;3;3;12;16;12;9;4;2
"Eres: una persona más de 54 años de Chile. Has leído y aceptado participar en una encuesta realizada por un equipo de investigadores de estadística e informática que está recopilando datos sobre la intención de voto en las elecciones presidenciales de Chile del 16 de noviembre de 2025. El grupo de contactos puede incluir familia, amigos o compañeros de trabajo cuya intención de voto conoces. Entiendes que: - Las respuestas son anónimas; los investigadores no pueden identificar a los participantes. - Los datos no pueden modificarse ni eliminarse una vez enviados. - Los datos pueden publicarse de forma agregada bajo la licencia Open Data Commons Attribution. - Los resultados no se publicarán antes de que hayan concluido las elecciones presidenciales de Chile de 2025. Por favor, responde a las siguientes preguntas considerando que has dado tu consentimiento para participar en la encuesta.";3;4;2;1;5;1;9;1;3;5;10;12;12;8;4;3
"Eres: una persona más de 54 años de Chile. Has leído y aceptado participar en una encuesta realizada por un equipo de investigadores de estadística e informática que está recopilando datos sobre la intención de voto en las elecciones presidenciales de Chile del 16 de noviembre de 2025. El grupo de contactos puede incluir familia, amigos o compañeros de trabajo cuya intención de voto conoces. Entiendes que: - Las respuestas son anónimas; los investigadores no pueden identificar a los participantes. - Los datos no pueden modificarse ni eliminarse una vez enviados. - Los datos pueden publicarse de forma agregada bajo la licencia Open Data Commons Attribution. - Los resultados no se publicarán antes de que hayan concluido las elecciones presidenciales de Chile de 2025. Por favor, responde a las siguientes preguntas considerando que has dado tu consentimiento para participar en la encuesta.";3;2;2;1;5;1;9;0;3;2;6;10;12;7;3;2
