Age;FPF;JJR;MAE-OG;JKB-VH;JAKR;EAAB;EMF;HM-NS;Blank;NS/NC;age.18.34;age.35.54;age.over.54;independent;unemployed;doctor
"Eres: una persona entre 18 y 24 años de Chile. Has leído y aceptado participar en una encuesta realizada por un equipo de investigadores de estadística e informática que está recopilando datos sobre la intención de voto en las elecciones presidenciales de Chile del 16 de noviembre de 2025. El grupo de contactos puede incluir familia, amigos o compañeros de trabajo cuya intención de voto conoces. Entiendes que: - Las respuestas son anónimas; los investigadores no pueden identificar a los participantes. - Los datos no pueden modificarse ni eliminarse una vez enviados. - Los datos pueden publicarse de forma agregada bajo la licencia Open Data Commons Attribution. - Los resultados no se publicarán antes de que hayan concluido las elecciones presidenciales de Chile de 2025. Por favor, responde a las siguientes preguntas considerando que has dado tu consentimiento para participar en la encuesta.";5;2;3;0;8;1;4;0;6;10;15;10;5;7;3;2
"Eres: una persona entre 18 y 24 años de Chile. Has leído y aceptado participar en una encuesta realizada por un equipo de investigadores de estadística e informática que está recopilando datos sobre la intención de voto en las elecciones presidenciales de Chile del 16 de noviembre de 2025. El grupo de contactos puede incluir familia, amigos o compañeros de trabajo cuya intención de voto conoces. Entiendes que: - Las respuestas son anónimas; los investigadores no pueden identificar a los participantes. - Los datos no pueden modificarse ni eliminarse una vez enviados. - Los datos pueden publicarse de forma agregada bajo la licencia Open Data Commons Attribution. - Los resultados no se publicarán antes de que hayan concluido las elecciones presidenciales de Chile de 2025. Por favor, responde a las siguientes preguntas considerando que has dado tu consentimiento para participar en la encuesta.";2;3;1;0;4;1;3;1;2;5;8;4;4;6;2;3
"Eres: una persona entre 18 y 24 años de Chile. Has leído y aceptado participar en una encuesta realizada por un equipo de investigadores de estadística e informática que está recopilando datos sobre la intención de voto en las elecciones presidenciales de Chile del 16 de noviembre de 2025. El grupo de contactos puede incluir familia, amigos o compañeros de trabajo cuya intención de voto conoces. Entiendes que: - Las respuestas son anónimas; los investigadores no pueden identificar a los participantes. - Los datos no pueden modificarse ni eliminarse una vez enviados. - Los datos pueden publicarse de forma agregada bajo la licencia Open Data Commons Attribution. - Los resultados no se publicarán antes de que hayan concluido las elecciones presidenciales de Chile de 2025. Por favor, responde a las siguientes preguntas considerando que has dado tu consentimiento para participar en la encuesta.";2;4;1;0;3;0;1;2;1;3;6;5;2;3;1;1
"Eres: una persona entre 18 y 24 años de Chile. Has leído y aceptado participar en una encuesta realizada por un equipo de investigadores de estadística e informática que está recopilando datos sobre la intención de voto en las elecciones presidenciales de Chile del 16 de noviembre de 2025. El grupo de contactos puede incluir familia, amigos o compañeros de trabajo cuya intención de voto conoces. Entiendes que: - Las respuestas son anónimas; los investigadores no pueden identificar a los participantes. - Los datos no pueden modificarse ni eliminarse una vez enviados. - Los datos pueden publicarse de forma agregada bajo la licencia Open Data Commons Attribution. - Los resultados no se publicarán antes de que hayan concluido las elecciones presidenciales de Chile de 2025. Por favor, responde a las siguientes preguntas considerando que has dado tu consentimiento para participar en la encuesta.";3;0;2;1;5;0;2;1;2;5;10;5;3;4;2;1
"Eres: una persona entre 18 y 24 años de Chile. Has leído y aceptado participar en una encuesta realizada por un equipo de investigadores de estadística e informática que está recopilando datos sobre la intención de voto en las elecciones presidenciales de Chile del 16 de noviembre de 2025. El grupo de contactos puede incluir familia, amigos o compañeros de trabajo cuya intención de voto conoces. Entiendes que: - Las respuestas son anónimas; los investigadores no pueden identificar a los participantes. - Los datos no pueden modificarse ni eliminarse una vez enviados. - Los datos pueden publicarse de forma agregada bajo la licencia Open Data Commons Attribution. - Los resultados no se publicarán antes de que hayan concluido las elecciones presidenciales de Chile de 2025. Por favor, responde a las siguientes preguntas considerando que has dado tu consentimiento para participar en la encuesta.";3;4;2;0;5;0;2;1;3;4;10;8;6;7;4;2
"Eres: una persona entre 18 y 24 años de Chile. Has leído y aceptado participar en una encuesta realizada por un equipo de investigadores de estadística e informática que está recopilando datos sobre la intención de voto en las elecciones presidenciales de Chile del 16 de noviembre de 2025. El grupo de contactos puede incluir familia, amigos o compañeros de trabajo cuya intención de voto conoces. Entiendes que: - Las respuestas son anónimas; los investigadores no pueden identificar a los participantes. - Los datos no pueden modificarse ni eliminarse una vez enviados. - Los datos pueden publicarse de forma agregada bajo la licencia Open Data Commons Attribution. - Los resultados no se publicarán antes de que hayan concluido las elecciones presidenciales de Chile de 2025. Por favor, responde a las siguientes preguntas considerando que has dado tu consentimiento para participar en la encuesta.";3;5;2;1;7;0;4;3;2;10;8;7;5;4;2;1
"Eres: una persona entre 18 y 24 años de Chile. Has leído y aceptado participar en una encuesta realizada por un equipo de investigadores de estadística e informática que está recopilando datos sobre la intención de voto en las elecciones presidenciales de Chile del 16 de noviembre de 2025. El grupo de contactos puede incluir familia, amigos o compañeros de trabajo cuya intención de voto conoces. Entiendes que: - Las respuestas son anónimas; los investigadores no pueden identificar a los participantes. - Los datos no pueden modificarse ni eliminarse una vez enviados. - Los datos pueden publicarse de forma agregada bajo la licencia Open Data Commons Attribution. - Los resultados no se publicarán antes de que hayan concluido las elecciones presidenciales de Chile de 2025. Por favor, responde a las siguientes preguntas considerando que has dado tu consentimiento para participar en la encuesta.";2;1;3;0;1;0;5;1;0;2;6;4;3;3;1;1
"Eres: una persona entre 18 y 24 años de Chile. Has leído y aceptado participar en una encuesta realizada por un equipo de investigadores de estadística e informática que está recopilando datos sobre la intención de voto en las elecciones presidenciales de Chile del 16 de noviembre de 2025. El grupo de contactos puede incluir familia, amigos o compañeros de trabajo cuya intención de voto conoces. Entiendes que: - Las respuestas son anónimas; los investigadores no pueden identificar a los participantes. - Los datos no pueden modificarse ni eliminarse una vez enviados. - Los datos pueden publicarse de forma agregada bajo la licencia Open Data Commons Attribution. - Los resultados no se publicarán antes de que hayan concluido las elecciones presidenciales de Chile de 2025. Por favor, responde a las siguientes preguntas considerando que has dado tu consentimiento para participar en la encuesta.";2;3;5;1;4;0;2;1;0;5;7;6;4;3;2;1
"Eres: una persona entre 18 y 24 años de Chile. Has leído y aceptado participar en una encuesta realizada por un equipo de investigadores de estadística e informática que está recopilando datos sobre la intención de voto en las elecciones presidenciales de Chile del 16 de noviembre de 2025. El grupo de contactos puede incluir familia, amigos o compañeros de trabajo cuya intención de voto conoces. Entiendes que: - Las respuestas son anónimas; los investigadores no pueden identificar a los participantes. - Los datos no pueden modificarse ni eliminarse una vez enviados. - Los datos pueden publicarse de forma agregada bajo la licencia Open Data Commons Attribution. - Los resultados no se publicarán antes de que hayan concluido las elecciones presidenciales de Chile de 2025. Por favor, responde a las siguientes preguntas considerando que has dado tu consentimiento para participar en la encuesta.";2;3;1;0;2;0;4;2;8;6;21;12;3;8;2;1
"Eres: una persona entre 18 y 24 años de Chile. Has leído y aceptado participar en una encuesta realizada por un equipo de investigadores de estadística e informática que está recopilando datos sobre la intención de voto en las elecciones presidenciales de Chile del 16 de noviembre de 2025. El grupo de contactos puede incluir familia, amigos o compañeros de trabajo cuya intención de voto conoces. Entiendes que: - Las respuestas son anónimas; los investigadores no pueden identificar a los participantes. - Los datos no pueden modificarse ni eliminarse una vez enviados. - Los datos pueden publicarse de forma agregada bajo la licencia Open Data Commons Attribution. - Los resultados no se publicarán antes de que hayan concluido las elecciones presidenciales de Chile de 2025. Por favor, responde a las siguientes preguntas considerando que has dado tu consentimiento para participar en la encuesta.";5;3;7;0;2;1;4;2;5;8;15;10;5;12;3;2
"Eres: una persona entre 18 y 24 años de Chile. Has leído y aceptado participar en una encuesta realizada por un equipo de investigadores de estadística e informática que está recopilando datos sobre la intención de voto en las elecciones presidenciales de Chile del 16 de noviembre de 2025. El grupo de contactos puede incluir familia, amigos o compañeros de trabajo cuya intención de voto conoces. Entiendes que: - Las respuestas son anónimas; los investigadores no pueden identificar a los participantes. - Los datos no pueden modificarse ni eliminarse una vez enviados. - Los datos pueden publicarse de forma agregada bajo la licencia Open Data Commons Attribution. - Los resultados no se publicarán antes de que hayan concluido las elecciones presidenciales de Chile de 2025. Por favor, responde a las siguientes preguntas considerando que has dado tu consentimiento para participar en la encuesta.";3;4;2;2;5;0;6;1;1;4;15;8;5;4;3;2
"Eres: una persona entre 18 y 24 años de Chile. Has leído y aceptado participar en una encuesta realizada por un equipo de investigadores de estadística e informática que está recopilando datos sobre la intención de voto en las elecciones presidenciales de Chile del 16 de noviembre de 2025. El grupo de contactos puede incluir familia, amigos o compañeros de trabajo cuya intención de voto conoces. Entiendes que: - Las respuestas son anónimas; los investigadores no pueden identificar a los participantes. - Los datos no pueden modificarse ni eliminarse una vez enviados. - Los datos pueden publicarse de forma agregada bajo la licencia Open Data Commons Attribution. - Los resultados no se publicarán antes de que hayan concluido las elecciones presidenciales de Chile de 2025. Por favor, responde a las siguientes preguntas considerando que has dado tu consentimiento para participar en la encuesta.";3;0;1;2;4;0;5;1;3;7;12;8;5;6;4;2
"Eres: una persona entre 18 y 24 años de Chile. Has leído y aceptado participar en una encuesta realizada por un equipo de investigadores de estadística e informática que está recopilando datos sobre la intención de voto en las elecciones presidenciales de Chile del 16 de noviembre de 2025. El grupo de contactos puede incluir familia, amigos o compañeros de trabajo cuya intención de voto conoces. Entiendes que: - Las respuestas son anónimas; los investigadores no pueden identificar a los participantes. - Los datos no pueden modificarse ni eliminarse una vez enviados. - Los datos pueden publicarse de forma agregada bajo la licencia Open Data Commons Attribution. - Los resultados no se publicarán antes de que hayan concluido las elecciones presidenciales de Chile de 2025. Por favor, responde a las siguientes preguntas considerando que has dado tu consentimiento para participar en la encuesta.";5;3;2;0;1;0;7;1;2;7;11;5;4;3;1;0
"Eres: una persona entre 18 y 24 años de Chile. Has leído y aceptado participar en una encuesta realizada por un equipo de investigadores de estadística e informática que está recopilando datos sobre la intención de voto en las elecciones presidenciales de Chile del 16 de noviembre de 2025. El grupo de contactos puede incluir familia, amigos o compañeros de trabajo cuya intención de voto conoces. Entiendes que: - Las respuestas son anónimas; los investigadores no pueden identificar a los participantes. - Los datos no pueden modificarse ni eliminarse una vez enviados. - Los datos pueden publicarse de forma agregada bajo la licencia Open Data Commons Attribution. - Los resultados no se publicarán antes de que hayan concluido las elecciones presidenciales de Chile de 2025. Por favor, responde a las siguientes preguntas considerando que has dado tu consentimiento para participar en la encuesta.";3;5;2;0;1;0;4;2;1;6;13;6;3;7;2;1
"Eres: una persona entre 18 y 24 años de Chile. Has leído y aceptado participar en una encuesta realizada por un equipo de investigadores de estadística e informática que está recopilando datos sobre la intención de voto en las elecciones presidenciales de Chile del 16 de noviembre de 2025. El grupo de contactos puede incluir familia, amigos o compañeros de trabajo cuya intención de voto conoces. Entiendes que: - Las respuestas son anónimas; los investigadores no pueden identificar a los participantes. - Los datos no pueden modificarse ni eliminarse una vez enviados. - Los datos pueden publicarse de forma agregada bajo la licencia Open Data Commons Attribution. - Los resultados no se publicarán antes de que hayan concluido las elecciones presidenciales de Chile de 2025. Por favor, responde a las siguientes preguntas considerando que has dado tu consentimiento para participar en la encuesta.";3;2;5;0;1;0;2;1;3;4;8;3;2;4;1;1
"Eres: una persona entre 18 y 24 años de Chile. Has leído y aceptado participar en una encuesta realizada por un equipo de investigadores de estadística e informática que está recopilando datos sobre la intención de voto en las elecciones presidenciales de Chile del 16 de noviembre de 2025. El grupo de contactos puede incluir familia, amigos o compañeros de trabajo cuya intención de voto conoces. Entiendes que: - Las respuestas son anónimas; los investigadores no pueden identificar a los participantes. - Los datos no pueden modificarse ni eliminarse una vez enviados. - Los datos pueden publicarse de forma agregada bajo la licencia Open Data Commons Attribution. - Los resultados no se publicarán antes de que hayan concluido las elecciones presidenciales de Chile de 2025. Por favor, responde a las siguientes preguntas considerando que has dado tu consentimiento para participar en la encuesta.";5;2;4;3;6;0;1;2;7;10;15;10;5;8;3;2
"Eres: una persona entre 18 y 24 años de Chile. Has leído y aceptado participar en una encuesta realizada por un equipo de investigadores de estadística e informática que está recopilando datos sobre la intención de voto en las elecciones presidenciales de Chile del 16 de noviembre de 2025. El grupo de contactos puede incluir familia, amigos o compañeros de trabajo cuya intención de voto conoces. Entiendes que: - Las respuestas son anónimas; los investigadores no pueden identificar a los participantes. - Los datos no pueden modificarse ni eliminarse una vez enviados. - Los datos pueden publicarse de forma agregada bajo la licencia Open Data Commons Attribution. - Los resultados no se publicarán antes de que hayan concluido las elecciones presidenciales de Chile de 2025. Por favor, responde a las siguientes preguntas considerando que has dado tu consentimiento para participar en la encuesta.";2;4;6;3;5;1;0;2;3;8;10;5;7;6;3;1
"Eres: una persona entre 18 y 24 años de Chile. Has leído y aceptado participar en una encuesta realizada por un equipo de investigadores de estadística e informática que está recopilando datos sobre la intención de voto en las elecciones presidenciales de Chile del 16 de noviembre de 2025. El grupo de contactos puede incluir familia, amigos o compañeros de trabajo cuya intención de voto conoces. Entiendes que: - Las respuestas son anónimas; los investigadores no pueden identificar a los participantes. - Los datos no pueden modificarse ni eliminarse una vez enviados. - Los datos pueden publicarse de forma agregada bajo la licencia Open Data Commons Attribution. - Los resultados no se publicarán antes de que hayan concluido las elecciones presidenciales de Chile de 2025. Por favor, responde a las siguientes preguntas considerando que has dado tu consentimiento para participar en la encuesta.";10;12;5;2;7;1;8;3;4;6;15;20;10;7;5;6
"Eres: una persona entre 18 y 24 años de Chile. Has leído y aceptado participar en una encuesta realizada por un equipo de investigadores de estadística e informática que está recopilando datos sobre la intención de voto en las elecciones presidenciales de Chile del 16 de noviembre de 2025. El grupo de contactos puede incluir familia, amigos o compañeros de trabajo cuya intención de voto conoces. Entiendes que: - Las respuestas son anónimas; los investigadores no pueden identificar a los participantes. - Los datos no pueden modificarse ni eliminarse una vez enviados. - Los datos pueden publicarse de forma agregada bajo la licencia Open Data Commons Attribution. - Los resultados no se publicarán antes de que hayan concluido las elecciones presidenciales de Chile de 2025. Por favor, responde a las siguientes preguntas considerando que has dado tu consentimiento para participar en la encuesta.";5;3;7;2;10;1;4;2;0;8;15;10;5;12;3;2
"Eres: una persona entre 18 y 24 años de Chile. Has leído y aceptado participar en una encuesta realizada por un equipo de investigadores de estadística e informática que está recopilando datos sobre la intención de voto en las elecciones presidenciales de Chile del 16 de noviembre de 2025. El grupo de contactos puede incluir familia, amigos o compañeros de trabajo cuya intención de voto conoces. Entiendes que: - Las respuestas son anónimas; los investigadores no pueden identificar a los participantes. - Los datos no pueden modificarse ni eliminarse una vez enviados. - Los datos pueden publicarse de forma agregada bajo la licencia Open Data Commons Attribution. - Los resultados no se publicarán antes de que hayan concluido las elecciones presidenciales de Chile de 2025. Por favor, responde a las siguientes preguntas considerando que has dado tu consentimiento para participar en la encuesta.";2;3;1;1;2;0;3;2;1;4;6;8;2;4;2;1
"Eres: una persona entre 18 y 24 años de Chile. Has leído y aceptado participar en una encuesta realizada por un equipo de investigadores de estadística e informática que está recopilando datos sobre la intención de voto en las elecciones presidenciales de Chile del 16 de noviembre de 2025. El grupo de contactos puede incluir familia, amigos o compañeros de trabajo cuya intención de voto conoces. Entiendes que: - Las respuestas son anónimas; los investigadores no pueden identificar a los participantes. - Los datos no pueden modificarse ni eliminarse una vez enviados. - Los datos pueden publicarse de forma agregada bajo la licencia Open Data Commons Attribution. - Los resultados no se publicarán antes de que hayan concluido las elecciones presidenciales de Chile de 2025. Por favor, responde a las siguientes preguntas considerando que has dado tu consentimiento para participar en la encuesta.";5;4;3;0;2;0;6;4;1;4;12;9;7;6;2;1
"Eres: una persona entre 18 y 24 años de Chile. Has leído y aceptado participar en una encuesta realizada por un equipo de investigadores de estadística e informática que está recopilando datos sobre la intención de voto en las elecciones presidenciales de Chile del 16 de noviembre de 2025. El grupo de contactos puede incluir familia, amigos o compañeros de trabajo cuya intención de voto conoces. Entiendes que: - Las respuestas son anónimas; los investigadores no pueden identificar a los participantes. - Los datos no pueden modificarse ni eliminarse una vez enviados. - Los datos pueden publicarse de forma agregada bajo la licencia Open Data Commons Attribution. - Los resultados no se publicarán antes de que hayan concluido las elecciones presidenciales de Chile de 2025. Por favor, responde a las siguientes preguntas considerando que has dado tu consentimiento para participar en la encuesta.";3;1;2;0;5;0;2;1;1;6;12;8;4;7;2;1
"Eres: una persona entre 18 y 24 años de Chile. Has leído y aceptado participar en una encuesta realizada por un equipo de investigadores de estadística e informática que está recopilando datos sobre la intención de voto en las elecciones presidenciales de Chile del 16 de noviembre de 2025. El grupo de contactos puede incluir familia, amigos o compañeros de trabajo cuya intención de voto conoces. Entiendes que: - Las respuestas son anónimas; los investigadores no pueden identificar a los participantes. - Los datos no pueden modificarse ni eliminarse una vez enviados. - Los datos pueden publicarse de forma agregada bajo la licencia Open Data Commons Attribution. - Los resultados no se publicarán antes de que hayan concluido las elecciones presidenciales de Chile de 2025. Por favor, responde a las siguientes preguntas considerando que has dado tu consentimiento para participar en la encuesta.";2;1;0;4;6;0;3;0;2;1;8;6;0;3;0;1
"Eres: una persona entre 18 y 24 años de Chile. Has leído y aceptado participar en una encuesta realizada por un equipo de investigadores de estadística e informática que está recopilando datos sobre la intención de voto en las elecciones presidenciales de Chile del 16 de noviembre de 2025. El grupo de contactos puede incluir familia, amigos o compañeros de trabajo cuya intención de voto conoces. Entiendes que: - Las respuestas son anónimas; los investigadores no pueden identificar a los participantes. - Los datos no pueden modificarse ni eliminarse una vez enviados. - Los datos pueden publicarse de forma agregada bajo la licencia Open Data Commons Attribution. - Los resultados no se publicarán antes de que hayan concluido las elecciones presidenciales de Chile de 2025. Por favor, responde a las siguientes preguntas considerando que has dado tu consentimiento para participar en la encuesta.";2;4;1;0;3;0;2;1;2;5;10;8;2;6;4;1
"Eres: una persona entre 18 y 24 años de Chile. Has leído y aceptado participar en una encuesta realizada por un equipo de investigadores de estadística e informática que está recopilando datos sobre la intención de voto en las elecciones presidenciales de Chile del 16 de noviembre de 2025. El grupo de contactos puede incluir familia, amigos o compañeros de trabajo cuya intención de voto conoces. Entiendes que: - Las respuestas son anónimas; los investigadores no pueden identificar a los participantes. - Los datos no pueden modificarse ni eliminarse una vez enviados. - Los datos pueden publicarse de forma agregada bajo la licencia Open Data Commons Attribution. - Los resultados no se publicarán antes de que hayan concluido las elecciones presidenciales de Chile de 2025. Por favor, responde a las siguientes preguntas considerando que has dado tu consentimiento para participar en la encuesta.";5;3;2;1;4;0;3;2;5;8;10;6;4;7;3;2
"Eres: una persona entre 18 y 24 años de Chile. Has leído y aceptado participar en una encuesta realizada por un equipo de investigadores de estadística e informática que está recopilando datos sobre la intención de voto en las elecciones presidenciales de Chile del 16 de noviembre de 2025. El grupo de contactos puede incluir familia, amigos o compañeros de trabajo cuya intención de voto conoces. Entiendes que: - Las respuestas son anónimas; los investigadores no pueden identificar a los participantes. - Los datos no pueden modificarse ni eliminarse una vez enviados. - Los datos pueden publicarse de forma agregada bajo la licencia Open Data Commons Attribution. - Los resultados no se publicarán antes de que hayan concluido las elecciones presidenciales de Chile de 2025. Por favor, responde a las siguientes preguntas considerando que has dado tu consentimiento para participar en la encuesta.";2;4;3;1;0;1;2;2;0;6;12;6;2;3;2;2
"Eres: una persona entre 18 y 24 años de Chile. Has leído y aceptado participar en una encuesta realizada por un equipo de investigadores de estadística e informática que está recopilando datos sobre la intención de voto en las elecciones presidenciales de Chile del 16 de noviembre de 2025. El grupo de contactos puede incluir familia, amigos o compañeros de trabajo cuya intención de voto conoces. Entiendes que: - Las respuestas son anónimas; los investigadores no pueden identificar a los participantes. - Los datos no pueden modificarse ni eliminarse una vez enviados. - Los datos pueden publicarse de forma agregada bajo la licencia Open Data Commons Attribution. - Los resultados no se publicarán antes de que hayan concluido las elecciones presidenciales de Chile de 2025. Por favor, responde a las siguientes preguntas considerando que has dado tu consentimiento para participar en la encuesta.";3;1;2;0;5;1;4;0;2;3;9;6;1;4;2;1
"Eres: una persona entre 18 y 24 años de Chile. Has leído y aceptado participar en una encuesta realizada por un equipo de investigadores de estadística e informática que está recopilando datos sobre la intención de voto en las elecciones presidenciales de Chile del 16 de noviembre de 2025. El grupo de contactos puede incluir familia, amigos o compañeros de trabajo cuya intención de voto conoces. Entiendes que: - Las respuestas son anónimas; los investigadores no pueden identificar a los participantes. - Los datos no pueden modificarse ni eliminarse una vez enviados. - Los datos pueden publicarse de forma agregada bajo la licencia Open Data Commons Attribution. - Los resultados no se publicarán antes de que hayan concluido las elecciones presidenciales de Chile de 2025. Por favor, responde a las siguientes preguntas considerando que has dado tu consentimiento para participar en la encuesta.";3;2;4;1;5;0;0;2;2;3;6;4;6;2;1;0
"Eres: una persona entre 25 y 34 años de Chile. Has leído y aceptado participar en una encuesta realizada por un equipo de investigadores de estadística e informática que está recopilando datos sobre la intención de voto en las elecciones presidenciales de Chile del 16 de noviembre de 2025. El grupo de contactos puede incluir familia, amigos o compañeros de trabajo cuya intención de voto conoces. Entiendes que: - Las respuestas son anónimas; los investigadores no pueden identificar a los participantes. - Los datos no pueden modificarse ni eliminarse una vez enviados. - Los datos pueden publicarse de forma agregada bajo la licencia Open Data Commons Attribution. - Los resultados no se publicarán antes de que hayan concluido las elecciones presidenciales de Chile de 2025. Por favor, responde a las siguientes preguntas considerando que has dado tu consentimiento para participar en la encuesta.";2;1;3;0;4;0;2;1;0;2;9;4;2;3;1;2
"Eres: una persona entre 25 y 34 años de Chile. Has leído y aceptado participar en una encuesta realizada por un equipo de investigadores de estadística e informática que está recopilando datos sobre la intención de voto en las elecciones presidenciales de Chile del 16 de noviembre de 2025. El grupo de contactos puede incluir familia, amigos o compañeros de trabajo cuya intención de voto conoces. Entiendes que: - Las respuestas son anónimas; los investigadores no pueden identificar a los participantes. - Los datos no pueden modificarse ni eliminarse una vez enviados. - Los datos pueden publicarse de forma agregada bajo la licencia Open Data Commons Attribution. - Los resultados no se publicarán antes de que hayan concluido las elecciones presidenciales de Chile de 2025. Por favor, responde a las siguientes preguntas considerando que has dado tu consentimiento para participar en la encuesta.";2;1;3;0;5;0;2;1;2;4;8;6;2;3;1;1
"Eres: una persona entre 25 y 34 años de Chile. Has leído y aceptado participar en una encuesta realizada por un equipo de investigadores de estadística e informática que está recopilando datos sobre la intención de voto en las elecciones presidenciales de Chile del 16 de noviembre de 2025. El grupo de contactos puede incluir familia, amigos o compañeros de trabajo cuya intención de voto conoces. Entiendes que: - Las respuestas son anónimas; los investigadores no pueden identificar a los participantes. - Los datos no pueden modificarse ni eliminarse una vez enviados. - Los datos pueden publicarse de forma agregada bajo la licencia Open Data Commons Attribution. - Los resultados no se publicarán antes de que hayan concluido las elecciones presidenciales de Chile de 2025. Por favor, responde a las siguientes preguntas considerando que has dado tu consentimiento para participar en la encuesta.";10;12;8;1;15;2;15;3;10;15;30;35;10;20;5;5
"Eres: una persona entre 25 y 34 años de Chile. Has leído y aceptado participar en una encuesta realizada por un equipo de investigadores de estadística e informática que está recopilando datos sobre la intención de voto en las elecciones presidenciales de Chile del 16 de noviembre de 2025. El grupo de contactos puede incluir familia, amigos o compañeros de trabajo cuya intención de voto conoces. Entiendes que: - Las respuestas son anónimas; los investigadores no pueden identificar a los participantes. - Los datos no pueden modificarse ni eliminarse una vez enviados. - Los datos pueden publicarse de forma agregada bajo la licencia Open Data Commons Attribution. - Los resultados no se publicarán antes de que hayan concluido las elecciones presidenciales de Chile de 2025. Por favor, responde a las siguientes preguntas considerando que has dado tu consentimiento para participar en la encuesta.";5;3;2;1;7;0;4;2;2;6;10;8;6;5;2;3
"Eres: una persona entre 25 y 34 años de Chile. Has leído y aceptado participar en una encuesta realizada por un equipo de investigadores de estadística e informática que está recopilando datos sobre la intención de voto en las elecciones presidenciales de Chile del 16 de noviembre de 2025. El grupo de contactos puede incluir familia, amigos o compañeros de trabajo cuya intención de voto conoces. Entiendes que: - Las respuestas son anónimas; los investigadores no pueden identificar a los participantes. - Los datos no pueden modificarse ni eliminarse una vez enviados. - Los datos pueden publicarse de forma agregada bajo la licencia Open Data Commons Attribution. - Los resultados no se publicarán antes de que hayan concluido las elecciones presidenciales de Chile de 2025. Por favor, responde a las siguientes preguntas considerando que has dado tu consentimiento para participar en la encuesta.";5;3;2;0;10;1;7;2;3;6;15;10;5;8;2;3
"Eres: una persona entre 25 y 34 años de Chile. Has leído y aceptado participar en una encuesta realizada por un equipo de investigadores de estadística e informática que está recopilando datos sobre la intención de voto en las elecciones presidenciales de Chile del 16 de noviembre de 2025. El grupo de contactos puede incluir familia, amigos o compañeros de trabajo cuya intención de voto conoces. Entiendes que: - Las respuestas son anónimas; los investigadores no pueden identificar a los participantes. - Los datos no pueden modificarse ni eliminarse una vez enviados. - Los datos pueden publicarse de forma agregada bajo la licencia Open Data Commons Attribution. - Los resultados no se publicarán antes de que hayan concluido las elecciones presidenciales de Chile de 2025. Por favor, responde a las siguientes preguntas considerando que has dado tu consentimiento para participar en la encuesta.";5;4;3;2;6;0;1;2;1;10;8;7;5;6;2;4
"Eres: una persona entre 25 y 34 años de Chile. Has leído y aceptado participar en una encuesta realizada por un equipo de investigadores de estadística e informática que está recopilando datos sobre la intención de voto en las elecciones presidenciales de Chile del 16 de noviembre de 2025. El grupo de contactos puede incluir familia, amigos o compañeros de trabajo cuya intención de voto conoces. Entiendes que: - Las respuestas son anónimas; los investigadores no pueden identificar a los participantes. - Los datos no pueden modificarse ni eliminarse una vez enviados. - Los datos pueden publicarse de forma agregada bajo la licencia Open Data Commons Attribution. - Los resultados no se publicarán antes de que hayan concluido las elecciones presidenciales de Chile de 2025. Por favor, responde a las siguientes preguntas considerando que has dado tu consentimiento para participar en la encuesta.";3;2;5;0;6;1;8;0;4;3;15;10;7;5;3;2
"Eres: una persona entre 25 y 34 años de Chile. Has leído y aceptado participar en una encuesta realizada por un equipo de investigadores de estadística e informática que está recopilando datos sobre la intención de voto en las elecciones presidenciales de Chile del 16 de noviembre de 2025. El grupo de contactos puede incluir familia, amigos o compañeros de trabajo cuya intención de voto conoces. Entiendes que: - Las respuestas son anónimas; los investigadores no pueden identificar a los participantes. - Los datos no pueden modificarse ni eliminarse una vez enviados. - Los datos pueden publicarse de forma agregada bajo la licencia Open Data Commons Attribution. - Los resultados no se publicarán antes de que hayan concluido las elecciones presidenciales de Chile de 2025. Por favor, responde a las siguientes preguntas considerando que has dado tu consentimiento para participar en la encuesta.";3;5;2;1;0;1;4;2;1;8;10;5;3;6;2;1
"Eres: una persona entre 25 y 34 años de Chile. Has leído y aceptado participar en una encuesta realizada por un equipo de investigadores de estadística e informática que está recopilando datos sobre la intención de voto en las elecciones presidenciales de Chile del 16 de noviembre de 2025. El grupo de contactos puede incluir familia, amigos o compañeros de trabajo cuya intención de voto conoces. Entiendes que: - Las respuestas son anónimas; los investigadores no pueden identificar a los participantes. - Los datos no pueden modificarse ni eliminarse una vez enviados. - Los datos pueden publicarse de forma agregada bajo la licencia Open Data Commons Attribution. - Los resultados no se publicarán antes de que hayan concluido las elecciones presidenciales de Chile de 2025. Por favor, responde a las siguientes preguntas considerando que has dado tu consentimiento para participar en la encuesta.";3;2;5;0;10;1;4;2;3;6;15;10;5;7;2;3
"Eres: una persona entre 25 y 34 años de Chile. Has leído y aceptado participar en una encuesta realizada por un equipo de investigadores de estadística e informática que está recopilando datos sobre la intención de voto en las elecciones presidenciales de Chile del 16 de noviembre de 2025. El grupo de contactos puede incluir familia, amigos o compañeros de trabajo cuya intención de voto conoces. Entiendes que: - Las respuestas son anónimas; los investigadores no pueden identificar a los participantes. - Los datos no pueden modificarse ni eliminarse una vez enviados. - Los datos pueden publicarse de forma agregada bajo la licencia Open Data Commons Attribution. - Los resultados no se publicarán antes de que hayan concluido las elecciones presidenciales de Chile de 2025. Por favor, responde a las siguientes preguntas considerando que has dado tu consentimiento para participar en la encuesta.";3;2;6;1;4;0;2;1;2;5;10;8;6;4;3;2
"Eres: una persona entre 25 y 34 años de Chile. Has leído y aceptado participar en una encuesta realizada por un equipo de investigadores de estadística e informática que está recopilando datos sobre la intención de voto en las elecciones presidenciales de Chile del 16 de noviembre de 2025. El grupo de contactos puede incluir familia, amigos o compañeros de trabajo cuya intención de voto conoces. Entiendes que: - Las respuestas son anónimas; los investigadores no pueden identificar a los participantes. - Los datos no pueden modificarse ni eliminarse una vez enviados. - Los datos pueden publicarse de forma agregada bajo la licencia Open Data Commons Attribution. - Los resultados no se publicarán antes de que hayan concluido las elecciones presidenciales de Chile de 2025. Por favor, responde a las siguientes preguntas considerando que has dado tu consentimiento para participar en la encuesta.";2;4;1;0;3;1;2;2;1;5;7;8;2;4;2;1
"Eres: una persona entre 25 y 34 años de Chile. Has leído y aceptado participar en una encuesta realizada por un equipo de investigadores de estadística e informática que está recopilando datos sobre la intención de voto en las elecciones presidenciales de Chile del 16 de noviembre de 2025. El grupo de contactos puede incluir familia, amigos o compañeros de trabajo cuya intención de voto conoces. Entiendes que: - Las respuestas son anónimas; los investigadores no pueden identificar a los participantes. - Los datos no pueden modificarse ni eliminarse una vez enviados. - Los datos pueden publicarse de forma agregada bajo la licencia Open Data Commons Attribution. - Los resultados no se publicarán antes de que hayan concluido las elecciones presidenciales de Chile de 2025. Por favor, responde a las siguientes preguntas considerando que has dado tu consentimiento para participar en la encuesta.";5;2;10;1;6;0;4;3;7;12;18;22;10;15;5;3
"Eres: una persona entre 25 y 34 años de Chile. Has leído y aceptado participar en una encuesta realizada por un equipo de investigadores de estadística e informática que está recopilando datos sobre la intención de voto en las elecciones presidenciales de Chile del 16 de noviembre de 2025. El grupo de contactos puede incluir familia, amigos o compañeros de trabajo cuya intención de voto conoces. Entiendes que: - Las respuestas son anónimas; los investigadores no pueden identificar a los participantes. - Los datos no pueden modificarse ni eliminarse una vez enviados. - Los datos pueden publicarse de forma agregada bajo la licencia Open Data Commons Attribution. - Los resultados no se publicarán antes de que hayan concluido las elecciones presidenciales de Chile de 2025. Por favor, responde a las siguientes preguntas considerando que has dado tu consentimiento para participar en la encuesta.";5;2;3;1;7;0;4;2;1;12;20;15;10;5;3;2
"Eres: una persona entre 25 y 34 años de Chile. Has leído y aceptado participar en una encuesta realizada por un equipo de investigadores de estadística e informática que está recopilando datos sobre la intención de voto en las elecciones presidenciales de Chile del 16 de noviembre de 2025. El grupo de contactos puede incluir familia, amigos o compañeros de trabajo cuya intención de voto conoces. Entiendes que: - Las respuestas son anónimas; los investigadores no pueden identificar a los participantes. - Los datos no pueden modificarse ni eliminarse una vez enviados. - Los datos pueden publicarse de forma agregada bajo la licencia Open Data Commons Attribution. - Los resultados no se publicarán antes de que hayan concluido las elecciones presidenciales de Chile de 2025. Por favor, responde a las siguientes preguntas considerando que has dado tu consentimiento para participar en la encuesta.";3;2;4;0;1;0;5;2;1;4;10;6;5;3;2;1
"Eres: una persona entre 25 y 34 años de Chile. Has leído y aceptado participar en una encuesta realizada por un equipo de investigadores de estadística e informática que está recopilando datos sobre la intención de voto en las elecciones presidenciales de Chile del 16 de noviembre de 2025. El grupo de contactos puede incluir familia, amigos o compañeros de trabajo cuya intención de voto conoces. Entiendes que: - Las respuestas son anónimas; los investigadores no pueden identificar a los participantes. - Los datos no pueden modificarse ni eliminarse una vez enviados. - Los datos pueden publicarse de forma agregada bajo la licencia Open Data Commons Attribution. - Los resultados no se publicarán antes de que hayan concluido las elecciones presidenciales de Chile de 2025. Por favor, responde a las siguientes preguntas considerando que has dado tu consentimiento para participar en la encuesta.";3;4;5;0;2;1;7;3;2;7;8;12;5;4;1;2
"Eres: una persona entre 25 y 34 años de Chile. Has leído y aceptado participar en una encuesta realizada por un equipo de investigadores de estadística e informática que está recopilando datos sobre la intención de voto en las elecciones presidenciales de Chile del 16 de noviembre de 2025. El grupo de contactos puede incluir familia, amigos o compañeros de trabajo cuya intención de voto conoces. Entiendes que: - Las respuestas son anónimas; los investigadores no pueden identificar a los participantes. - Los datos no pueden modificarse ni eliminarse una vez enviados. - Los datos pueden publicarse de forma agregada bajo la licencia Open Data Commons Attribution. - Los resultados no se publicarán antes de que hayan concluido las elecciones presidenciales de Chile de 2025. Por favor, responde a las siguientes preguntas considerando que has dado tu consentimiento para participar en la encuesta.";3;2;4;1;2;0;5;1;1;3;6;5;3;4;1;2
"Eres: una persona entre 25 y 34 años de Chile. Has leído y aceptado participar en una encuesta realizada por un equipo de investigadores de estadística e informática que está recopilando datos sobre la intención de voto en las elecciones presidenciales de Chile del 16 de noviembre de 2025. El grupo de contactos puede incluir familia, amigos o compañeros de trabajo cuya intención de voto conoces. Entiendes que: - Las respuestas son anónimas; los investigadores no pueden identificar a los participantes. - Los datos no pueden modificarse ni eliminarse una vez enviados. - Los datos pueden publicarse de forma agregada bajo la licencia Open Data Commons Attribution. - Los resultados no se publicarán antes de que hayan concluido las elecciones presidenciales de Chile de 2025. Por favor, responde a las siguientes preguntas considerando que has dado tu consentimiento para participar en la encuesta.";2;1;3;0;10;0;2;1;4;5;15;10;3;8;2;1
"Eres: una persona entre 25 y 34 años de Chile. Has leído y aceptado participar en una encuesta realizada por un equipo de investigadores de estadística e informática que está recopilando datos sobre la intención de voto en las elecciones presidenciales de Chile del 16 de noviembre de 2025. El grupo de contactos puede incluir familia, amigos o compañeros de trabajo cuya intención de voto conoces. Entiendes que: - Las respuestas son anónimas; los investigadores no pueden identificar a los participantes. - Los datos no pueden modificarse ni eliminarse una vez enviados. - Los datos pueden publicarse de forma agregada bajo la licencia Open Data Commons Attribution. - Los resultados no se publicarán antes de que hayan concluido las elecciones presidenciales de Chile de 2025. Por favor, responde a las siguientes preguntas considerando que has dado tu consentimiento para participar en la encuesta.";5;2;1;0;6;0;4;3;2;3;15;10;5;7;3;2
"Eres: una persona entre 25 y 34 años de Chile. Has leído y aceptado participar en una encuesta realizada por un equipo de investigadores de estadística e informática que está recopilando datos sobre la intención de voto en las elecciones presidenciales de Chile del 16 de noviembre de 2025. El grupo de contactos puede incluir familia, amigos o compañeros de trabajo cuya intención de voto conoces. Entiendes que: - Las respuestas son anónimas; los investigadores no pueden identificar a los participantes. - Los datos no pueden modificarse ni eliminarse una vez enviados. - Los datos pueden publicarse de forma agregada bajo la licencia Open Data Commons Attribution. - Los resultados no se publicarán antes de que hayan concluido las elecciones presidenciales de Chile de 2025. Por favor, responde a las siguientes preguntas considerando que has dado tu consentimiento para participar en la encuesta.";3;2;4;0;1;0;2;1;0;5;6;6;4;5;1;2
"Eres: una persona entre 25 y 34 años de Chile. Has leído y aceptado participar en una encuesta realizada por un equipo de investigadores de estadística e informática que está recopilando datos sobre la intención de voto en las elecciones presidenciales de Chile del 16 de noviembre de 2025. El grupo de contactos puede incluir familia, amigos o compañeros de trabajo cuya intención de voto conoces. Entiendes que: - Las respuestas son anónimas; los investigadores no pueden identificar a los participantes. - Los datos no pueden modificarse ni eliminarse una vez enviados. - Los datos pueden publicarse de forma agregada bajo la licencia Open Data Commons Attribution. - Los resultados no se publicarán antes de que hayan concluido las elecciones presidenciales de Chile de 2025. Por favor, responde a las siguientes preguntas considerando que has dado tu consentimiento para participar en la encuesta.";2;4;1;0;5;1;3;2;4;6;10;15;5;8;3;2
"Eres: una persona entre 25 y 34 años de Chile. Has leído y aceptado participar en una encuesta realizada por un equipo de investigadores de estadística e informática que está recopilando datos sobre la intención de voto en las elecciones presidenciales de Chile del 16 de noviembre de 2025. El grupo de contactos puede incluir familia, amigos o compañeros de trabajo cuya intención de voto conoces. Entiendes que: - Las respuestas son anónimas; los investigadores no pueden identificar a los participantes. - Los datos no pueden modificarse ni eliminarse una vez enviados. - Los datos pueden publicarse de forma agregada bajo la licencia Open Data Commons Attribution. - Los resultados no se publicarán antes de que hayan concluido las elecciones presidenciales de Chile de 2025. Por favor, responde a las siguientes preguntas considerando que has dado tu consentimiento para participar en la encuesta.";5;4;3;1;9;2;5;0;3;6;18;14;8;10;4;3
"Eres: una persona entre 25 y 34 años de Chile. Has leído y aceptado participar en una encuesta realizada por un equipo de investigadores de estadística e informática que está recopilando datos sobre la intención de voto en las elecciones presidenciales de Chile del 16 de noviembre de 2025. El grupo de contactos puede incluir familia, amigos o compañeros de trabajo cuya intención de voto conoces. Entiendes que: - Las respuestas son anónimas; los investigadores no pueden identificar a los participantes. - Los datos no pueden modificarse ni eliminarse una vez enviados. - Los datos pueden publicarse de forma agregada bajo la licencia Open Data Commons Attribution. - Los resultados no se publicarán antes de que hayan concluido las elecciones presidenciales de Chile de 2025. Por favor, responde a las siguientes preguntas considerando que has dado tu consentimiento para participar en la encuesta.";5;2;3;1;7;1;4;2;14;6;20;13;7;10;5;3
"Eres: una persona entre 25 y 34 años de Chile. Has leído y aceptado participar en una encuesta realizada por un equipo de investigadores de estadística e informática que está recopilando datos sobre la intención de voto en las elecciones presidenciales de Chile del 16 de noviembre de 2025. El grupo de contactos puede incluir familia, amigos o compañeros de trabajo cuya intención de voto conoces. Entiendes que: - Las respuestas son anónimas; los investigadores no pueden identificar a los participantes. - Los datos no pueden modificarse ni eliminarse una vez enviados. - Los datos pueden publicarse de forma agregada bajo la licencia Open Data Commons Attribution. - Los resultados no se publicarán antes de que hayan concluido las elecciones presidenciales de Chile de 2025. Por favor, responde a las siguientes preguntas considerando que has dado tu consentimiento para participar en la encuesta.";3;1;2;0;5;0;0;1;2;6;8;7;5;4;2;1
"Eres: una persona entre 25 y 34 años de Chile. Has leído y aceptado participar en una encuesta realizada por un equipo de investigadores de estadística e informática que está recopilando datos sobre la intención de voto en las elecciones presidenciales de Chile del 16 de noviembre de 2025. El grupo de contactos puede incluir familia, amigos o compañeros de trabajo cuya intención de voto conoces. Entiendes que: - Las respuestas son anónimas; los investigadores no pueden identificar a los participantes. - Los datos no pueden modificarse ni eliminarse una vez enviados. - Los datos pueden publicarse de forma agregada bajo la licencia Open Data Commons Attribution. - Los resultados no se publicarán antes de que hayan concluido las elecciones presidenciales de Chile de 2025. Por favor, responde a las siguientes preguntas considerando que has dado tu consentimiento para participar en la encuesta.";2;4;1;0;2;1;3;1;1;8;10;6;4;5;2;1
"Eres: una persona entre 25 y 34 años de Chile. Has leído y aceptado participar en una encuesta realizada por un equipo de investigadores de estadística e informática que está recopilando datos sobre la intención de voto en las elecciones presidenciales de Chile del 16 de noviembre de 2025. El grupo de contactos puede incluir familia, amigos o compañeros de trabajo cuya intención de voto conoces. Entiendes que: - Las respuestas son anónimas; los investigadores no pueden identificar a los participantes. - Los datos no pueden modificarse ni eliminarse una vez enviados. - Los datos pueden publicarse de forma agregada bajo la licencia Open Data Commons Attribution. - Los resultados no se publicarán antes de que hayan concluido las elecciones presidenciales de Chile de 2025. Por favor, responde a las siguientes preguntas considerando que has dado tu consentimiento para participar en la encuesta.";5;2;1;0;4;0;2;1;3;6;10;8;5;7;3;0
"Eres: una persona entre 25 y 34 años de Chile. Has leído y aceptado participar en una encuesta realizada por un equipo de investigadores de estadística e informática que está recopilando datos sobre la intención de voto en las elecciones presidenciales de Chile del 16 de noviembre de 2025. El grupo de contactos puede incluir familia, amigos o compañeros de trabajo cuya intención de voto conoces. Entiendes que: - Las respuestas son anónimas; los investigadores no pueden identificar a los participantes. - Los datos no pueden modificarse ni eliminarse una vez enviados. - Los datos pueden publicarse de forma agregada bajo la licencia Open Data Commons Attribution. - Los resultados no se publicarán antes de que hayan concluido las elecciones presidenciales de Chile de 2025. Por favor, responde a las siguientes preguntas considerando que has dado tu consentimiento para participar en la encuesta.";5;3;7;2;6;0;4;1;3;5;10;8;7;5;3;2
"Eres: una persona entre 25 y 34 años de Chile. Has leído y aceptado participar en una encuesta realizada por un equipo de investigadores de estadística e informática que está recopilando datos sobre la intención de voto en las elecciones presidenciales de Chile del 16 de noviembre de 2025. El grupo de contactos puede incluir familia, amigos o compañeros de trabajo cuya intención de voto conoces. Entiendes que: - Las respuestas son anónimas; los investigadores no pueden identificar a los participantes. - Los datos no pueden modificarse ni eliminarse una vez enviados. - Los datos pueden publicarse de forma agregada bajo la licencia Open Data Commons Attribution. - Los resultados no se publicarán antes de que hayan concluido las elecciones presidenciales de Chile de 2025. Por favor, responde a las siguientes preguntas considerando que has dado tu consentimiento para participar en la encuesta.";2;4;1;0;8;0;3;1;2;5;12;8;5;4;2;1
"Eres: una persona entre 25 y 34 años de Chile. Has leído y aceptado participar en una encuesta realizada por un equipo de investigadores de estadística e informática que está recopilando datos sobre la intención de voto en las elecciones presidenciales de Chile del 16 de noviembre de 2025. El grupo de contactos puede incluir familia, amigos o compañeros de trabajo cuya intención de voto conoces. Entiendes que: - Las respuestas son anónimas; los investigadores no pueden identificar a los participantes. - Los datos no pueden modificarse ni eliminarse una vez enviados. - Los datos pueden publicarse de forma agregada bajo la licencia Open Data Commons Attribution. - Los resultados no se publicarán antes de que hayan concluido las elecciones presidenciales de Chile de 2025. Por favor, responde a las siguientes preguntas considerando que has dado tu consentimiento para participar en la encuesta.";3;0;7;0;2;1;5;1;2;4;7;5;3;6;2;0
"Eres: una persona entre 25 y 34 años de Chile. Has leído y aceptado participar en una encuesta realizada por un equipo de investigadores de estadística e informática que está recopilando datos sobre la intención de voto en las elecciones presidenciales de Chile del 16 de noviembre de 2025. El grupo de contactos puede incluir familia, amigos o compañeros de trabajo cuya intención de voto conoces. Entiendes que: - Las respuestas son anónimas; los investigadores no pueden identificar a los participantes. - Los datos no pueden modificarse ni eliminarse una vez enviados. - Los datos pueden publicarse de forma agregada bajo la licencia Open Data Commons Attribution. - Los resultados no se publicarán antes de que hayan concluido las elecciones presidenciales de Chile de 2025. Por favor, responde a las siguientes preguntas considerando que has dado tu consentimiento para participar en la encuesta.";3;2;1;0;4;0;2;1;1;5;8;6;4;3;1;2
"Eres: una persona entre 25 y 34 años de Chile. Has leído y aceptado participar en una encuesta realizada por un equipo de investigadores de estadística e informática que está recopilando datos sobre la intención de voto en las elecciones presidenciales de Chile del 16 de noviembre de 2025. El grupo de contactos puede incluir familia, amigos o compañeros de trabajo cuya intención de voto conoces. Entiendes que: - Las respuestas son anónimas; los investigadores no pueden identificar a los participantes. - Los datos no pueden modificarse ni eliminarse una vez enviados. - Los datos pueden publicarse de forma agregada bajo la licencia Open Data Commons Attribution. - Los resultados no se publicarán antes de que hayan concluido las elecciones presidenciales de Chile de 2025. Por favor, responde a las siguientes preguntas considerando que has dado tu consentimiento para participar en la encuesta.";2;4;5;0;3;1;6;2;1;8;14;12;7;5;3;1
"Eres: una persona entre 25 y 34 años de Chile. Has leído y aceptado participar en una encuesta realizada por un equipo de investigadores de estadística e informática que está recopilando datos sobre la intención de voto en las elecciones presidenciales de Chile del 16 de noviembre de 2025. El grupo de contactos puede incluir familia, amigos o compañeros de trabajo cuya intención de voto conoces. Entiendes que: - Las respuestas son anónimas; los investigadores no pueden identificar a los participantes. - Los datos no pueden modificarse ni eliminarse una vez enviados. - Los datos pueden publicarse de forma agregada bajo la licencia Open Data Commons Attribution. - Los resultados no se publicarán antes de que hayan concluido las elecciones presidenciales de Chile de 2025. Por favor, responde a las siguientes preguntas considerando que has dado tu consentimiento para participar en la encuesta.";3;2;5;0;3;1;2;1;3;5;10;7;4;5;3;2
"Eres: una persona entre 25 y 34 años de Chile. Has leído y aceptado participar en una encuesta realizada por un equipo de investigadores de estadística e informática que está recopilando datos sobre la intención de voto en las elecciones presidenciales de Chile del 16 de noviembre de 2025. El grupo de contactos puede incluir familia, amigos o compañeros de trabajo cuya intención de voto conoces. Entiendes que: - Las respuestas son anónimas; los investigadores no pueden identificar a los participantes. - Los datos no pueden modificarse ni eliminarse una vez enviados. - Los datos pueden publicarse de forma agregada bajo la licencia Open Data Commons Attribution. - Los resultados no se publicarán antes de que hayan concluido las elecciones presidenciales de Chile de 2025. Por favor, responde a las siguientes preguntas considerando que has dado tu consentimiento para participar en la encuesta.";3;2;1;0;5;0;4;0;2;7;15;8;4;6;2;1
"Eres: una persona entre 25 y 34 años de Chile. Has leído y aceptado participar en una encuesta realizada por un equipo de investigadores de estadística e informática que está recopilando datos sobre la intención de voto en las elecciones presidenciales de Chile del 16 de noviembre de 2025. El grupo de contactos puede incluir familia, amigos o compañeros de trabajo cuya intención de voto conoces. Entiendes que: - Las respuestas son anónimas; los investigadores no pueden identificar a los participantes. - Los datos no pueden modificarse ni eliminarse una vez enviados. - Los datos pueden publicarse de forma agregada bajo la licencia Open Data Commons Attribution. - Los resultados no se publicarán antes de que hayan concluido las elecciones presidenciales de Chile de 2025. Por favor, responde a las siguientes preguntas considerando que has dado tu consentimiento para participar en la encuesta.";5;10;3;4;1;0;2;7;3;10;16;20;15;5;7;2
"Eres: una persona entre 25 y 34 años de Chile. Has leído y aceptado participar en una encuesta realizada por un equipo de investigadores de estadística e informática que está recopilando datos sobre la intención de voto en las elecciones presidenciales de Chile del 16 de noviembre de 2025. El grupo de contactos puede incluir familia, amigos o compañeros de trabajo cuya intención de voto conoces. Entiendes que: - Las respuestas son anónimas; los investigadores no pueden identificar a los participantes. - Los datos no pueden modificarse ni eliminarse una vez enviados. - Los datos pueden publicarse de forma agregada bajo la licencia Open Data Commons Attribution. - Los resultados no se publicarán antes de que hayan concluido las elecciones presidenciales de Chile de 2025. Por favor, responde a las siguientes preguntas considerando que has dado tu consentimiento para participar en la encuesta.";3;1;2;0;4;0;2;1;0;5;10;5;6;4;2;1
"Eres: una persona entre 25 y 34 años de Chile. Has leído y aceptado participar en una encuesta realizada por un equipo de investigadores de estadística e informática que está recopilando datos sobre la intención de voto en las elecciones presidenciales de Chile del 16 de noviembre de 2025. El grupo de contactos puede incluir familia, amigos o compañeros de trabajo cuya intención de voto conoces. Entiendes que: - Las respuestas son anónimas; los investigadores no pueden identificar a los participantes. - Los datos no pueden modificarse ni eliminarse una vez enviados. - Los datos pueden publicarse de forma agregada bajo la licencia Open Data Commons Attribution. - Los resultados no se publicarán antes de que hayan concluido las elecciones presidenciales de Chile de 2025. Por favor, responde a las siguientes preguntas considerando que has dado tu consentimiento para participar en la encuesta.";3;5;2;0;1;0;2;1;0;3;8;7;2;4;2;1
"Eres: una persona entre 25 y 34 años de Chile. Has leído y aceptado participar en una encuesta realizada por un equipo de investigadores de estadística e informática que está recopilando datos sobre la intención de voto en las elecciones presidenciales de Chile del 16 de noviembre de 2025. El grupo de contactos puede incluir familia, amigos o compañeros de trabajo cuya intención de voto conoces. Entiendes que: - Las respuestas son anónimas; los investigadores no pueden identificar a los participantes. - Los datos no pueden modificarse ni eliminarse una vez enviados. - Los datos pueden publicarse de forma agregada bajo la licencia Open Data Commons Attribution. - Los resultados no se publicarán antes de que hayan concluido las elecciones presidenciales de Chile de 2025. Por favor, responde a las siguientes preguntas considerando que has dado tu consentimiento para participar en la encuesta.";2;3;1;0;5;1;4;2;2;5;8;7;5;6;2;1
"Eres: una persona entre 25 y 34 años de Chile. Has leído y aceptado participar en una encuesta realizada por un equipo de investigadores de estadística e informática que está recopilando datos sobre la intención de voto en las elecciones presidenciales de Chile del 16 de noviembre de 2025. El grupo de contactos puede incluir familia, amigos o compañeros de trabajo cuya intención de voto conoces. Entiendes que: - Las respuestas son anónimas; los investigadores no pueden identificar a los participantes. - Los datos no pueden modificarse ni eliminarse una vez enviados. - Los datos pueden publicarse de forma agregada bajo la licencia Open Data Commons Attribution. - Los resultados no se publicarán antes de que hayan concluido las elecciones presidenciales de Chile de 2025. Por favor, responde a las siguientes preguntas considerando que has dado tu consentimiento para participar en la encuesta.";2;3;4;1;5;0;2;1;2;3;8;7;5;6;2;1
"Eres: una persona entre 25 y 34 años de Chile. Has leído y aceptado participar en una encuesta realizada por un equipo de investigadores de estadística e informática que está recopilando datos sobre la intención de voto en las elecciones presidenciales de Chile del 16 de noviembre de 2025. El grupo de contactos puede incluir familia, amigos o compañeros de trabajo cuya intención de voto conoces. Entiendes que: - Las respuestas son anónimas; los investigadores no pueden identificar a los participantes. - Los datos no pueden modificarse ni eliminarse una vez enviados. - Los datos pueden publicarse de forma agregada bajo la licencia Open Data Commons Attribution. - Los resultados no se publicarán antes de que hayan concluido las elecciones presidenciales de Chile de 2025. Por favor, responde a las siguientes preguntas considerando que has dado tu consentimiento para participar en la encuesta.";3;2;5;0;10;4;1;0;2;12;15;14;10;5;4;2
"Eres: una persona entre 25 y 34 años de Chile. Has leído y aceptado participar en una encuesta realizada por un equipo de investigadores de estadística e informática que está recopilando datos sobre la intención de voto en las elecciones presidenciales de Chile del 16 de noviembre de 2025. El grupo de contactos puede incluir familia, amigos o compañeros de trabajo cuya intención de voto conoces. Entiendes que: - Las respuestas son anónimas; los investigadores no pueden identificar a los participantes. - Los datos no pueden modificarse ni eliminarse una vez enviados. - Los datos pueden publicarse de forma agregada bajo la licencia Open Data Commons Attribution. - Los resultados no se publicarán antes de que hayan concluido las elecciones presidenciales de Chile de 2025. Por favor, responde a las siguientes preguntas considerando que has dado tu consentimiento para participar en la encuesta.";4;2;3;1;6;0;3;2;5;15;25;20;10;15;5;3
"Eres: una persona entre 35 y 44 años de Chile. Has leído y aceptado participar en una encuesta realizada por un equipo de investigadores de estadística e informática que está recopilando datos sobre la intención de voto en las elecciones presidenciales de Chile del 16 de noviembre de 2025. El grupo de contactos puede incluir familia, amigos o compañeros de trabajo cuya intención de voto conoces. Entiendes que: - Las respuestas son anónimas; los investigadores no pueden identificar a los participantes. - Los datos no pueden modificarse ni eliminarse una vez enviados. - Los datos pueden publicarse de forma agregada bajo la licencia Open Data Commons Attribution. - Los resultados no se publicarán antes de que hayan concluido las elecciones presidenciales de Chile de 2025. Por favor, responde a las siguientes preguntas considerando que has dado tu consentimiento para participar en la encuesta.";4;2;1;0;2;0;3;0;2;5;8;7;3;4;1;2
"Eres: una persona entre 35 y 44 años de Chile. Has leído y aceptado participar en una encuesta realizada por un equipo de investigadores de estadística e informática que está recopilando datos sobre la intención de voto en las elecciones presidenciales de Chile del 16 de noviembre de 2025. El grupo de contactos puede incluir familia, amigos o compañeros de trabajo cuya intención de voto conoces. Entiendes que: - Las respuestas son anónimas; los investigadores no pueden identificar a los participantes. - Los datos no pueden modificarse ni eliminarse una vez enviados. - Los datos pueden publicarse de forma agregada bajo la licencia Open Data Commons Attribution. - Los resultados no se publicarán antes de que hayan concluido las elecciones presidenciales de Chile de 2025. Por favor, responde a las siguientes preguntas considerando que has dado tu consentimiento para participar en la encuesta.";3;7;2;4;5;1;0;6;10;8;5;5;3;6;2;3
"Eres: una persona entre 35 y 44 años de Chile. Has leído y aceptado participar en una encuesta realizada por un equipo de investigadores de estadística e informática que está recopilando datos sobre la intención de voto en las elecciones presidenciales de Chile del 16 de noviembre de 2025. El grupo de contactos puede incluir familia, amigos o compañeros de trabajo cuya intención de voto conoces. Entiendes que: - Las respuestas son anónimas; los investigadores no pueden identificar a los participantes. - Los datos no pueden modificarse ni eliminarse una vez enviados. - Los datos pueden publicarse de forma agregada bajo la licencia Open Data Commons Attribution. - Los resultados no se publicarán antes de que hayan concluido las elecciones presidenciales de Chile de 2025. Por favor, responde a las siguientes preguntas considerando que has dado tu consentimiento para participar en la encuesta.";3;4;2;0;7;1;4;2;3;5;8;10;7;6;2;1
"Eres: una persona entre 35 y 44 años de Chile. Has leído y aceptado participar en una encuesta realizada por un equipo de investigadores de estadística e informática que está recopilando datos sobre la intención de voto en las elecciones presidenciales de Chile del 16 de noviembre de 2025. El grupo de contactos puede incluir familia, amigos o compañeros de trabajo cuya intención de voto conoces. Entiendes que: - Las respuestas son anónimas; los investigadores no pueden identificar a los participantes. - Los datos no pueden modificarse ni eliminarse una vez enviados. - Los datos pueden publicarse de forma agregada bajo la licencia Open Data Commons Attribution. - Los resultados no se publicarán antes de que hayan concluido las elecciones presidenciales de Chile de 2025. Por favor, responde a las siguientes preguntas considerando que has dado tu consentimiento para participar en la encuesta.";2;0;4;1;0;1;3;2;1;6;10;12;8;7;2;3
"Eres: una persona entre 35 y 44 años de Chile. Has leído y aceptado participar en una encuesta realizada por un equipo de investigadores de estadística e informática que está recopilando datos sobre la intención de voto en las elecciones presidenciales de Chile del 16 de noviembre de 2025. El grupo de contactos puede incluir familia, amigos o compañeros de trabajo cuya intención de voto conoces. Entiendes que: - Las respuestas son anónimas; los investigadores no pueden identificar a los participantes. - Los datos no pueden modificarse ni eliminarse una vez enviados. - Los datos pueden publicarse de forma agregada bajo la licencia Open Data Commons Attribution. - Los resultados no se publicarán antes de que hayan concluido las elecciones presidenciales de Chile de 2025. Por favor, responde a las siguientes preguntas considerando que has dado tu consentimiento para participar en la encuesta.";5;2;3;0;10;0;7;4;2;5;8;15;7;6;4;3
"Eres: una persona entre 35 y 44 años de Chile. Has leído y aceptado participar en una encuesta realizada por un equipo de investigadores de estadística e informática que está recopilando datos sobre la intención de voto en las elecciones presidenciales de Chile del 16 de noviembre de 2025. El grupo de contactos puede incluir familia, amigos o compañeros de trabajo cuya intención de voto conoces. Entiendes que: - Las respuestas son anónimas; los investigadores no pueden identificar a los participantes. - Los datos no pueden modificarse ni eliminarse una vez enviados. - Los datos pueden publicarse de forma agregada bajo la licencia Open Data Commons Attribution. - Los resultados no se publicarán antes de que hayan concluido las elecciones presidenciales de Chile de 2025. Por favor, responde a las siguientes preguntas considerando que has dado tu consentimiento para participar en la encuesta.";3;2;4;1;5;0;3;1;2;5;8;7;9;3;2;1
"Eres: una persona entre 35 y 44 años de Chile. Has leído y aceptado participar en una encuesta realizada por un equipo de investigadores de estadística e informática que está recopilando datos sobre la intención de voto en las elecciones presidenciales de Chile del 16 de noviembre de 2025. El grupo de contactos puede incluir familia, amigos o compañeros de trabajo cuya intención de voto conoces. Entiendes que: - Las respuestas son anónimas; los investigadores no pueden identificar a los participantes. - Los datos no pueden modificarse ni eliminarse una vez enviados. - Los datos pueden publicarse de forma agregada bajo la licencia Open Data Commons Attribution. - Los resultados no se publicarán antes de que hayan concluido las elecciones presidenciales de Chile de 2025. Por favor, responde a las siguientes preguntas considerando que has dado tu consentimiento para participar en la encuesta.";3;2;4;1;5;0;2;1;2;4;8;7;5;6;3;2
"Eres: una persona entre 35 y 44 años de Chile. Has leído y aceptado participar en una encuesta realizada por un equipo de investigadores de estadística e informática que está recopilando datos sobre la intención de voto en las elecciones presidenciales de Chile del 16 de noviembre de 2025. El grupo de contactos puede incluir familia, amigos o compañeros de trabajo cuya intención de voto conoces. Entiendes que: - Las respuestas son anónimas; los investigadores no pueden identificar a los participantes. - Los datos no pueden modificarse ni eliminarse una vez enviados. - Los datos pueden publicarse de forma agregada bajo la licencia Open Data Commons Attribution. - Los resultados no se publicarán antes de que hayan concluido las elecciones presidenciales de Chile de 2025. Por favor, responde a las siguientes preguntas considerando que has dado tu consentimiento para participar en la encuesta.";2;1;4;0;3;0;2;1;2;5;6;8;6;3;2;1
"Eres: una persona entre 35 y 44 años de Chile. Has leído y aceptado participar en una encuesta realizada por un equipo de investigadores de estadística e informática que está recopilando datos sobre la intención de voto en las elecciones presidenciales de Chile del 16 de noviembre de 2025. El grupo de contactos puede incluir familia, amigos o compañeros de trabajo cuya intención de voto conoces. Entiendes que: - Las respuestas son anónimas; los investigadores no pueden identificar a los participantes. - Los datos no pueden modificarse ni eliminarse una vez enviados. - Los datos pueden publicarse de forma agregada bajo la licencia Open Data Commons Attribution. - Los resultados no se publicarán antes de que hayan concluido las elecciones presidenciales de Chile de 2025. Por favor, responde a las siguientes preguntas considerando que has dado tu consentimiento para participar en la encuesta.";5;2;3;1;6;0;4;1;2;10;15;10;5;10;5;2
"Eres: una persona entre 35 y 44 años de Chile. Has leído y aceptado participar en una encuesta realizada por un equipo de investigadores de estadística e informática que está recopilando datos sobre la intención de voto en las elecciones presidenciales de Chile del 16 de noviembre de 2025. El grupo de contactos puede incluir familia, amigos o compañeros de trabajo cuya intención de voto conoces. Entiendes que: - Las respuestas son anónimas; los investigadores no pueden identificar a los participantes. - Los datos no pueden modificarse ni eliminarse una vez enviados. - Los datos pueden publicarse de forma agregada bajo la licencia Open Data Commons Attribution. - Los resultados no se publicarán antes de que hayan concluido las elecciones presidenciales de Chile de 2025. Por favor, responde a las siguientes preguntas considerando que has dado tu consentimiento para participar en la encuesta.";5;7;8;6;10;3;5;2;4;9;15;25;20;10;5;2
"Eres: una persona entre 35 y 44 años de Chile. Has leído y aceptado participar en una encuesta realizada por un equipo de investigadores de estadística e informática que está recopilando datos sobre la intención de voto en las elecciones presidenciales de Chile del 16 de noviembre de 2025. El grupo de contactos puede incluir familia, amigos o compañeros de trabajo cuya intención de voto conoces. Entiendes que: - Las respuestas son anónimas; los investigadores no pueden identificar a los participantes. - Los datos no pueden modificarse ni eliminarse una vez enviados. - Los datos pueden publicarse de forma agregada bajo la licencia Open Data Commons Attribution. - Los resultados no se publicarán antes de que hayan concluido las elecciones presidenciales de Chile de 2025. Por favor, responde a las siguientes preguntas considerando que has dado tu consentimiento para participar en la encuesta.";7;0;3;1;10;0;2;1;0;5;13;10;5;6;2;1
"Eres: una persona entre 35 y 44 años de Chile. Has leído y aceptado participar en una encuesta realizada por un equipo de investigadores de estadística e informática que está recopilando datos sobre la intención de voto en las elecciones presidenciales de Chile del 16 de noviembre de 2025. El grupo de contactos puede incluir familia, amigos o compañeros de trabajo cuya intención de voto conoces. Entiendes que: - Las respuestas son anónimas; los investigadores no pueden identificar a los participantes. - Los datos no pueden modificarse ni eliminarse una vez enviados. - Los datos pueden publicarse de forma agregada bajo la licencia Open Data Commons Attribution. - Los resultados no se publicarán antes de que hayan concluido las elecciones presidenciales de Chile de 2025. Por favor, responde a las siguientes preguntas considerando que has dado tu consentimiento para participar en la encuesta.";3;4;2;0;5;1;3;2;2;3;10;8;7;6;2;4
"Eres: una persona entre 35 y 44 años de Chile. Has leído y aceptado participar en una encuesta realizada por un equipo de investigadores de estadística e informática que está recopilando datos sobre la intención de voto en las elecciones presidenciales de Chile del 16 de noviembre de 2025. El grupo de contactos puede incluir familia, amigos o compañeros de trabajo cuya intención de voto conoces. Entiendes que: - Las respuestas son anónimas; los investigadores no pueden identificar a los participantes. - Los datos no pueden modificarse ni eliminarse una vez enviados. - Los datos pueden publicarse de forma agregada bajo la licencia Open Data Commons Attribution. - Los resultados no se publicarán antes de que hayan concluido las elecciones presidenciales de Chile de 2025. Por favor, responde a las siguientes preguntas considerando que has dado tu consentimiento para participar en la encuesta.";3;5;2;0;10;0;4;3;2;8;15;22;10;12;6;5
"Eres: una persona entre 35 y 44 años de Chile. Has leído y aceptado participar en una encuesta realizada por un equipo de investigadores de estadística e informática que está recopilando datos sobre la intención de voto en las elecciones presidenciales de Chile del 16 de noviembre de 2025. El grupo de contactos puede incluir familia, amigos o compañeros de trabajo cuya intención de voto conoces. Entiendes que: - Las respuestas son anónimas; los investigadores no pueden identificar a los participantes. - Los datos no pueden modificarse ni eliminarse una vez enviados. - Los datos pueden publicarse de forma agregada bajo la licencia Open Data Commons Attribution. - Los resultados no se publicarán antes de que hayan concluido las elecciones presidenciales de Chile de 2025. Por favor, responde a las siguientes preguntas considerando que has dado tu consentimiento para participar en la encuesta.";5;8;7;2;1;3;10;4;12;20;25;30;20;15;5;10
"Eres: una persona entre 35 y 44 años de Chile. Has leído y aceptado participar en una encuesta realizada por un equipo de investigadores de estadística e informática que está recopilando datos sobre la intención de voto en las elecciones presidenciales de Chile del 16 de noviembre de 2025. El grupo de contactos puede incluir familia, amigos o compañeros de trabajo cuya intención de voto conoces. Entiendes que: - Las respuestas son anónimas; los investigadores no pueden identificar a los participantes. - Los datos no pueden modificarse ni eliminarse una vez enviados. - Los datos pueden publicarse de forma agregada bajo la licencia Open Data Commons Attribution. - Los resultados no se publicarán antes de que hayan concluido las elecciones presidenciales de Chile de 2025. Por favor, responde a las siguientes preguntas considerando que has dado tu consentimiento para participar en la encuesta.";4;2;5;1;3;0;6;2;1;5;8;10;4;7;2;3
"Eres: una persona entre 35 y 44 años de Chile. Has leído y aceptado participar en una encuesta realizada por un equipo de investigadores de estadística e informática que está recopilando datos sobre la intención de voto en las elecciones presidenciales de Chile del 16 de noviembre de 2025. El grupo de contactos puede incluir familia, amigos o compañeros de trabajo cuya intención de voto conoces. Entiendes que: - Las respuestas son anónimas; los investigadores no pueden identificar a los participantes. - Los datos no pueden modificarse ni eliminarse una vez enviados. - Los datos pueden publicarse de forma agregada bajo la licencia Open Data Commons Attribution. - Los resultados no se publicarán antes de que hayan concluido las elecciones presidenciales de Chile de 2025. Por favor, responde a las siguientes preguntas considerando que has dado tu consentimiento para participar en la encuesta.";3;0;2;1;4;0;3;1;2;7;8;10;7;5;2;1
"Eres: una persona entre 35 y 44 años de Chile. Has leído y aceptado participar en una encuesta realizada por un equipo de investigadores de estadística e informática que está recopilando datos sobre la intención de voto en las elecciones presidenciales de Chile del 16 de noviembre de 2025. El grupo de contactos puede incluir familia, amigos o compañeros de trabajo cuya intención de voto conoces. Entiendes que: - Las respuestas son anónimas; los investigadores no pueden identificar a los participantes. - Los datos no pueden modificarse ni eliminarse una vez enviados. - Los datos pueden publicarse de forma agregada bajo la licencia Open Data Commons Attribution. - Los resultados no se publicarán antes de que hayan concluido las elecciones presidenciales de Chile de 2025. Por favor, responde a las siguientes preguntas considerando que has dado tu consentimiento para participar en la encuesta.";3;1;0;0;5;0;2;1;3;8;5;10;7;4;2;1
"Eres: una persona entre 35 y 44 años de Chile. Has leído y aceptado participar en una encuesta realizada por un equipo de investigadores de estadística e informática que está recopilando datos sobre la intención de voto en las elecciones presidenciales de Chile del 16 de noviembre de 2025. El grupo de contactos puede incluir familia, amigos o compañeros de trabajo cuya intención de voto conoces. Entiendes que: - Las respuestas son anónimas; los investigadores no pueden identificar a los participantes. - Los datos no pueden modificarse ni eliminarse una vez enviados. - Los datos pueden publicarse de forma agregada bajo la licencia Open Data Commons Attribution. - Los resultados no se publicarán antes de que hayan concluido las elecciones presidenciales de Chile de 2025. Por favor, responde a las siguientes preguntas considerando que has dado tu consentimiento para participar en la encuesta.";10;8;6;12;7;3;16;5;2;1;27;34;15;12;5;4
"Eres: una persona entre 35 y 44 años de Chile. Has leído y aceptado participar en una encuesta realizada por un equipo de investigadores de estadística e informática que está recopilando datos sobre la intención de voto en las elecciones presidenciales de Chile del 16 de noviembre de 2025. El grupo de contactos puede incluir familia, amigos o compañeros de trabajo cuya intención de voto conoces. Entiendes que: - Las respuestas son anónimas; los investigadores no pueden identificar a los participantes. - Los datos no pueden modificarse ni eliminarse una vez enviados. - Los datos pueden publicarse de forma agregada bajo la licencia Open Data Commons Attribution. - Los resultados no se publicarán antes de que hayan concluido las elecciones presidenciales de Chile de 2025. Por favor, responde a las siguientes preguntas considerando que has dado tu consentimiento para participar en la encuesta.";4;6;2;1;3;0;5;4;7;9;10;20;15;12;3;2
"Eres: una persona entre 35 y 44 años de Chile. Has leído y aceptado participar en una encuesta realizada por un equipo de investigadores de estadística e informática que está recopilando datos sobre la intención de voto en las elecciones presidenciales de Chile del 16 de noviembre de 2025. El grupo de contactos puede incluir familia, amigos o compañeros de trabajo cuya intención de voto conoces. Entiendes que: - Las respuestas son anónimas; los investigadores no pueden identificar a los participantes. - Los datos no pueden modificarse ni eliminarse una vez enviados. - Los datos pueden publicarse de forma agregada bajo la licencia Open Data Commons Attribution. - Los resultados no se publicarán antes de que hayan concluido las elecciones presidenciales de Chile de 2025. Por favor, responde a las siguientes preguntas considerando que has dado tu consentimiento para participar en la encuesta.";2;0;1;3;4;0;2;1;0;2;7;5;3;2;1;1
"Eres: una persona entre 35 y 44 años de Chile. Has leído y aceptado participar en una encuesta realizada por un equipo de investigadores de estadística e informática que está recopilando datos sobre la intención de voto en las elecciones presidenciales de Chile del 16 de noviembre de 2025. El grupo de contactos puede incluir familia, amigos o compañeros de trabajo cuya intención de voto conoces. Entiendes que: - Las respuestas son anónimas; los investigadores no pueden identificar a los participantes. - Los datos no pueden modificarse ni eliminarse una vez enviados. - Los datos pueden publicarse de forma agregada bajo la licencia Open Data Commons Attribution. - Los resultados no se publicarán antes de que hayan concluido las elecciones presidenciales de Chile de 2025. Por favor, responde a las siguientes preguntas considerando que has dado tu consentimiento para participar en la encuesta.";4;3;2;5;1;0;3;2;1;6;8;9;3;2;1;0
"Eres: una persona entre 35 y 44 años de Chile. Has leído y aceptado participar en una encuesta realizada por un equipo de investigadores de estadística e informática que está recopilando datos sobre la intención de voto en las elecciones presidenciales de Chile del 16 de noviembre de 2025. El grupo de contactos puede incluir familia, amigos o compañeros de trabajo cuya intención de voto conoces. Entiendes que: - Las respuestas son anónimas; los investigadores no pueden identificar a los participantes. - Los datos no pueden modificarse ni eliminarse una vez enviados. - Los datos pueden publicarse de forma agregada bajo la licencia Open Data Commons Attribution. - Los resultados no se publicarán antes de que hayan concluido las elecciones presidenciales de Chile de 2025. Por favor, responde a las siguientes preguntas considerando que has dado tu consentimiento para participar en la encuesta.";7;5;10;2;6;0;4;3;12;8;15;10;8;7;2;5
"Eres: una persona entre 35 y 44 años de Chile. Has leído y aceptado participar en una encuesta realizada por un equipo de investigadores de estadística e informática que está recopilando datos sobre la intención de voto en las elecciones presidenciales de Chile del 16 de noviembre de 2025. El grupo de contactos puede incluir familia, amigos o compañeros de trabajo cuya intención de voto conoces. Entiendes que: - Las respuestas son anónimas; los investigadores no pueden identificar a los participantes. - Los datos no pueden modificarse ni eliminarse una vez enviados. - Los datos pueden publicarse de forma agregada bajo la licencia Open Data Commons Attribution. - Los resultados no se publicarán antes de que hayan concluido las elecciones presidenciales de Chile de 2025. Por favor, responde a las siguientes preguntas considerando que has dado tu consentimiento para participar en la encuesta.";3;2;1;0;4;0;3;0;1;6;4;5;6;3;2;1
"Eres: una persona entre 35 y 44 años de Chile. Has leído y aceptado participar en una encuesta realizada por un equipo de investigadores de estadística e informática que está recopilando datos sobre la intención de voto en las elecciones presidenciales de Chile del 16 de noviembre de 2025. El grupo de contactos puede incluir familia, amigos o compañeros de trabajo cuya intención de voto conoces. Entiendes que: - Las respuestas son anónimas; los investigadores no pueden identificar a los participantes. - Los datos no pueden modificarse ni eliminarse una vez enviados. - Los datos pueden publicarse de forma agregada bajo la licencia Open Data Commons Attribution. - Los resultados no se publicarán antes de que hayan concluido las elecciones presidenciales de Chile de 2025. Por favor, responde a las siguientes preguntas considerando que has dado tu consentimiento para participar en la encuesta.";3;2;1;5;10;0;2;3;4;3;12;15;8;7;3;1
"Eres: una persona entre 35 y 44 años de Chile. Has leído y aceptado participar en una encuesta realizada por un equipo de investigadores de estadística e informática que está recopilando datos sobre la intención de voto en las elecciones presidenciales de Chile del 16 de noviembre de 2025. El grupo de contactos puede incluir familia, amigos o compañeros de trabajo cuya intención de voto conoces. Entiendes que: - Las respuestas son anónimas; los investigadores no pueden identificar a los participantes. - Los datos no pueden modificarse ni eliminarse una vez enviados. - Los datos pueden publicarse de forma agregada bajo la licencia Open Data Commons Attribution. - Los resultados no se publicarán antes de que hayan concluido las elecciones presidenciales de Chile de 2025. Por favor, responde a las siguientes preguntas considerando que has dado tu consentimiento para participar en la encuesta.";2;0;3;1;7;0;5;2;3;4;6;8;7;4;1;3
"Eres: una persona entre 35 y 44 años de Chile. Has leído y aceptado participar en una encuesta realizada por un equipo de investigadores de estadística e informática que está recopilando datos sobre la intención de voto en las elecciones presidenciales de Chile del 16 de noviembre de 2025. El grupo de contactos puede incluir familia, amigos o compañeros de trabajo cuya intención de voto conoces. Entiendes que: - Las respuestas son anónimas; los investigadores no pueden identificar a los participantes. - Los datos no pueden modificarse ni eliminarse una vez enviados. - Los datos pueden publicarse de forma agregada bajo la licencia Open Data Commons Attribution. - Los resultados no se publicarán antes de que hayan concluido las elecciones presidenciales de Chile de 2025. Por favor, responde a las siguientes preguntas considerando que has dado tu consentimiento para participar en la encuesta.";2;4;1;0;3;0;2;1;2;5;8;5;2;4;1;1
"Eres: una persona entre 35 y 44 años de Chile. Has leído y aceptado participar en una encuesta realizada por un equipo de investigadores de estadística e informática que está recopilando datos sobre la intención de voto en las elecciones presidenciales de Chile del 16 de noviembre de 2025. El grupo de contactos puede incluir familia, amigos o compañeros de trabajo cuya intención de voto conoces. Entiendes que: - Las respuestas son anónimas; los investigadores no pueden identificar a los participantes. - Los datos no pueden modificarse ni eliminarse una vez enviados. - Los datos pueden publicarse de forma agregada bajo la licencia Open Data Commons Attribution. - Los resultados no se publicarán antes de que hayan concluido las elecciones presidenciales de Chile de 2025. Por favor, responde a las siguientes preguntas considerando que has dado tu consentimiento para participar en la encuesta.";2;3;1;1;5;0;4;2;3;6;8;10;7;5;2;3
"Eres: una persona entre 35 y 44 años de Chile. Has leído y aceptado participar en una encuesta realizada por un equipo de investigadores de estadística e informática que está recopilando datos sobre la intención de voto en las elecciones presidenciales de Chile del 16 de noviembre de 2025. El grupo de contactos puede incluir familia, amigos o compañeros de trabajo cuya intención de voto conoces. Entiendes que: - Las respuestas son anónimas; los investigadores no pueden identificar a los participantes. - Los datos no pueden modificarse ni eliminarse una vez enviados. - Los datos pueden publicarse de forma agregada bajo la licencia Open Data Commons Attribution. - Los resultados no se publicarán antes de que hayan concluido las elecciones presidenciales de Chile de 2025. Por favor, responde a las siguientes preguntas considerando que has dado tu consentimiento para participar en la encuesta.";3;5;7;2;10;1;5;4;15;10;18;25;7;20;12;3
"Eres: una persona entre 35 y 44 años de Chile. Has leído y aceptado participar en una encuesta realizada por un equipo de investigadores de estadística e informática que está recopilando datos sobre la intención de voto en las elecciones presidenciales de Chile del 16 de noviembre de 2025. El grupo de contactos puede incluir familia, amigos o compañeros de trabajo cuya intención de voto conoces. Entiendes que: - Las respuestas son anónimas; los investigadores no pueden identificar a los participantes. - Los datos no pueden modificarse ni eliminarse una vez enviados. - Los datos pueden publicarse de forma agregada bajo la licencia Open Data Commons Attribution. - Los resultados no se publicarán antes de que hayan concluido las elecciones presidenciales de Chile de 2025. Por favor, responde a las siguientes preguntas considerando que has dado tu consentimiento para participar en la encuesta.";5;7;3;0;10;1;9;2;4;6;8;12;10;7;3;2
"Eres: una persona entre 35 y 44 años de Chile. Has leído y aceptado participar en una encuesta realizada por un equipo de investigadores de estadística e informática que está recopilando datos sobre la intención de voto en las elecciones presidenciales de Chile del 16 de noviembre de 2025. El grupo de contactos puede incluir familia, amigos o compañeros de trabajo cuya intención de voto conoces. Entiendes que: - Las respuestas son anónimas; los investigadores no pueden identificar a los participantes. - Los datos no pueden modificarse ni eliminarse una vez enviados. - Los datos pueden publicarse de forma agregada bajo la licencia Open Data Commons Attribution. - Los resultados no se publicarán antes de que hayan concluido las elecciones presidenciales de Chile de 2025. Por favor, responde a las siguientes preguntas considerando que has dado tu consentimiento para participar en la encuesta.";3;7;5;2;6;1;4;0;2;5;12;15;8;10;3;2
"Eres: una persona entre 35 y 44 años de Chile. Has leído y aceptado participar en una encuesta realizada por un equipo de investigadores de estadística e informática que está recopilando datos sobre la intención de voto en las elecciones presidenciales de Chile del 16 de noviembre de 2025. El grupo de contactos puede incluir familia, amigos o compañeros de trabajo cuya intención de voto conoces. Entiendes que: - Las respuestas son anónimas; los investigadores no pueden identificar a los participantes. - Los datos no pueden modificarse ni eliminarse una vez enviados. - Los datos pueden publicarse de forma agregada bajo la licencia Open Data Commons Attribution. - Los resultados no se publicarán antes de que hayan concluido las elecciones presidenciales de Chile de 2025. Por favor, responde a las siguientes preguntas considerando que has dado tu consentimiento para participar en la encuesta.";5;3;2;0;7;0;4;1;0;4;8;11;5;6;3;2
"Eres: una persona entre 35 y 44 años de Chile. Has leído y aceptado participar en una encuesta realizada por un equipo de investigadores de estadística e informática que está recopilando datos sobre la intención de voto en las elecciones presidenciales de Chile del 16 de noviembre de 2025. El grupo de contactos puede incluir familia, amigos o compañeros de trabajo cuya intención de voto conoces. Entiendes que: - Las respuestas son anónimas; los investigadores no pueden identificar a los participantes. - Los datos no pueden modificarse ni eliminarse una vez enviados. - Los datos pueden publicarse de forma agregada bajo la licencia Open Data Commons Attribution. - Los resultados no se publicarán antes de que hayan concluido las elecciones presidenciales de Chile de 2025. Por favor, responde a las siguientes preguntas considerando que has dado tu consentimiento para participar en la encuesta.";4;2;5;0;8;1;3;2;1;7;15;12;8;10;3;2
"Eres: una persona entre 35 y 44 años de Chile. Has leído y aceptado participar en una encuesta realizada por un equipo de investigadores de estadística e informática que está recopilando datos sobre la intención de voto en las elecciones presidenciales de Chile del 16 de noviembre de 2025. El grupo de contactos puede incluir familia, amigos o compañeros de trabajo cuya intención de voto conoces. Entiendes que: - Las respuestas son anónimas; los investigadores no pueden identificar a los participantes. - Los datos no pueden modificarse ni eliminarse una vez enviados. - Los datos pueden publicarse de forma agregada bajo la licencia Open Data Commons Attribution. - Los resultados no se publicarán antes de que hayan concluido las elecciones presidenciales de Chile de 2025. Por favor, responde a las siguientes preguntas considerando que has dado tu consentimiento para participar en la encuesta.";15;8;4;1;10;3;9;2;3;12;20;20;10;15;10;5
"Eres: una persona entre 35 y 44 años de Chile. Has leído y aceptado participar en una encuesta realizada por un equipo de investigadores de estadística e informática que está recopilando datos sobre la intención de voto en las elecciones presidenciales de Chile del 16 de noviembre de 2025. El grupo de contactos puede incluir familia, amigos o compañeros de trabajo cuya intención de voto conoces. Entiendes que: - Las respuestas son anónimas; los investigadores no pueden identificar a los participantes. - Los datos no pueden modificarse ni eliminarse una vez enviados. - Los datos pueden publicarse de forma agregada bajo la licencia Open Data Commons Attribution. - Los resultados no se publicarán antes de que hayan concluido las elecciones presidenciales de Chile de 2025. Por favor, responde a las siguientes preguntas considerando que has dado tu consentimiento para participar en la encuesta.";2;4;3;1;5;0;5;1;2;6;12;15;8;10;3;2
"Eres: una persona entre 35 y 44 años de Chile. Has leído y aceptado participar en una encuesta realizada por un equipo de investigadores de estadística e informática que está recopilando datos sobre la intención de voto en las elecciones presidenciales de Chile del 16 de noviembre de 2025. El grupo de contactos puede incluir familia, amigos o compañeros de trabajo cuya intención de voto conoces. Entiendes que: - Las respuestas son anónimas; los investigadores no pueden identificar a los participantes. - Los datos no pueden modificarse ni eliminarse una vez enviados. - Los datos pueden publicarse de forma agregada bajo la licencia Open Data Commons Attribution. - Los resultados no se publicarán antes de que hayan concluido las elecciones presidenciales de Chile de 2025. Por favor, responde a las siguientes preguntas considerando que has dado tu consentimiento para participar en la encuesta.";2;3;1;0;4;0;2;1;0;7;5;12;3;6;2;1
"Eres: una persona entre 35 y 44 años de Chile. Has leído y aceptado participar en una encuesta realizada por un equipo de investigadores de estadística e informática que está recopilando datos sobre la intención de voto en las elecciones presidenciales de Chile del 16 de noviembre de 2025. El grupo de contactos puede incluir familia, amigos o compañeros de trabajo cuya intención de voto conoces. Entiendes que: - Las respuestas son anónimas; los investigadores no pueden identificar a los participantes. - Los datos no pueden modificarse ni eliminarse una vez enviados. - Los datos pueden publicarse de forma agregada bajo la licencia Open Data Commons Attribution. - Los resultados no se publicarán antes de que hayan concluido las elecciones presidenciales de Chile de 2025. Por favor, responde a las siguientes preguntas considerando que has dado tu consentimiento para participar en la encuesta.";5;2;7;1;2;0;3;2;1;5;15;7;8;10;3;2
"Eres: una persona entre 45 y 54 años de Chile. Has leído y aceptado participar en una encuesta realizada por un equipo de investigadores de estadística e informática que está recopilando datos sobre la intención de voto en las elecciones presidenciales de Chile del 16 de noviembre de 2025. El grupo de contactos puede incluir familia, amigos o compañeros de trabajo cuya intención de voto conoces. Entiendes que: - Las respuestas son anónimas; los investigadores no pueden identificar a los participantes. - Los datos no pueden modificarse ni eliminarse una vez enviados. - Los datos pueden publicarse de forma agregada bajo la licencia Open Data Commons Attribution. - Los resultados no se publicarán antes de que hayan concluido las elecciones presidenciales de Chile de 2025. Por favor, responde a las siguientes preguntas considerando que has dado tu consentimiento para participar en la encuesta.";5;2;7;1;9;0;10;3;4;6;15;20;12;10;5;1
"Eres: una persona entre 45 y 54 años de Chile. Has leído y aceptado participar en una encuesta realizada por un equipo de investigadores de estadística e informática que está recopilando datos sobre la intención de voto en las elecciones presidenciales de Chile del 16 de noviembre de 2025. El grupo de contactos puede incluir familia, amigos o compañeros de trabajo cuya intención de voto conoces. Entiendes que: - Las respuestas son anónimas; los investigadores no pueden identificar a los participantes. - Los datos no pueden modificarse ni eliminarse una vez enviados. - Los datos pueden publicarse de forma agregada bajo la licencia Open Data Commons Attribution. - Los resultados no se publicarán antes de que hayan concluido las elecciones presidenciales de Chile de 2025. Por favor, responde a las siguientes preguntas considerando que has dado tu consentimiento para participar en la encuesta.";4;2;6;0;5;0;3;1;2;10;12;21;7;9;4;3
"Eres: una persona entre 45 y 54 años de Chile. Has leído y aceptado participar en una encuesta realizada por un equipo de investigadores de estadística e informática que está recopilando datos sobre la intención de voto en las elecciones presidenciales de Chile del 16 de noviembre de 2025. El grupo de contactos puede incluir familia, amigos o compañeros de trabajo cuya intención de voto conoces. Entiendes que: - Las respuestas son anónimas; los investigadores no pueden identificar a los participantes. - Los datos no pueden modificarse ni eliminarse una vez enviados. - Los datos pueden publicarse de forma agregada bajo la licencia Open Data Commons Attribution. - Los resultados no se publicarán antes de que hayan concluido las elecciones presidenciales de Chile de 2025. Por favor, responde a las siguientes preguntas considerando que has dado tu consentimiento para participar en la encuesta.";5;2;8;0;4;0;6;1;2;7;6;13;10;7;2;1
"Eres: una persona entre 45 y 54 años de Chile. Has leído y aceptado participar en una encuesta realizada por un equipo de investigadores de estadística e informática que está recopilando datos sobre la intención de voto en las elecciones presidenciales de Chile del 16 de noviembre de 2025. El grupo de contactos puede incluir familia, amigos o compañeros de trabajo cuya intención de voto conoces. Entiendes que: - Las respuestas son anónimas; los investigadores no pueden identificar a los participantes. - Los datos no pueden modificarse ni eliminarse una vez enviados. - Los datos pueden publicarse de forma agregada bajo la licencia Open Data Commons Attribution. - Los resultados no se publicarán antes de que hayan concluido las elecciones presidenciales de Chile de 2025. Por favor, responde a las siguientes preguntas considerando que has dado tu consentimiento para participar en la encuesta.";2;4;1;0;5;1;3;0;2;3;10;6;5;4;2;1
"Eres: una persona entre 45 y 54 años de Chile. Has leído y aceptado participar en una encuesta realizada por un equipo de investigadores de estadística e informática que está recopilando datos sobre la intención de voto en las elecciones presidenciales de Chile del 16 de noviembre de 2025. El grupo de contactos puede incluir familia, amigos o compañeros de trabajo cuya intención de voto conoces. Entiendes que: - Las respuestas son anónimas; los investigadores no pueden identificar a los participantes. - Los datos no pueden modificarse ni eliminarse una vez enviados. - Los datos pueden publicarse de forma agregada bajo la licencia Open Data Commons Attribution. - Los resultados no se publicarán antes de que hayan concluido las elecciones presidenciales de Chile de 2025. Por favor, responde a las siguientes preguntas considerando que has dado tu consentimiento para participar en la encuesta.";3;2;1;1;5;0;6;4;2;10;8;12;15;7;3;2
"Eres: una persona entre 45 y 54 años de Chile. Has leído y aceptado participar en una encuesta realizada por un equipo de investigadores de estadística e informática que está recopilando datos sobre la intención de voto en las elecciones presidenciales de Chile del 16 de noviembre de 2025. El grupo de contactos puede incluir familia, amigos o compañeros de trabajo cuya intención de voto conoces. Entiendes que: - Las respuestas son anónimas; los investigadores no pueden identificar a los participantes. - Los datos no pueden modificarse ni eliminarse una vez enviados. - Los datos pueden publicarse de forma agregada bajo la licencia Open Data Commons Attribution. - Los resultados no se publicarán antes de que hayan concluido las elecciones presidenciales de Chile de 2025. Por favor, responde a las siguientes preguntas considerando que has dado tu consentimiento para participar en la encuesta.";4;3;2;0;5;1;6;2;2;3;8;11;6;4;2;1
"Eres: una persona entre 45 y 54 años de Chile. Has leído y aceptado participar en una encuesta realizada por un equipo de investigadores de estadística e informática que está recopilando datos sobre la intención de voto en las elecciones presidenciales de Chile del 16 de noviembre de 2025. El grupo de contactos puede incluir familia, amigos o compañeros de trabajo cuya intención de voto conoces. Entiendes que: - Las respuestas son anónimas; los investigadores no pueden identificar a los participantes. - Los datos no pueden modificarse ni eliminarse una vez enviados. - Los datos pueden publicarse de forma agregada bajo la licencia Open Data Commons Attribution. - Los resultados no se publicarán antes de que hayan concluido las elecciones presidenciales de Chile de 2025. Por favor, responde a las siguientes preguntas considerando que has dado tu consentimiento para participar en la encuesta.";3;2;5;0;4;0;5;1;2;6;10;12;5;8;3;1
"Eres: una persona entre 45 y 54 años de Chile. Has leído y aceptado participar en una encuesta realizada por un equipo de investigadores de estadística e informática que está recopilando datos sobre la intención de voto en las elecciones presidenciales de Chile del 16 de noviembre de 2025. El grupo de contactos puede incluir familia, amigos o compañeros de trabajo cuya intención de voto conoces. Entiendes que: - Las respuestas son anónimas; los investigadores no pueden identificar a los participantes. - Los datos no pueden modificarse ni eliminarse una vez enviados. - Los datos pueden publicarse de forma agregada bajo la licencia Open Data Commons Attribution. - Los resultados no se publicarán antes de que hayan concluido las elecciones presidenciales de Chile de 2025. Por favor, responde a las siguientes preguntas considerando que has dado tu consentimiento para participar en la encuesta.";3;5;2;1;2;0;1;2;0;8;7;9;6;3;2;1
"Eres: una persona entre 45 y 54 años de Chile. Has leído y aceptado participar en una encuesta realizada por un equipo de investigadores de estadística e informática que está recopilando datos sobre la intención de voto en las elecciones presidenciales de Chile del 16 de noviembre de 2025. El grupo de contactos puede incluir familia, amigos o compañeros de trabajo cuya intención de voto conoces. Entiendes que: - Las respuestas son anónimas; los investigadores no pueden identificar a los participantes. - Los datos no pueden modificarse ni eliminarse una vez enviados. - Los datos pueden publicarse de forma agregada bajo la licencia Open Data Commons Attribution. - Los resultados no se publicarán antes de que hayan concluido las elecciones presidenciales de Chile de 2025. Por favor, responde a las siguientes preguntas considerando que has dado tu consentimiento para participar en la encuesta.";5;6;4;3;7;2;8;1;2;5;10;15;20;12;3;5
"Eres: una persona entre 45 y 54 años de Chile. Has leído y aceptado participar en una encuesta realizada por un equipo de investigadores de estadística e informática que está recopilando datos sobre la intención de voto en las elecciones presidenciales de Chile del 16 de noviembre de 2025. El grupo de contactos puede incluir familia, amigos o compañeros de trabajo cuya intención de voto conoces. Entiendes que: - Las respuestas son anónimas; los investigadores no pueden identificar a los participantes. - Los datos no pueden modificarse ni eliminarse una vez enviados. - Los datos pueden publicarse de forma agregada bajo la licencia Open Data Commons Attribution. - Los resultados no se publicarán antes de que hayan concluido las elecciones presidenciales de Chile de 2025. Por favor, responde a las siguientes preguntas considerando que has dado tu consentimiento para participar en la encuesta.";2;4;3;0;5;1;3;2;1;2;5;7;4;3;1;0
"Eres: una persona entre 45 y 54 años de Chile. Has leído y aceptado participar en una encuesta realizada por un equipo de investigadores de estadística e informática que está recopilando datos sobre la intención de voto en las elecciones presidenciales de Chile del 16 de noviembre de 2025. El grupo de contactos puede incluir familia, amigos o compañeros de trabajo cuya intención de voto conoces. Entiendes que: - Las respuestas son anónimas; los investigadores no pueden identificar a los participantes. - Los datos no pueden modificarse ni eliminarse una vez enviados. - Los datos pueden publicarse de forma agregada bajo la licencia Open Data Commons Attribution. - Los resultados no se publicarán antes de que hayan concluido las elecciones presidenciales de Chile de 2025. Por favor, responde a las siguientes preguntas considerando que has dado tu consentimiento para participar en la encuesta.";10;15;5;0;20;2;8;3;7;10;25;30;15;20;5;2
"Eres: una persona entre 45 y 54 años de Chile. Has leído y aceptado participar en una encuesta realizada por un equipo de investigadores de estadística e informática que está recopilando datos sobre la intención de voto en las elecciones presidenciales de Chile del 16 de noviembre de 2025. El grupo de contactos puede incluir familia, amigos o compañeros de trabajo cuya intención de voto conoces. Entiendes que: - Las respuestas son anónimas; los investigadores no pueden identificar a los participantes. - Los datos no pueden modificarse ni eliminarse una vez enviados. - Los datos pueden publicarse de forma agregada bajo la licencia Open Data Commons Attribution. - Los resultados no se publicarán antes de que hayan concluido las elecciones presidenciales de Chile de 2025. Por favor, responde a las siguientes preguntas considerando que has dado tu consentimiento para participar en la encuesta.";5;7;3;1;8;2;4;6;0;10;15;20;5;10;3;2
"Eres: una persona entre 45 y 54 años de Chile. Has leído y aceptado participar en una encuesta realizada por un equipo de investigadores de estadística e informática que está recopilando datos sobre la intención de voto en las elecciones presidenciales de Chile del 16 de noviembre de 2025. El grupo de contactos puede incluir familia, amigos o compañeros de trabajo cuya intención de voto conoces. Entiendes que: - Las respuestas son anónimas; los investigadores no pueden identificar a los participantes. - Los datos no pueden modificarse ni eliminarse una vez enviados. - Los datos pueden publicarse de forma agregada bajo la licencia Open Data Commons Attribution. - Los resultados no se publicarán antes de que hayan concluido las elecciones presidenciales de Chile de 2025. Por favor, responde a las siguientes preguntas considerando que has dado tu consentimiento para participar en la encuesta.";2;4;1;0;3;0;2;0;0;3;4;6;5;3;1;2
"Eres: una persona entre 45 y 54 años de Chile. Has leído y aceptado participar en una encuesta realizada por un equipo de investigadores de estadística e informática que está recopilando datos sobre la intención de voto en las elecciones presidenciales de Chile del 16 de noviembre de 2025. El grupo de contactos puede incluir familia, amigos o compañeros de trabajo cuya intención de voto conoces. Entiendes que: - Las respuestas son anónimas; los investigadores no pueden identificar a los participantes. - Los datos no pueden modificarse ni eliminarse una vez enviados. - Los datos pueden publicarse de forma agregada bajo la licencia Open Data Commons Attribution. - Los resultados no se publicarán antes de que hayan concluido las elecciones presidenciales de Chile de 2025. Por favor, responde a las siguientes preguntas considerando que has dado tu consentimiento para participar en la encuesta.";4;2;6;3;5;1;3;2;3;5;10;12;8;5;2;1
"Eres: una persona entre 45 y 54 años de Chile. Has leído y aceptado participar en una encuesta realizada por un equipo de investigadores de estadística e informática que está recopilando datos sobre la intención de voto en las elecciones presidenciales de Chile del 16 de noviembre de 2025. El grupo de contactos puede incluir familia, amigos o compañeros de trabajo cuya intención de voto conoces. Entiendes que: - Las respuestas son anónimas; los investigadores no pueden identificar a los participantes. - Los datos no pueden modificarse ni eliminarse una vez enviados. - Los datos pueden publicarse de forma agregada bajo la licencia Open Data Commons Attribution. - Los resultados no se publicarán antes de que hayan concluido las elecciones presidenciales de Chile de 2025. Por favor, responde a las siguientes preguntas considerando que has dado tu consentimiento para participar en la encuesta.";3;10;7;2;6;1;5;4;2;8;10;15;10;8;2;4
"Eres: una persona entre 45 y 54 años de Chile. Has leído y aceptado participar en una encuesta realizada por un equipo de investigadores de estadística e informática que está recopilando datos sobre la intención de voto en las elecciones presidenciales de Chile del 16 de noviembre de 2025. El grupo de contactos puede incluir familia, amigos o compañeros de trabajo cuya intención de voto conoces. Entiendes que: - Las respuestas son anónimas; los investigadores no pueden identificar a los participantes. - Los datos no pueden modificarse ni eliminarse una vez enviados. - Los datos pueden publicarse de forma agregada bajo la licencia Open Data Commons Attribution. - Los resultados no se publicarán antes de que hayan concluido las elecciones presidenciales de Chile de 2025. Por favor, responde a las siguientes preguntas considerando que has dado tu consentimiento para participar en la encuesta.";3;1;4;0;2;0;5;1;2;3;4;7;6;3;2;1
"Eres: una persona entre 45 y 54 años de Chile. Has leído y aceptado participar en una encuesta realizada por un equipo de investigadores de estadística e informática que está recopilando datos sobre la intención de voto en las elecciones presidenciales de Chile del 16 de noviembre de 2025. El grupo de contactos puede incluir familia, amigos o compañeros de trabajo cuya intención de voto conoces. Entiendes que: - Las respuestas son anónimas; los investigadores no pueden identificar a los participantes. - Los datos no pueden modificarse ni eliminarse una vez enviados. - Los datos pueden publicarse de forma agregada bajo la licencia Open Data Commons Attribution. - Los resultados no se publicarán antes de que hayan concluido las elecciones presidenciales de Chile de 2025. Por favor, responde a las siguientes preguntas considerando que has dado tu consentimiento para participar en la encuesta.";4;3;5;2;6;0;2;4;3;5;10;15;20;12;4;3
"Eres: una persona entre 45 y 54 años de Chile. Has leído y aceptado participar en una encuesta realizada por un equipo de investigadores de estadística e informática que está recopilando datos sobre la intención de voto en las elecciones presidenciales de Chile del 16 de noviembre de 2025. El grupo de contactos puede incluir familia, amigos o compañeros de trabajo cuya intención de voto conoces. Entiendes que: - Las respuestas son anónimas; los investigadores no pueden identificar a los participantes. - Los datos no pueden modificarse ni eliminarse una vez enviados. - Los datos pueden publicarse de forma agregada bajo la licencia Open Data Commons Attribution. - Los resultados no se publicarán antes de que hayan concluido las elecciones presidenciales de Chile de 2025. Por favor, responde a las siguientes preguntas considerando que has dado tu consentimiento para participar en la encuesta.";2;4;8;0;5;1;3;6;2;10;15;20;5;10;5;3
"Eres: una persona entre 45 y 54 años de Chile. Has leído y aceptado participar en una encuesta realizada por un equipo de investigadores de estadística e informática que está recopilando datos sobre la intención de voto en las elecciones presidenciales de Chile del 16 de noviembre de 2025. El grupo de contactos puede incluir familia, amigos o compañeros de trabajo cuya intención de voto conoces. Entiendes que: - Las respuestas son anónimas; los investigadores no pueden identificar a los participantes. - Los datos no pueden modificarse ni eliminarse una vez enviados. - Los datos pueden publicarse de forma agregada bajo la licencia Open Data Commons Attribution. - Los resultados no se publicarán antes de que hayan concluido las elecciones presidenciales de Chile de 2025. Por favor, responde a las siguientes preguntas considerando que has dado tu consentimiento para participar en la encuesta.";2;3;1;0;5;0;4;1;2;5;14;9;10;8;3;2
"Eres: una persona entre 45 y 54 años de Chile. Has leído y aceptado participar en una encuesta realizada por un equipo de investigadores de estadística e informática que está recopilando datos sobre la intención de voto en las elecciones presidenciales de Chile del 16 de noviembre de 2025. El grupo de contactos puede incluir familia, amigos o compañeros de trabajo cuya intención de voto conoces. Entiendes que: - Las respuestas son anónimas; los investigadores no pueden identificar a los participantes. - Los datos no pueden modificarse ni eliminarse una vez enviados. - Los datos pueden publicarse de forma agregada bajo la licencia Open Data Commons Attribution. - Los resultados no se publicarán antes de que hayan concluido las elecciones presidenciales de Chile de 2025. Por favor, responde a las siguientes preguntas considerando que has dado tu consentimiento para participar en la encuesta.";2;3;1;0;4;0;2;1;0;7;5;8;7;3;2;1
"Eres: una persona entre 45 y 54 años de Chile. Has leído y aceptado participar en una encuesta realizada por un equipo de investigadores de estadística e informática que está recopilando datos sobre la intención de voto en las elecciones presidenciales de Chile del 16 de noviembre de 2025. El grupo de contactos puede incluir familia, amigos o compañeros de trabajo cuya intención de voto conoces. Entiendes que: - Las respuestas son anónimas; los investigadores no pueden identificar a los participantes. - Los datos no pueden modificarse ni eliminarse una vez enviados. - Los datos pueden publicarse de forma agregada bajo la licencia Open Data Commons Attribution. - Los resultados no se publicarán antes de que hayan concluido las elecciones presidenciales de Chile de 2025. Por favor, responde a las siguientes preguntas considerando que has dado tu consentimiento para participar en la encuesta.";5;3;7;1;10;4;6;2;5;8;20;15;10;12;3;7
"Eres: una persona entre 45 y 54 años de Chile. Has leído y aceptado participar en una encuesta realizada por un equipo de investigadores de estadística e informática que está recopilando datos sobre la intención de voto en las elecciones presidenciales de Chile del 16 de noviembre de 2025. El grupo de contactos puede incluir familia, amigos o compañeros de trabajo cuya intención de voto conoces. Entiendes que: - Las respuestas son anónimas; los investigadores no pueden identificar a los participantes. - Los datos no pueden modificarse ni eliminarse una vez enviados. - Los datos pueden publicarse de forma agregada bajo la licencia Open Data Commons Attribution. - Los resultados no se publicarán antes de que hayan concluido las elecciones presidenciales de Chile de 2025. Por favor, responde a las siguientes preguntas considerando que has dado tu consentimiento para participar en la encuesta.";5;10;8;3;7;2;11;4;12;15;20;24;16;13;5;3
"Eres: una persona entre 45 y 54 años de Chile. Has leído y aceptado participar en una encuesta realizada por un equipo de investigadores de estadística e informática que está recopilando datos sobre la intención de voto en las elecciones presidenciales de Chile del 16 de noviembre de 2025. El grupo de contactos puede incluir familia, amigos o compañeros de trabajo cuya intención de voto conoces. Entiendes que: - Las respuestas son anónimas; los investigadores no pueden identificar a los participantes. - Los datos no pueden modificarse ni eliminarse una vez enviados. - Los datos pueden publicarse de forma agregada bajo la licencia Open Data Commons Attribution. - Los resultados no se publicarán antes de que hayan concluido las elecciones presidenciales de Chile de 2025. Por favor, responde a las siguientes preguntas considerando que has dado tu consentimiento para participar en la encuesta.";5;3;4;2;7;1;6;0;3;4;10;15;20;10;5;2
"Eres: una persona entre 45 y 54 años de Chile. Has leído y aceptado participar en una encuesta realizada por un equipo de investigadores de estadística e informática que está recopilando datos sobre la intención de voto en las elecciones presidenciales de Chile del 16 de noviembre de 2025. El grupo de contactos puede incluir familia, amigos o compañeros de trabajo cuya intención de voto conoces. Entiendes que: - Las respuestas son anónimas; los investigadores no pueden identificar a los participantes. - Los datos no pueden modificarse ni eliminarse una vez enviados. - Los datos pueden publicarse de forma agregada bajo la licencia Open Data Commons Attribution. - Los resultados no se publicarán antes de que hayan concluido las elecciones presidenciales de Chile de 2025. Por favor, responde a las siguientes preguntas considerando que has dado tu consentimiento para participar en la encuesta.";5;8;4;1;2;0;3;1;2;8;12;16;8;9;7;4
"Eres: una persona entre 45 y 54 años de Chile. Has leído y aceptado participar en una encuesta realizada por un equipo de investigadores de estadística e informática que está recopilando datos sobre la intención de voto en las elecciones presidenciales de Chile del 16 de noviembre de 2025. El grupo de contactos puede incluir familia, amigos o compañeros de trabajo cuya intención de voto conoces. Entiendes que: - Las respuestas son anónimas; los investigadores no pueden identificar a los participantes. - Los datos no pueden modificarse ni eliminarse una vez enviados. - Los datos pueden publicarse de forma agregada bajo la licencia Open Data Commons Attribution. - Los resultados no se publicarán antes de que hayan concluido las elecciones presidenciales de Chile de 2025. Por favor, responde a las siguientes preguntas considerando que has dado tu consentimiento para participar en la encuesta.";5;2;3;0;4;0;2;0;1;3;7;4;4;5;2;1
"Eres: una persona entre 45 y 54 años de Chile. Has leído y aceptado participar en una encuesta realizada por un equipo de investigadores de estadística e informática que está recopilando datos sobre la intención de voto en las elecciones presidenciales de Chile del 16 de noviembre de 2025. El grupo de contactos puede incluir familia, amigos o compañeros de trabajo cuya intención de voto conoces. Entiendes que: - Las respuestas son anónimas; los investigadores no pueden identificar a los participantes. - Los datos no pueden modificarse ni eliminarse una vez enviados. - Los datos pueden publicarse de forma agregada bajo la licencia Open Data Commons Attribution. - Los resultados no se publicarán antes de que hayan concluido las elecciones presidenciales de Chile de 2025. Por favor, responde a las siguientes preguntas considerando que has dado tu consentimiento para participar en la encuesta.";2;1;3;0;5;0;4;2;1;3;7;8;6;5;2;1
"Eres: una persona entre 45 y 54 años de Chile. Has leído y aceptado participar en una encuesta realizada por un equipo de investigadores de estadística e informática que está recopilando datos sobre la intención de voto en las elecciones presidenciales de Chile del 16 de noviembre de 2025. El grupo de contactos puede incluir familia, amigos o compañeros de trabajo cuya intención de voto conoces. Entiendes que: - Las respuestas son anónimas; los investigadores no pueden identificar a los participantes. - Los datos no pueden modificarse ni eliminarse una vez enviados. - Los datos pueden publicarse de forma agregada bajo la licencia Open Data Commons Attribution. - Los resultados no se publicarán antes de que hayan concluido las elecciones presidenciales de Chile de 2025. Por favor, responde a las siguientes preguntas considerando que has dado tu consentimiento para participar en la encuesta.";2;3;4;1;5;0;3;1;2;10;7;15;8;6;2;1
"Eres: una persona entre 45 y 54 años de Chile. Has leído y aceptado participar en una encuesta realizada por un equipo de investigadores de estadística e informática que está recopilando datos sobre la intención de voto en las elecciones presidenciales de Chile del 16 de noviembre de 2025. El grupo de contactos puede incluir familia, amigos o compañeros de trabajo cuya intención de voto conoces. Entiendes que: - Las respuestas son anónimas; los investigadores no pueden identificar a los participantes. - Los datos no pueden modificarse ni eliminarse una vez enviados. - Los datos pueden publicarse de forma agregada bajo la licencia Open Data Commons Attribution. - Los resultados no se publicarán antes de que hayan concluido las elecciones presidenciales de Chile de 2025. Por favor, responde a las siguientes preguntas considerando que has dado tu consentimiento para participar en la encuesta.";10;8;14;5;13;2;9;7;3;12;22;33;10;20;5;10
"Eres: una persona entre 45 y 54 años de Chile. Has leído y aceptado participar en una encuesta realizada por un equipo de investigadores de estadística e informática que está recopilando datos sobre la intención de voto en las elecciones presidenciales de Chile del 16 de noviembre de 2025. El grupo de contactos puede incluir familia, amigos o compañeros de trabajo cuya intención de voto conoces. Entiendes que: - Las respuestas son anónimas; los investigadores no pueden identificar a los participantes. - Los datos no pueden modificarse ni eliminarse una vez enviados. - Los datos pueden publicarse de forma agregada bajo la licencia Open Data Commons Attribution. - Los resultados no se publicarán antes de que hayan concluido las elecciones presidenciales de Chile de 2025. Por favor, responde a las siguientes preguntas considerando que has dado tu consentimiento para participar en la encuesta.";3;2;4;0;5;1;2;0;0;2;6;7;3;4;2;1
"Eres: una persona entre 45 y 54 años de Chile. Has leído y aceptado participar en una encuesta realizada por un equipo de investigadores de estadística e informática que está recopilando datos sobre la intención de voto en las elecciones presidenciales de Chile del 16 de noviembre de 2025. El grupo de contactos puede incluir familia, amigos o compañeros de trabajo cuya intención de voto conoces. Entiendes que: - Las respuestas son anónimas; los investigadores no pueden identificar a los participantes. - Los datos no pueden modificarse ni eliminarse una vez enviados. - Los datos pueden publicarse de forma agregada bajo la licencia Open Data Commons Attribution. - Los resultados no se publicarán antes de que hayan concluido las elecciones presidenciales de Chile de 2025. Por favor, responde a las siguientes preguntas considerando que has dado tu consentimiento para participar en la encuesta.";5;7;3;2;15;0;10;1;7;8;15;25;18;12;5;3
"Eres: una persona entre 45 y 54 años de Chile. Has leído y aceptado participar en una encuesta realizada por un equipo de investigadores de estadística e informática que está recopilando datos sobre la intención de voto en las elecciones presidenciales de Chile del 16 de noviembre de 2025. El grupo de contactos puede incluir familia, amigos o compañeros de trabajo cuya intención de voto conoces. Entiendes que: - Las respuestas son anónimas; los investigadores no pueden identificar a los participantes. - Los datos no pueden modificarse ni eliminarse una vez enviados. - Los datos pueden publicarse de forma agregada bajo la licencia Open Data Commons Attribution. - Los resultados no se publicarán antes de que hayan concluido las elecciones presidenciales de Chile de 2025. Por favor, responde a las siguientes preguntas considerando que has dado tu consentimiento para participar en la encuesta.";3;2;1;0;5;0;1;1;2;5;10;7;6;4;2;1
"Eres: una persona entre 45 y 54 años de Chile. Has leído y aceptado participar en una encuesta realizada por un equipo de investigadores de estadística e informática que está recopilando datos sobre la intención de voto en las elecciones presidenciales de Chile del 16 de noviembre de 2025. El grupo de contactos puede incluir familia, amigos o compañeros de trabajo cuya intención de voto conoces. Entiendes que: - Las respuestas son anónimas; los investigadores no pueden identificar a los participantes. - Los datos no pueden modificarse ni eliminarse una vez enviados. - Los datos pueden publicarse de forma agregada bajo la licencia Open Data Commons Attribution. - Los resultados no se publicarán antes de que hayan concluido las elecciones presidenciales de Chile de 2025. Por favor, responde a las siguientes preguntas considerando que has dado tu consentimiento para participar en la encuesta.";3;2;4;1;7;0;6;2;1;8;15;17;9;8;2;1
"Eres: una persona más de 54 años de Chile. Has leído y aceptado participar en una encuesta realizada por un equipo de investigadores de estadística e informática que está recopilando datos sobre la intención de voto en las elecciones presidenciales de Chile del 16 de noviembre de 2025. El grupo de contactos puede incluir familia, amigos o compañeros de trabajo cuya intención de voto conoces. Entiendes que: - Las respuestas son anónimas; los investigadores no pueden identificar a los participantes. - Los datos no pueden modificarse ni eliminarse una vez enviados. - Los datos pueden publicarse de forma agregada bajo la licencia Open Data Commons Attribution. - Los resultados no se publicarán antes de que hayan concluido las elecciones presidenciales de Chile de 2025. Por favor, responde a las siguientes preguntas considerando que has dado tu consentimiento para participar en la encuesta.";2;1;5;0;4;1;3;2;0;5;7;8;10;3;2;1
"Eres: una persona más de 54 años de Chile. Has leído y aceptado participar en una encuesta realizada por un equipo de investigadores de estadística e informática que está recopilando datos sobre la intención de voto en las elecciones presidenciales de Chile del 16 de noviembre de 2025. El grupo de contactos puede incluir familia, amigos o compañeros de trabajo cuya intención de voto conoces. Entiendes que: - Las respuestas son anónimas; los investigadores no pueden identificar a los participantes. - Los datos no pueden modificarse ni eliminarse una vez enviados. - Los datos pueden publicarse de forma agregada bajo la licencia Open Data Commons Attribution. - Los resultados no se publicarán antes de que hayan concluido las elecciones presidenciales de Chile de 2025. Por favor, responde a las siguientes preguntas considerando que has dado tu consentimiento para participar en la encuesta.";2;0;1;0;4;0;2;1;0;3;4;3;4;2;1;1
"Eres: una persona más de 54 años de Chile. Has leído y aceptado participar en una encuesta realizada por un equipo de investigadores de estadística e informática que está recopilando datos sobre la intención de voto en las elecciones presidenciales de Chile del 16 de noviembre de 2025. El grupo de contactos puede incluir familia, amigos o compañeros de trabajo cuya intención de voto conoces. Entiendes que: - Las respuestas son anónimas; los investigadores no pueden identificar a los participantes. - Los datos no pueden modificarse ni eliminarse una vez enviados. - Los datos pueden publicarse de forma agregada bajo la licencia Open Data Commons Attribution. - Los resultados no se publicarán antes de que hayan concluido las elecciones presidenciales de Chile de 2025. Por favor, responde a las siguientes preguntas considerando que has dado tu consentimiento para participar en la encuesta.";5;7;10;2;8;1;6;3;4;15;25;14;16;22;4;3
"Eres: una persona más de 54 años de Chile. Has leído y aceptado participar en una encuesta realizada por un equipo de investigadores de estadística e informática que está recopilando datos sobre la intención de voto en las elecciones presidenciales de Chile del 16 de noviembre de 2025. El grupo de contactos puede incluir familia, amigos o compañeros de trabajo cuya intención de voto conoces. Entiendes que: - Las respuestas son anónimas; los investigadores no pueden identificar a los participantes. - Los datos no pueden modificarse ni eliminarse una vez enviados. - Los datos pueden publicarse de forma agregada bajo la licencia Open Data Commons Attribution. - Los resultados no se publicarán antes de que hayan concluido las elecciones presidenciales de Chile de 2025. Por favor, responde a las siguientes preguntas considerando que has dado tu consentimiento para participar en la encuesta.";3;2;1;0;5;0;8;4;0;2;2;5;15;5;3;2
"Eres: una persona más de 54 años de Chile. Has leído y aceptado participar en una encuesta realizada por un equipo de investigadores de estadística e informática que está recopilando datos sobre la intención de voto en las elecciones presidenciales de Chile del 16 de noviembre de 2025. El grupo de contactos puede incluir familia, amigos o compañeros de trabajo cuya intención de voto conoces. Entiendes que: - Las respuestas son anónimas; los investigadores no pueden identificar a los participantes. - Los datos no pueden modificarse ni eliminarse una vez enviados. - Los datos pueden publicarse de forma agregada bajo la licencia Open Data Commons Attribution. - Los resultados no se publicarán antes de que hayan concluido las elecciones presidenciales de Chile de 2025. Por favor, responde a las siguientes preguntas considerando que has dado tu consentimiento para participar en la encuesta.";2;4;1;0;5;0;3;1;2;8;6;8;12;5;2;3
"Eres: una persona más de 54 años de Chile. Has leído y aceptado participar en una encuesta realizada por un equipo de investigadores de estadística e informática que está recopilando datos sobre la intención de voto en las elecciones presidenciales de Chile del 16 de noviembre de 2025. El grupo de contactos puede incluir familia, amigos o compañeros de trabajo cuya intención de voto conoces. Entiendes que: - Las respuestas son anónimas; los investigadores no pueden identificar a los participantes. - Los datos no pueden modificarse ni eliminarse una vez enviados. - Los datos pueden publicarse de forma agregada bajo la licencia Open Data Commons Attribution. - Los resultados no se publicarán antes de que hayan concluido las elecciones presidenciales de Chile de 2025. Por favor, responde a las siguientes preguntas considerando que has dado tu consentimiento para participar en la encuesta.";5;3;1;0;7;2;4;1;6;5;10;15;20;7;2;8
"Eres: una persona más de 54 años de Chile. Has leído y aceptado participar en una encuesta realizada por un equipo de investigadores de estadística e informática que está recopilando datos sobre la intención de voto en las elecciones presidenciales de Chile del 16 de noviembre de 2025. El grupo de contactos puede incluir familia, amigos o compañeros de trabajo cuya intención de voto conoces. Entiendes que: - Las respuestas son anónimas; los investigadores no pueden identificar a los participantes. - Los datos no pueden modificarse ni eliminarse una vez enviados. - Los datos pueden publicarse de forma agregada bajo la licencia Open Data Commons Attribution. - Los resultados no se publicarán antes de que hayan concluido las elecciones presidenciales de Chile de 2025. Por favor, responde a las siguientes preguntas considerando que has dado tu consentimiento para participar en la encuesta.";5;3;7;2;6;0;4;3;2;8;14;16;20;12;8;6
"Eres: una persona más de 54 años de Chile. Has leído y aceptado participar en una encuesta realizada por un equipo de investigadores de estadística e informática que está recopilando datos sobre la intención de voto en las elecciones presidenciales de Chile del 16 de noviembre de 2025. El grupo de contactos puede incluir familia, amigos o compañeros de trabajo cuya intención de voto conoces. Entiendes que: - Las respuestas son anónimas; los investigadores no pueden identificar a los participantes. - Los datos no pueden modificarse ni eliminarse una vez enviados. - Los datos pueden publicarse de forma agregada bajo la licencia Open Data Commons Attribution. - Los resultados no se publicarán antes de que hayan concluido las elecciones presidenciales de Chile de 2025. Por favor, responde a las siguientes preguntas considerando que has dado tu consentimiento para participar en la encuesta.";3;2;4;1;5;0;4;3;2;3;6;5;9;4;2;1
"Eres: una persona más de 54 años de Chile. Has leído y aceptado participar en una encuesta realizada por un equipo de investigadores de estadística e informática que está recopilando datos sobre la intención de voto en las elecciones presidenciales de Chile del 16 de noviembre de 2025. El grupo de contactos puede incluir familia, amigos o compañeros de trabajo cuya intención de voto conoces. Entiendes que: - Las respuestas son anónimas; los investigadores no pueden identificar a los participantes. - Los datos no pueden modificarse ni eliminarse una vez enviados. - Los datos pueden publicarse de forma agregada bajo la licencia Open Data Commons Attribution. - Los resultados no se publicarán antes de que hayan concluido las elecciones presidenciales de Chile de 2025. Por favor, responde a las siguientes preguntas considerando que has dado tu consentimiento para participar en la encuesta.";2;1;3;0;5;0;4;2;1;2;3;9;8;4;1;2
"Eres: una persona más de 54 años de Chile. Has leído y aceptado participar en una encuesta realizada por un equipo de investigadores de estadística e informática que está recopilando datos sobre la intención de voto en las elecciones presidenciales de Chile del 16 de noviembre de 2025. El grupo de contactos puede incluir familia, amigos o compañeros de trabajo cuya intención de voto conoces. Entiendes que: - Las respuestas son anónimas; los investigadores no pueden identificar a los participantes. - Los datos no pueden modificarse ni eliminarse una vez enviados. - Los datos pueden publicarse de forma agregada bajo la licencia Open Data Commons Attribution. - Los resultados no se publicarán antes de que hayan concluido las elecciones presidenciales de Chile de 2025. Por favor, responde a las siguientes preguntas considerando que has dado tu consentimiento para participar en la encuesta.";2;3;5;0;1;1;7;2;4;15;8;12;20;10;3;5
"Eres: una persona más de 54 años de Chile. Has leído y aceptado participar en una encuesta realizada por un equipo de investigadores de estadística e informática que está recopilando datos sobre la intención de voto en las elecciones presidenciales de Chile del 16 de noviembre de 2025. El grupo de contactos puede incluir familia, amigos o compañeros de trabajo cuya intención de voto conoces. Entiendes que: - Las respuestas son anónimas; los investigadores no pueden identificar a los participantes. - Los datos no pueden modificarse ni eliminarse una vez enviados. - Los datos pueden publicarse de forma agregada bajo la licencia Open Data Commons Attribution. - Los resultados no se publicarán antes de que hayan concluido las elecciones presidenciales de Chile de 2025. Por favor, responde a las siguientes preguntas considerando que has dado tu consentimiento para participar en la encuesta.";5;8;2;3;1;0;4;7;3;6;12;15;17;9;4;5
"Eres: una persona más de 54 años de Chile. Has leído y aceptado participar en una encuesta realizada por un equipo de investigadores de estadística e informática que está recopilando datos sobre la intención de voto en las elecciones presidenciales de Chile del 16 de noviembre de 2025. El grupo de contactos puede incluir familia, amigos o compañeros de trabajo cuya intención de voto conoces. Entiendes que: - Las respuestas son anónimas; los investigadores no pueden identificar a los participantes. - Los datos no pueden modificarse ni eliminarse una vez enviados. - Los datos pueden publicarse de forma agregada bajo la licencia Open Data Commons Attribution. - Los resultados no se publicarán antes de que hayan concluido las elecciones presidenciales de Chile de 2025. Por favor, responde a las siguientes preguntas considerando que has dado tu consentimiento para participar en la encuesta.";2;3;1;0;3;0;2;1;0;4;3;5;8;4;2;1
"Eres: una persona más de 54 años de Chile. Has leído y aceptado participar en una encuesta realizada por un equipo de investigadores de estadística e informática que está recopilando datos sobre la intención de voto en las elecciones presidenciales de Chile del 16 de noviembre de 2025. El grupo de contactos puede incluir familia, amigos o compañeros de trabajo cuya intención de voto conoces. Entiendes que: - Las respuestas son anónimas; los investigadores no pueden identificar a los participantes. - Los datos no pueden modificarse ni eliminarse una vez enviados. - Los datos pueden publicarse de forma agregada bajo la licencia Open Data Commons Attribution. - Los resultados no se publicarán antes de que hayan concluido las elecciones presidenciales de Chile de 2025. Por favor, responde a las siguientes preguntas considerando que has dado tu consentimiento para participar en la encuesta.";2;3;4;0;1;0;5;0;2;7;8;6;10;3;1;2
"Eres: una persona más de 54 años de Chile. Has leído y aceptado participar en una encuesta realizada por un equipo de investigadores de estadística e informática que está recopilando datos sobre la intención de voto en las elecciones presidenciales de Chile del 16 de noviembre de 2025. El grupo de contactos puede incluir familia, amigos o compañeros de trabajo cuya intención de voto conoces. Entiendes que: - Las respuestas son anónimas; los investigadores no pueden identificar a los participantes. - Los datos no pueden modificarse ni eliminarse una vez enviados. - Los datos pueden publicarse de forma agregada bajo la licencia Open Data Commons Attribution. - Los resultados no se publicarán antes de que hayan concluido las elecciones presidenciales de Chile de 2025. Por favor, responde a las siguientes preguntas considerando que has dado tu consentimiento para participar en la encuesta.";5;3;7;2;8;0;6;4;2;9;15;12;18;11;4;3
"Eres: una persona más de 54 años de Chile. Has leído y aceptado participar en una encuesta realizada por un equipo de investigadores de estadística e informática que está recopilando datos sobre la intención de voto en las elecciones presidenciales de Chile del 16 de noviembre de 2025. El grupo de contactos puede incluir familia, amigos o compañeros de trabajo cuya intención de voto conoces. Entiendes que: - Las respuestas son anónimas; los investigadores no pueden identificar a los participantes. - Los datos no pueden modificarse ni eliminarse una vez enviados. - Los datos pueden publicarse de forma agregada bajo la licencia Open Data Commons Attribution. - Los resultados no se publicarán antes de que hayan concluido las elecciones presidenciales de Chile de 2025. Por favor, responde a las siguientes preguntas considerando que has dado tu consentimiento para participar en la encuesta.";2;3;4;0;5;0;2;1;2;5;10;8;6;5;2;1
"Eres: una persona más de 54 años de Chile. Has leído y aceptado participar en una encuesta realizada por un equipo de investigadores de estadística e informática que está recopilando datos sobre la intención de voto en las elecciones presidenciales de Chile del 16 de noviembre de 2025. El grupo de contactos puede incluir familia, amigos o compañeros de trabajo cuya intención de voto conoces. Entiendes que: - Las respuestas son anónimas; los investigadores no pueden identificar a los participantes. - Los datos no pueden modificarse ni eliminarse una vez enviados. - Los datos pueden publicarse de forma agregada bajo la licencia Open Data Commons Attribution. - Los resultados no se publicarán antes de que hayan concluido las elecciones presidenciales de Chile de 2025. Por favor, responde a las siguientes preguntas considerando que has dado tu consentimiento para participar en la encuesta.";4;3;5;0;2;0;2;0;1;3;6;5;4;3;2;1
"Eres: una persona más de 54 años de Chile. Has leído y aceptado participar en una encuesta realizada por un equipo de investigadores de estadística e informática que está recopilando datos sobre la intención de voto en las elecciones presidenciales de Chile del 16 de noviembre de 2025. El grupo de contactos puede incluir familia, amigos o compañeros de trabajo cuya intención de voto conoces. Entiendes que: - Las respuestas son anónimas; los investigadores no pueden identificar a los participantes. - Los datos no pueden modificarse ni eliminarse una vez enviados. - Los datos pueden publicarse de forma agregada bajo la licencia Open Data Commons Attribution. - Los resultados no se publicarán antes de que hayan concluido las elecciones presidenciales de Chile de 2025. Por favor, responde a las siguientes preguntas considerando que has dado tu consentimiento para participar en la encuesta.";5;10;7;1;5;0;3;2;6;4;15;10;20;10;5;3
"Eres: una persona más de 54 años de Chile. Has leído y aceptado participar en una encuesta realizada por un equipo de investigadores de estadística e informática que está recopilando datos sobre la intención de voto en las elecciones presidenciales de Chile del 16 de noviembre de 2025. El grupo de contactos puede incluir familia, amigos o compañeros de trabajo cuya intención de voto conoces. Entiendes que: - Las respuestas son anónimas; los investigadores no pueden identificar a los participantes. - Los datos no pueden modificarse ni eliminarse una vez enviados. - Los datos pueden publicarse de forma agregada bajo la licencia Open Data Commons Attribution. - Los resultados no se publicarán antes de que hayan concluido las elecciones presidenciales de Chile de 2025. Por favor, responde a las siguientes preguntas considerando que has dado tu consentimiento para participar en la encuesta.";3;4;2;0;5;0;7;1;0;2;6;8;10;4;2;1
"Eres: una persona más de 54 años de Chile. Has leído y aceptado participar en una encuesta realizada por un equipo de investigadores de estadística e informática que está recopilando datos sobre la intención de voto en las elecciones presidenciales de Chile del 16 de noviembre de 2025. El grupo de contactos puede incluir familia, amigos o compañeros de trabajo cuya intención de voto conoces. Entiendes que: - Las respuestas son anónimas; los investigadores no pueden identificar a los participantes. - Los datos no pueden modificarse ni eliminarse una vez enviados. - Los datos pueden publicarse de forma agregada bajo la licencia Open Data Commons Attribution. - Los resultados no se publicarán antes de que hayan concluido las elecciones presidenciales de Chile de 2025. Por favor, responde a las siguientes preguntas considerando que has dado tu consentimiento para participar en la encuesta.";4;1;3;0;0;2;3;1;2;7;5;9;10;7;2;2
"Eres: una persona más de 54 años de Chile. Has leído y aceptado participar en una encuesta realizada por un equipo de investigadores de estadística e informática que está recopilando datos sobre la intención de voto en las elecciones presidenciales de Chile del 16 de noviembre de 2025. El grupo de contactos puede incluir familia, amigos o compañeros de trabajo cuya intención de voto conoces. Entiendes que: - Las respuestas son anónimas; los investigadores no pueden identificar a los participantes. - Los datos no pueden modificarse ni eliminarse una vez enviados. - Los datos pueden publicarse de forma agregada bajo la licencia Open Data Commons Attribution. - Los resultados no se publicarán antes de que hayan concluido las elecciones presidenciales de Chile de 2025. Por favor, responde a las siguientes preguntas considerando que has dado tu consentimiento para participar en la encuesta.";3;1;2;0;5;1;6;2;2;4;10;12;8;7;3;2
"Eres: una persona más de 54 años de Chile. Has leído y aceptado participar en una encuesta realizada por un equipo de investigadores de estadística e informática que está recopilando datos sobre la intención de voto en las elecciones presidenciales de Chile del 16 de noviembre de 2025. El grupo de contactos puede incluir familia, amigos o compañeros de trabajo cuya intención de voto conoces. Entiendes que: - Las respuestas son anónimas; los investigadores no pueden identificar a los participantes. - Los datos no pueden modificarse ni eliminarse una vez enviados. - Los datos pueden publicarse de forma agregada bajo la licencia Open Data Commons Attribution. - Los resultados no se publicarán antes de que hayan concluido las elecciones presidenciales de Chile de 2025. Por favor, responde a las siguientes preguntas considerando que has dado tu consentimiento para participar en la encuesta.";3;2;4;1;5;0;3;1;2;3;5;4;6;2;1;1
"Eres: una persona más de 54 años de Chile. Has leído y aceptado participar en una encuesta realizada por un equipo de investigadores de estadística e informática que está recopilando datos sobre la intención de voto en las elecciones presidenciales de Chile del 16 de noviembre de 2025. El grupo de contactos puede incluir familia, amigos o compañeros de trabajo cuya intención de voto conoces. Entiendes que: - Las respuestas son anónimas; los investigadores no pueden identificar a los participantes. - Los datos no pueden modificarse ni eliminarse una vez enviados. - Los datos pueden publicarse de forma agregada bajo la licencia Open Data Commons Attribution. - Los resultados no se publicarán antes de que hayan concluido las elecciones presidenciales de Chile de 2025. Por favor, responde a las siguientes preguntas considerando que has dado tu consentimiento para participar en la encuesta.";5;8;18;2;10;1;15;5;3;20;28;30;42;25;7;10
"Eres: una persona más de 54 años de Chile. Has leído y aceptado participar en una encuesta realizada por un equipo de investigadores de estadística e informática que está recopilando datos sobre la intención de voto en las elecciones presidenciales de Chile del 16 de noviembre de 2025. El grupo de contactos puede incluir familia, amigos o compañeros de trabajo cuya intención de voto conoces. Entiendes que: - Las respuestas son anónimas; los investigadores no pueden identificar a los participantes. - Los datos no pueden modificarse ni eliminarse una vez enviados. - Los datos pueden publicarse de forma agregada bajo la licencia Open Data Commons Attribution. - Los resultados no se publicarán antes de que hayan concluido las elecciones presidenciales de Chile de 2025. Por favor, responde a las siguientes preguntas considerando que has dado tu consentimiento para participar en la encuesta.";3;1;5;2;8;0;4;2;1;6;7;8;7;3;2;4
"Eres: una persona más de 54 años de Chile. Has leído y aceptado participar en una encuesta realizada por un equipo de investigadores de estadística e informática que está recopilando datos sobre la intención de voto en las elecciones presidenciales de Chile del 16 de noviembre de 2025. El grupo de contactos puede incluir familia, amigos o compañeros de trabajo cuya intención de voto conoces. Entiendes que: - Las respuestas son anónimas; los investigadores no pueden identificar a los participantes. - Los datos no pueden modificarse ni eliminarse una vez enviados. - Los datos pueden publicarse de forma agregada bajo la licencia Open Data Commons Attribution. - Los resultados no se publicarán antes de que hayan concluido las elecciones presidenciales de Chile de 2025. Por favor, responde a las siguientes preguntas considerando que has dado tu consentimiento para participar en la encuesta.";5;3;2;4;6;1;7;2;1;4;10;12;13;9;3;2
"Eres: una persona más de 54 años de Chile. Has leído y aceptado participar en una encuesta realizada por un equipo de investigadores de estadística e informática que está recopilando datos sobre la intención de voto en las elecciones presidenciales de Chile del 16 de noviembre de 2025. El grupo de contactos puede incluir familia, amigos o compañeros de trabajo cuya intención de voto conoces. Entiendes que: - Las respuestas son anónimas; los investigadores no pueden identificar a los participantes. - Los datos no pueden modificarse ni eliminarse una vez enviados. - Los datos pueden publicarse de forma agregada bajo la licencia Open Data Commons Attribution. - Los resultados no se publicarán antes de que hayan concluido las elecciones presidenciales de Chile de 2025. Por favor, responde a las siguientes preguntas considerando que has dado tu consentimiento para participar en la encuesta.";2;3;4;0;1;6;2;1;2;8;5;7;9;4;3;2
"Eres: una persona más de 54 años de Chile. Has leído y aceptado participar en una encuesta realizada por un equipo de investigadores de estadística e informática que está recopilando datos sobre la intención de voto en las elecciones presidenciales de Chile del 16 de noviembre de 2025. El grupo de contactos puede incluir familia, amigos o compañeros de trabajo cuya intención de voto conoces. Entiendes que: - Las respuestas son anónimas; los investigadores no pueden identificar a los participantes. - Los datos no pueden modificarse ni eliminarse una vez enviados. - Los datos pueden publicarse de forma agregada bajo la licencia Open Data Commons Attribution. - Los resultados no se publicarán antes de que hayan concluido las elecciones presidenciales de Chile de 2025. Por favor, responde a las siguientes preguntas considerando que has dado tu consentimiento para participar en la encuesta.";2;1;0;0;4;0;1;0;3;3;4;6;8;3;2;1
"Eres: una persona más de 54 años de Chile. Has leído y aceptado participar en una encuesta realizada por un equipo de investigadores de estadística e informática que está recopilando datos sobre la intención de voto en las elecciones presidenciales de Chile del 16 de noviembre de 2025. El grupo de contactos puede incluir familia, amigos o compañeros de trabajo cuya intención de voto conoces. Entiendes que: - Las respuestas son anónimas; los investigadores no pueden identificar a los participantes. - Los datos no pueden modificarse ni eliminarse una vez enviados. - Los datos pueden publicarse de forma agregada bajo la licencia Open Data Commons Attribution. - Los resultados no se publicarán antes de que hayan concluido las elecciones presidenciales de Chile de 2025. Por favor, responde a las siguientes preguntas considerando que has dado tu consentimiento para participar en la encuesta.";5;2;10;0;3;1;6;0;2;7;10;8;6;5;3;2
"Eres: una persona más de 54 años de Chile. Has leído y aceptado participar en una encuesta realizada por un equipo de investigadores de estadística e informática que está recopilando datos sobre la intención de voto en las elecciones presidenciales de Chile del 16 de noviembre de 2025. El grupo de contactos puede incluir familia, amigos o compañeros de trabajo cuya intención de voto conoces. Entiendes que: - Las respuestas son anónimas; los investigadores no pueden identificar a los participantes. - Los datos no pueden modificarse ni eliminarse una vez enviados. - Los datos pueden publicarse de forma agregada bajo la licencia Open Data Commons Attribution. - Los resultados no se publicarán antes de que hayan concluido las elecciones presidenciales de Chile de 2025. Por favor, responde a las siguientes preguntas considerando que has dado tu consentimiento para participar en la encuesta.";2;0;1;0;3;0;1;0;1;5;2;6;5;3;2;1
"Eres: una persona más de 54 años de Chile. Has leído y aceptado participar en una encuesta realizada por un equipo de investigadores de estadística e informática que está recopilando datos sobre la intención de voto en las elecciones presidenciales de Chile del 16 de noviembre de 2025. El grupo de contactos puede incluir familia, amigos o compañeros de trabajo cuya intención de voto conoces. Entiendes que: - Las respuestas son anónimas; los investigadores no pueden identificar a los participantes. - Los datos no pueden modificarse ni eliminarse una vez enviados. - Los datos pueden publicarse de forma agregada bajo la licencia Open Data Commons Attribution. - Los resultados no se publicarán antes de que hayan concluido las elecciones presidenciales de Chile de 2025. Por favor, responde a las siguientes preguntas considerando que has dado tu consentimiento para participar en la encuesta.";4;3;2;0;1;0;2;1;0;3;4;6;10;5;2;1
"Eres: una persona más de 54 años de Chile. Has leído y aceptado participar en una encuesta realizada por un equipo de investigadores de estadística e informática que está recopilando datos sobre la intención de voto en las elecciones presidenciales de Chile del 16 de noviembre de 2025. El grupo de contactos puede incluir familia, amigos o compañeros de trabajo cuya intención de voto conoces. Entiendes que: - Las respuestas son anónimas; los investigadores no pueden identificar a los participantes. - Los datos no pueden modificarse ni eliminarse una vez enviados. - Los datos pueden publicarse de forma agregada bajo la licencia Open Data Commons Attribution. - Los resultados no se publicarán antes de que hayan concluido las elecciones presidenciales de Chile de 2025. Por favor, responde a las siguientes preguntas considerando que has dado tu consentimiento para participar en la encuesta.";5;3;2;0;6;1;4;0;2;7;9;12;9;5;3;1
"Eres: una persona más de 54 años de Chile. Has leído y aceptado participar en una encuesta realizada por un equipo de investigadores de estadística e informática que está recopilando datos sobre la intención de voto en las elecciones presidenciales de Chile del 16 de noviembre de 2025. El grupo de contactos puede incluir familia, amigos o compañeros de trabajo cuya intención de voto conoces. Entiendes que: - Las respuestas son anónimas; los investigadores no pueden identificar a los participantes. - Los datos no pueden modificarse ni eliminarse una vez enviados. - Los datos pueden publicarse de forma agregada bajo la licencia Open Data Commons Attribution. - Los resultados no se publicarán antes de que hayan concluido las elecciones presidenciales de Chile de 2025. Por favor, responde a las siguientes preguntas considerando que has dado tu consentimiento para participar en la encuesta.";5;2;8;0;10;4;7;1;3;12;15;20;30;25;10;5
"Eres: una persona más de 54 años de Chile. Has leído y aceptado participar en una encuesta realizada por un equipo de investigadores de estadística e informática que está recopilando datos sobre la intención de voto en las elecciones presidenciales de Chile del 16 de noviembre de 2025. El grupo de contactos puede incluir familia, amigos o compañeros de trabajo cuya intención de voto conoces. Entiendes que: - Las respuestas son anónimas; los investigadores no pueden identificar a los participantes. - Los datos no pueden modificarse ni eliminarse una vez enviados. - Los datos pueden publicarse de forma agregada bajo la licencia Open Data Commons Attribution. - Los resultados no se publicarán antes de que hayan concluido las elecciones presidenciales de Chile de 2025. Por favor, responde a las siguientes preguntas considerando que has dado tu consentimiento para participar en la encuesta.";2;3;0;2;5;1;4;2;3;5;10;5;10;5;2;3
"Eres: una persona más de 54 años de Chile. Has leído y aceptado participar en una encuesta realizada por un equipo de investigadores de estadística e informática que está recopilando datos sobre la intención de voto en las elecciones presidenciales de Chile del 16 de noviembre de 2025. El grupo de contactos puede incluir familia, amigos o compañeros de trabajo cuya intención de voto conoces. Entiendes que: - Las respuestas son anónimas; los investigadores no pueden identificar a los participantes. - Los datos no pueden modificarse ni eliminarse una vez enviados. - Los datos pueden publicarse de forma agregada bajo la licencia Open Data Commons Attribution. - Los resultados no se publicarán antes de que hayan concluido las elecciones presidenciales de Chile de 2025. Por favor, responde a las siguientes preguntas considerando que has dado tu consentimiento para participar en la encuesta.";2;3;1;0;4;2;3;1;1;6;5;7;10;3;2;1
"Eres: una persona más de 54 años de Chile. Has leído y aceptado participar en una encuesta realizada por un equipo de investigadores de estadística e informática que está recopilando datos sobre la intención de voto en las elecciones presidenciales de Chile del 16 de noviembre de 2025. El grupo de contactos puede incluir familia, amigos o compañeros de trabajo cuya intención de voto conoces. Entiendes que: - Las respuestas son anónimas; los investigadores no pueden identificar a los participantes. - Los datos no pueden modificarse ni eliminarse una vez enviados. - Los datos pueden publicarse de forma agregada bajo la licencia Open Data Commons Attribution. - Los resultados no se publicarán antes de que hayan concluido las elecciones presidenciales de Chile de 2025. Por favor, responde a las siguientes preguntas considerando que has dado tu consentimiento para participar en la encuesta.";5;7;12;7;10;3;4;1;2;1;15;20;55;30;10;5
"Eres: una persona más de 54 años de Chile. Has leído y aceptado participar en una encuesta realizada por un equipo de investigadores de estadística e informática que está recopilando datos sobre la intención de voto en las elecciones presidenciales de Chile del 16 de noviembre de 2025. El grupo de contactos puede incluir familia, amigos o compañeros de trabajo cuya intención de voto conoces. Entiendes que: - Las respuestas son anónimas; los investigadores no pueden identificar a los participantes. - Los datos no pueden modificarse ni eliminarse una vez enviados. - Los datos pueden publicarse de forma agregada bajo la licencia Open Data Commons Attribution. - Los resultados no se publicarán antes de que hayan concluido las elecciones presidenciales de Chile de 2025. Por favor, responde a las siguientes preguntas considerando que has dado tu consentimiento para participar en la encuesta.";5;2;3;4;6;1;5;2;3;10;15;35;50;15;3;5
"Eres: una persona más de 54 años de Chile. Has leído y aceptado participar en una encuesta realizada por un equipo de investigadores de estadística e informática que está recopilando datos sobre la intención de voto en las elecciones presidenciales de Chile del 16 de noviembre de 2025. El grupo de contactos puede incluir familia, amigos o compañeros de trabajo cuya intención de voto conoces. Entiendes que: - Las respuestas son anónimas; los investigadores no pueden identificar a los participantes. - Los datos no pueden modificarse ni eliminarse una vez enviados. - Los datos pueden publicarse de forma agregada bajo la licencia Open Data Commons Attribution. - Los resultados no se publicarán antes de que hayan concluido las elecciones presidenciales de Chile de 2025. Por favor, responde a las siguientes preguntas considerando que has dado tu consentimiento para participar en la encuesta.";5;3;4;1;6;0;4;2;0;5;10;15;20;5;3;2
"Eres: una persona más de 54 años de Chile. Has leído y aceptado participar en una encuesta realizada por un equipo de investigadores de estadística e informática que está recopilando datos sobre la intención de voto en las elecciones presidenciales de Chile del 16 de noviembre de 2025. El grupo de contactos puede incluir familia, amigos o compañeros de trabajo cuya intención de voto conoces. Entiendes que: - Las respuestas son anónimas; los investigadores no pueden identificar a los participantes. - Los datos no pueden modificarse ni eliminarse una vez enviados. - Los datos pueden publicarse de forma agregada bajo la licencia Open Data Commons Attribution. - Los resultados no se publicarán antes de que hayan concluido las elecciones presidenciales de Chile de 2025. Por favor, responde a las siguientes preguntas considerando que has dado tu consentimiento para participar en la encuesta.";5;10;8;2;15;1;20;3;5;10;20;30;50;40;10;5
"Eres: una persona más de 54 años de Chile. Has leído y aceptado participar en una encuesta realizada por un equipo de investigadores de estadística e informática que está recopilando datos sobre la intención de voto en las elecciones presidenciales de Chile del 16 de noviembre de 2025. El grupo de contactos puede incluir familia, amigos o compañeros de trabajo cuya intención de voto conoces. Entiendes que: - Las respuestas son anónimas; los investigadores no pueden identificar a los participantes. - Los datos no pueden modificarse ni eliminarse una vez enviados. - Los datos pueden publicarse de forma agregada bajo la licencia Open Data Commons Attribution. - Los resultados no se publicarán antes de que hayan concluido las elecciones presidenciales de Chile de 2025. Por favor, responde a las siguientes preguntas considerando que has dado tu consentimiento para participar en la encuesta.";2;1;3;0;2;0;4;1;3;5;7;8;10;6;1;2
"Eres: una persona más de 54 años de Chile. Has leído y aceptado participar en una encuesta realizada por un equipo de investigadores de estadística e informática que está recopilando datos sobre la intención de voto en las elecciones presidenciales de Chile del 16 de noviembre de 2025. El grupo de contactos puede incluir familia, amigos o compañeros de trabajo cuya intención de voto conoces. Entiendes que: - Las respuestas son anónimas; los investigadores no pueden identificar a los participantes. - Los datos no pueden modificarse ni eliminarse una vez enviados. - Los datos pueden publicarse de forma agregada bajo la licencia Open Data Commons Attribution. - Los resultados no se publicarán antes de que hayan concluido las elecciones presidenciales de Chile de 2025. Por favor, responde a las siguientes preguntas considerando que has dado tu consentimiento para participar en la encuesta.";2;1;3;0;4;0;1;0;2;4;3;4;8;5;2;1
"Eres: una persona más de 54 años de Chile. Has leído y aceptado participar en una encuesta realizada por un equipo de investigadores de estadística e informática que está recopilando datos sobre la intención de voto en las elecciones presidenciales de Chile del 16 de noviembre de 2025. El grupo de contactos puede incluir familia, amigos o compañeros de trabajo cuya intención de voto conoces. Entiendes que: - Las respuestas son anónimas; los investigadores no pueden identificar a los participantes. - Los datos no pueden modificarse ni eliminarse una vez enviados. - Los datos pueden publicarse de forma agregada bajo la licencia Open Data Commons Attribution. - Los resultados no se publicarán antes de que hayan concluido las elecciones presidenciales de Chile de 2025. Por favor, responde a las siguientes preguntas considerando que has dado tu consentimiento para participar en la encuesta.";2;3;1;0;5;0;4;1;2;3;6;5;4;3;2;1
"Eres: una persona más de 54 años de Chile. Has leído y aceptado participar en una encuesta realizada por un equipo de investigadores de estadística e informática que está recopilando datos sobre la intención de voto en las elecciones presidenciales de Chile del 16 de noviembre de 2025. El grupo de contactos puede incluir familia, amigos o compañeros de trabajo cuya intención de voto conoces. Entiendes que: - Las respuestas son anónimas; los investigadores no pueden identificar a los participantes. - Los datos no pueden modificarse ni eliminarse una vez enviados. - Los datos pueden publicarse de forma agregada bajo la licencia Open Data Commons Attribution. - Los resultados no se publicarán antes de que hayan concluido las elecciones presidenciales de Chile de 2025. Por favor, responde a las siguientes preguntas considerando que has dado tu consentimiento para participar en la encuesta.";10;12;7;5;3;0;8;1;2;15;25;20;30;10;5;3
"Eres: una persona más de 54 años de Chile. Has leído y aceptado participar en una encuesta realizada por un equipo de investigadores de estadística e informática que está recopilando datos sobre la intención de voto en las elecciones presidenciales de Chile del 16 de noviembre de 2025. El grupo de contactos puede incluir familia, amigos o compañeros de trabajo cuya intención de voto conoces. Entiendes que: - Las respuestas son anónimas; los investigadores no pueden identificar a los participantes. - Los datos no pueden modificarse ni eliminarse una vez enviados. - Los datos pueden publicarse de forma agregada bajo la licencia Open Data Commons Attribution. - Los resultados no se publicarán antes de que hayan concluido las elecciones presidenciales de Chile de 2025. Por favor, responde a las siguientes preguntas considerando que has dado tu consentimiento para participar en la encuesta.";4;2;3;0;5;1;7;1;2;4;12;10;5;7;3;6
"Eres: una persona más de 54 años de Chile. Has leído y aceptado participar en una encuesta realizada por un equipo de investigadores de estadística e informática que está recopilando datos sobre la intención de voto en las elecciones presidenciales de Chile del 16 de noviembre de 2025. El grupo de contactos puede incluir familia, amigos o compañeros de trabajo cuya intención de voto conoces. Entiendes que: - Las respuestas son anónimas; los investigadores no pueden identificar a los participantes. - Los datos no pueden modificarse ni eliminarse una vez enviados. - Los datos pueden publicarse de forma agregada bajo la licencia Open Data Commons Attribution. - Los resultados no se publicarán antes de que hayan concluido las elecciones presidenciales de Chile de 2025. Por favor, responde a las siguientes preguntas considerando que has dado tu consentimiento para participar en la encuesta.";2;1;4;2;5;0;3;2;1;4;5;7;10;6;2;3
"Eres: una persona más de 54 años de Chile. Has leído y aceptado participar en una encuesta realizada por un equipo de investigadores de estadística e informática que está recopilando datos sobre la intención de voto en las elecciones presidenciales de Chile del 16 de noviembre de 2025. El grupo de contactos puede incluir familia, amigos o compañeros de trabajo cuya intención de voto conoces. Entiendes que: - Las respuestas son anónimas; los investigadores no pueden identificar a los participantes. - Los datos no pueden modificarse ni eliminarse una vez enviados. - Los datos pueden publicarse de forma agregada bajo la licencia Open Data Commons Attribution. - Los resultados no se publicarán antes de que hayan concluido las elecciones presidenciales de Chile de 2025. Por favor, responde a las siguientes preguntas considerando que has dado tu consentimiento para participar en la encuesta.";4;7;5;1;2;0;6;3;10;12;15;20;30;10;5;2
"Eres: una persona más de 54 años de Chile. Has leído y aceptado participar en una encuesta realizada por un equipo de investigadores de estadística e informática que está recopilando datos sobre la intención de voto en las elecciones presidenciales de Chile del 16 de noviembre de 2025. El grupo de contactos puede incluir familia, amigos o compañeros de trabajo cuya intención de voto conoces. Entiendes que: - Las respuestas son anónimas; los investigadores no pueden identificar a los participantes. - Los datos no pueden modificarse ni eliminarse una vez enviados. - Los datos pueden publicarse de forma agregada bajo la licencia Open Data Commons Attribution. - Los resultados no se publicarán antes de que hayan concluido las elecciones presidenciales de Chile de 2025. Por favor, responde a las siguientes preguntas considerando que has dado tu consentimiento para participar en la encuesta.";5;4;3;0;2;0;1;3;2;4;6;5;9;4;2;1
"Eres: una persona más de 54 años de Chile. Has leído y aceptado participar en una encuesta realizada por un equipo de investigadores de estadística e informática que está recopilando datos sobre la intención de voto en las elecciones presidenciales de Chile del 16 de noviembre de 2025. El grupo de contactos puede incluir familia, amigos o compañeros de trabajo cuya intención de voto conoces. Entiendes que: - Las respuestas son anónimas; los investigadores no pueden identificar a los participantes. - Los datos no pueden modificarse ni eliminarse una vez enviados. - Los datos pueden publicarse de forma agregada bajo la licencia Open Data Commons Attribution. - Los resultados no se publicarán antes de que hayan concluido las elecciones presidenciales de Chile de 2025. Por favor, responde a las siguientes preguntas considerando que has dado tu consentimiento para participar en la encuesta.";3;2;4;1;5;0;2;1;4;5;9;10;8;7;3;1
"Eres: una persona más de 54 años de Chile. Has leído y aceptado participar en una encuesta realizada por un equipo de investigadores de estadística e informática que está recopilando datos sobre la intención de voto en las elecciones presidenciales de Chile del 16 de noviembre de 2025. El grupo de contactos puede incluir familia, amigos o compañeros de trabajo cuya intención de voto conoces. Entiendes que: - Las respuestas son anónimas; los investigadores no pueden identificar a los participantes. - Los datos no pueden modificarse ni eliminarse una vez enviados. - Los datos pueden publicarse de forma agregada bajo la licencia Open Data Commons Attribution. - Los resultados no se publicarán antes de que hayan concluido las elecciones presidenciales de Chile de 2025. Por favor, responde a las siguientes preguntas considerando que has dado tu consentimiento para participar en la encuesta.";5;10;7;3;15;2;8;4;5;12;20;30;15;10;7;5
"Eres: una persona más de 54 años de Chile. Has leído y aceptado participar en una encuesta realizada por un equipo de investigadores de estadística e informática que está recopilando datos sobre la intención de voto en las elecciones presidenciales de Chile del 16 de noviembre de 2025. El grupo de contactos puede incluir familia, amigos o compañeros de trabajo cuya intención de voto conoces. Entiendes que: - Las respuestas son anónimas; los investigadores no pueden identificar a los participantes. - Los datos no pueden modificarse ni eliminarse una vez enviados. - Los datos pueden publicarse de forma agregada bajo la licencia Open Data Commons Attribution. - Los resultados no se publicarán antes de que hayan concluido las elecciones presidenciales de Chile de 2025. Por favor, responde a las siguientes preguntas considerando que has dado tu consentimiento para participar en la encuesta.";5;2;3;0;8;0;4;0;1;3;8;10;5;7;2;1
"Eres: una persona más de 54 años de Chile. Has leído y aceptado participar en una encuesta realizada por un equipo de investigadores de estadística e informática que está recopilando datos sobre la intención de voto en las elecciones presidenciales de Chile del 16 de noviembre de 2025. El grupo de contactos puede incluir familia, amigos o compañeros de trabajo cuya intención de voto conoces. Entiendes que: - Las respuestas son anónimas; los investigadores no pueden identificar a los participantes. - Los datos no pueden modificarse ni eliminarse una vez enviados. - Los datos pueden publicarse de forma agregada bajo la licencia Open Data Commons Attribution. - Los resultados no se publicarán antes de que hayan concluido las elecciones presidenciales de Chile de 2025. Por favor, responde a las siguientes preguntas considerando que has dado tu consentimiento para participar en la encuesta.";5;3;2;0;4;1;2;3;0;4;6;5;4;3;2;1
"Eres: una persona más de 54 años de Chile. Has leído y aceptado participar en una encuesta realizada por un equipo de investigadores de estadística e informática que está recopilando datos sobre la intención de voto en las elecciones presidenciales de Chile del 16 de noviembre de 2025. El grupo de contactos puede incluir familia, amigos o compañeros de trabajo cuya intención de voto conoces. Entiendes que: - Las respuestas son anónimas; los investigadores no pueden identificar a los participantes. - Los datos no pueden modificarse ni eliminarse una vez enviados. - Los datos pueden publicarse de forma agregada bajo la licencia Open Data Commons Attribution. - Los resultados no se publicarán antes de que hayan concluido las elecciones presidenciales de Chile de 2025. Por favor, responde a las siguientes preguntas considerando que has dado tu consentimiento para participar en la encuesta.";10;3;7;5;12;2;6;1;4;8;15;14;20;10;4;7
"Eres: una persona más de 54 años de Chile. Has leído y aceptado participar en una encuesta realizada por un equipo de investigadores de estadística e informática que está recopilando datos sobre la intención de voto en las elecciones presidenciales de Chile del 16 de noviembre de 2025. El grupo de contactos puede incluir familia, amigos o compañeros de trabajo cuya intención de voto conoces. Entiendes que: - Las respuestas son anónimas; los investigadores no pueden identificar a los participantes. - Los datos no pueden modificarse ni eliminarse una vez enviados. - Los datos pueden publicarse de forma agregada bajo la licencia Open Data Commons Attribution. - Los resultados no se publicarán antes de que hayan concluido las elecciones presidenciales de Chile de 2025. Por favor, responde a las siguientes preguntas considerando que has dado tu consentimiento para participar en la encuesta.";2;5;3;1;6;0;4;2;3;7;12;10;8;6;2;1
"Eres: una persona más de 54 años de Chile. Has leído y aceptado participar en una encuesta realizada por un equipo de investigadores de estadística e informática que está recopilando datos sobre la intención de voto en las elecciones presidenciales de Chile del 16 de noviembre de 2025. El grupo de contactos puede incluir familia, amigos o compañeros de trabajo cuya intención de voto conoces. Entiendes que: - Las respuestas son anónimas; los investigadores no pueden identificar a los participantes. - Los datos no pueden modificarse ni eliminarse una vez enviados. - Los datos pueden publicarse de forma agregada bajo la licencia Open Data Commons Attribution. - Los resultados no se publicarán antes de que hayan concluido las elecciones presidenciales de Chile de 2025. Por favor, responde a las siguientes preguntas considerando que has dado tu consentimiento para participar en la encuesta.";2;3;1;0;8;0;5;2;3;4;10;8;7;5;3;1
"Eres: una persona más de 54 años de Chile. Has leído y aceptado participar en una encuesta realizada por un equipo de investigadores de estadística e informática que está recopilando datos sobre la intención de voto en las elecciones presidenciales de Chile del 16 de noviembre de 2025. El grupo de contactos puede incluir familia, amigos o compañeros de trabajo cuya intención de voto conoces. Entiendes que: - Las respuestas son anónimas; los investigadores no pueden identificar a los participantes. - Los datos no pueden modificarse ni eliminarse una vez enviados. - Los datos pueden publicarse de forma agregada bajo la licencia Open Data Commons Attribution. - Los resultados no se publicarán antes de que hayan concluido las elecciones presidenciales de Chile de 2025. Por favor, responde a las siguientes preguntas considerando que has dado tu consentimiento para participar en la encuesta.";2;4;1;0;3;1;4;1;1;5;7;6;9;5;2;3
"Eres: una persona más de 54 años de Chile. Has leído y aceptado participar en una encuesta realizada por un equipo de investigadores de estadística e informática que está recopilando datos sobre la intención de voto en las elecciones presidenciales de Chile del 16 de noviembre de 2025. El grupo de contactos puede incluir familia, amigos o compañeros de trabajo cuya intención de voto conoces. Entiendes que: - Las respuestas son anónimas; los investigadores no pueden identificar a los participantes. - Los datos no pueden modificarse ni eliminarse una vez enviados. - Los datos pueden publicarse de forma agregada bajo la licencia Open Data Commons Attribution. - Los resultados no se publicarán antes de que hayan concluido las elecciones presidenciales de Chile de 2025. Por favor, responde a las siguientes preguntas considerando que has dado tu consentimiento para participar en la encuesta.";3;5;2;0;1;0;6;1;2;4;7;5;12;6;2;1
"Eres: una persona más de 54 años de Chile. Has leído y aceptado participar en una encuesta realizada por un equipo de investigadores de estadística e informática que está recopilando datos sobre la intención de voto en las elecciones presidenciales de Chile del 16 de noviembre de 2025. El grupo de contactos puede incluir familia, amigos o compañeros de trabajo cuya intención de voto conoces. Entiendes que: - Las respuestas son anónimas; los investigadores no pueden identificar a los participantes. - Los datos no pueden modificarse ni eliminarse una vez enviados. - Los datos pueden publicarse de forma agregada bajo la licencia Open Data Commons Attribution. - Los resultados no se publicarán antes de que hayan concluido las elecciones presidenciales de Chile de 2025. Por favor, responde a las siguientes preguntas considerando que has dado tu consentimiento para participar en la encuesta.";2;4;1;0;5;0;3;2;1;2;7;6;7;5;2;1
"Eres: una persona más de 54 años de Chile. Has leído y aceptado participar en una encuesta realizada por un equipo de investigadores de estadística e informática que está recopilando datos sobre la intención de voto en las elecciones presidenciales de Chile del 16 de noviembre de 2025. El grupo de contactos puede incluir familia, amigos o compañeros de trabajo cuya intención de voto conoces. Entiendes que: - Las respuestas son anónimas; los investigadores no pueden identificar a los participantes. - Los datos no pueden modificarse ni eliminarse una vez enviados. - Los datos pueden publicarse de forma agregada bajo la licencia Open Data Commons Attribution. - Los resultados no se publicarán antes de que hayan concluido las elecciones presidenciales de Chile de 2025. Por favor, responde a las siguientes preguntas considerando que has dado tu consentimiento para participar en la encuesta.";4;6;2;0;10;0;2;1;3;5;8;7;15;6;4;2
"Eres: una persona más de 54 años de Chile. Has leído y aceptado participar en una encuesta realizada por un equipo de investigadores de estadística e informática que está recopilando datos sobre la intención de voto en las elecciones presidenciales de Chile del 16 de noviembre de 2025. El grupo de contactos puede incluir familia, amigos o compañeros de trabajo cuya intención de voto conoces. Entiendes que: - Las respuestas son anónimas; los investigadores no pueden identificar a los participantes. - Los datos no pueden modificarse ni eliminarse una vez enviados. - Los datos pueden publicarse de forma agregada bajo la licencia Open Data Commons Attribution. - Los resultados no se publicarán antes de que hayan concluido las elecciones presidenciales de Chile de 2025. Por favor, responde a las siguientes preguntas considerando que has dado tu consentimiento para participar en la encuesta.";1;2;3;0;5;1;2;3;2;6;4;3;10;3;2;1
"Eres: una persona más de 54 años de Chile. Has leído y aceptado participar en una encuesta realizada por un equipo de investigadores de estadística e informática que está recopilando datos sobre la intención de voto en las elecciones presidenciales de Chile del 16 de noviembre de 2025. El grupo de contactos puede incluir familia, amigos o compañeros de trabajo cuya intención de voto conoces. Entiendes que: - Las respuestas son anónimas; los investigadores no pueden identificar a los participantes. - Los datos no pueden modificarse ni eliminarse una vez enviados. - Los datos pueden publicarse de forma agregada bajo la licencia Open Data Commons Attribution. - Los resultados no se publicarán antes de que hayan concluido las elecciones presidenciales de Chile de 2025. Por favor, responde a las siguientes preguntas considerando que has dado tu consentimiento para participar en la encuesta.";5;3;2;1;4;6;3;4;0;7;15;12;19;7;3;2
"Eres: una persona más de 54 años de Chile. Has leído y aceptado participar en una encuesta realizada por un equipo de investigadores de estadística e informática que está recopilando datos sobre la intención de voto en las elecciones presidenciales de Chile del 16 de noviembre de 2025. El grupo de contactos puede incluir familia, amigos o compañeros de trabajo cuya intención de voto conoces. Entiendes que: - Las respuestas son anónimas; los investigadores no pueden identificar a los participantes. - Los datos no pueden modificarse ni eliminarse una vez enviados. - Los datos pueden publicarse de forma agregada bajo la licencia Open Data Commons Attribution. - Los resultados no se publicarán antes de que hayan concluido las elecciones presidenciales de Chile de 2025. Por favor, responde a las siguientes preguntas considerando que has dado tu consentimiento para participar en la encuesta.";0;3;2;0;7;0;2;0;3;12;5;7;13;6;2;1
"Eres: una persona más de 54 años de Chile. Has leído y aceptado participar en una encuesta realizada por un equipo de investigadores de estadística e informática que está recopilando datos sobre la intención de voto en las elecciones presidenciales de Chile del 16 de noviembre de 2025. El grupo de contactos puede incluir familia, amigos o compañeros de trabajo cuya intención de voto conoces. Entiendes que: - Las respuestas son anónimas; los investigadores no pueden identificar a los participantes. - Los datos no pueden modificarse ni eliminarse una vez enviados. - Los datos pueden publicarse de forma agregada bajo la licencia Open Data Commons Attribution. - Los resultados no se publicarán antes de que hayan concluido las elecciones presidenciales de Chile de 2025. Por favor, responde a las siguientes preguntas considerando que has dado tu consentimiento para participar en la encuesta.";3;1;4;2;8;0;2;0;1;5;11;8;7;6;2;1
"Eres: una persona más de 54 años de Chile. Has leído y aceptado participar en una encuesta realizada por un equipo de investigadores de estadística e informática que está recopilando datos sobre la intención de voto en las elecciones presidenciales de Chile del 16 de noviembre de 2025. El grupo de contactos puede incluir familia, amigos o compañeros de trabajo cuya intención de voto conoces. Entiendes que: - Las respuestas son anónimas; los investigadores no pueden identificar a los participantes. - Los datos no pueden modificarse ni eliminarse una vez enviados. - Los datos pueden publicarse de forma agregada bajo la licencia Open Data Commons Attribution. - Los resultados no se publicarán antes de que hayan concluido las elecciones presidenciales de Chile de 2025. Por favor, responde a las siguientes preguntas considerando que has dado tu consentimiento para participar en la encuesta.";5;7;2;0;10;1;4;3;6;20;10;15;25;12;5;2
"Eres: una persona más de 54 años de Chile. Has leído y aceptado participar en una encuesta realizada por un equipo de investigadores de estadística e informática que está recopilando datos sobre la intención de voto en las elecciones presidenciales de Chile del 16 de noviembre de 2025. El grupo de contactos puede incluir familia, amigos o compañeros de trabajo cuya intención de voto conoces. Entiendes que: - Las respuestas son anónimas; los investigadores no pueden identificar a los participantes. - Los datos no pueden modificarse ni eliminarse una vez enviados. - Los datos pueden publicarse de forma agregada bajo la licencia Open Data Commons Attribution. - Los resultados no se publicarán antes de que hayan concluido las elecciones presidenciales de Chile de 2025. Por favor, responde a las siguientes preguntas considerando que has dado tu consentimiento para participar en la encuesta.";7;3;10;5;2;0;1;4;8;15;30;25;20;15;5;2
"Eres: una persona más de 54 años de Chile. Has leído y aceptado participar en una encuesta realizada por un equipo de investigadores de estadística e informática que está recopilando datos sobre la intención de voto en las elecciones presidenciales de Chile del 16 de noviembre de 2025. El grupo de contactos puede incluir familia, amigos o compañeros de trabajo cuya intención de voto conoces. Entiendes que: - Las respuestas son anónimas; los investigadores no pueden identificar a los participantes. - Los datos no pueden modificarse ni eliminarse una vez enviados. - Los datos pueden publicarse de forma agregada bajo la licencia Open Data Commons Attribution. - Los resultados no se publicarán antes de que hayan concluido las elecciones presidenciales de Chile de 2025. Por favor, responde a las siguientes preguntas considerando que has dado tu consentimiento para participar en la encuesta.";5;3;7;1;10;2;5;3;4;6;12;15;18;7;3;2
"Eres: una persona más de 54 años de Chile. Has leído y aceptado participar en una encuesta realizada por un equipo de investigadores de estadística e informática que está recopilando datos sobre la intención de voto en las elecciones presidenciales de Chile del 16 de noviembre de 2025. El grupo de contactos puede incluir familia, amigos o compañeros de trabajo cuya intención de voto conoces. Entiendes que: - Las respuestas son anónimas; los investigadores no pueden identificar a los participantes. - Los datos no pueden modificarse ni eliminarse una vez enviados. - Los datos pueden publicarse de forma agregada bajo la licencia Open Data Commons Attribution. - Los resultados no se publicarán antes de que hayan concluido las elecciones presidenciales de Chile de 2025. Por favor, responde a las siguientes preguntas considerando que has dado tu consentimiento para participar en la encuesta.";2;1;3;0;5;1;2;0;4;7;5;8;10;4;2;1
"Eres: una persona más de 54 años de Chile. Has leído y aceptado participar en una encuesta realizada por un equipo de investigadores de estadística e informática que está recopilando datos sobre la intención de voto en las elecciones presidenciales de Chile del 16 de noviembre de 2025. El grupo de contactos puede incluir familia, amigos o compañeros de trabajo cuya intención de voto conoces. Entiendes que: - Las respuestas son anónimas; los investigadores no pueden identificar a los participantes. - Los datos no pueden modificarse ni eliminarse una vez enviados. - Los datos pueden publicarse de forma agregada bajo la licencia Open Data Commons Attribution. - Los resultados no se publicarán antes de que hayan concluido las elecciones presidenciales de Chile de 2025. Por favor, responde a las siguientes preguntas considerando que has dado tu consentimiento para participar en la encuesta.";15;9;12;4;8;2;20;7;5;10;35;45;70;25;5;10
