role;pp;psoe;vox;sumar;blank;q6;age.18.34;age.35.54;age.over54;independent;doctor;unemployed
You are: A person between 18 and 24 years old from Valencia. This person has read and **agrees to participate** in a survey conducted by a team of researchers in statistics and computer science, collecting data on voting intention in Spain's general elections on July 23, 2023. The person understands that: - Responses are anonymous. Researchers cannot identify participants. - Data cannot be modified or deleted once submitted. - Data may be published in aggregated form under the Open Data Commons Attribution License. - Results will not be published before the elections have concluded. Please answer the following questions considering that this person has given consent to participate in the survey considering it is July 2023;10;12;8;9;4;7;32;13;5;6;2;7
You are: A person between 18 and 24 years old from Valencia. This person has read and **agrees to participate** in a survey conducted by a team of researchers in statistics and computer science, collecting data on voting intention in Spain's general elections on July 23, 2023. The person understands that: - Responses are anonymous. Researchers cannot identify participants. - Data cannot be modified or deleted once submitted. - Data may be published in aggregated form under the Open Data Commons Attribution License. - Results will not be published before the elections have concluded. Please answer the following questions considering that this person has given consent to participate in the survey considering it is July 2023;6;7;4;6;3;6;25;5;2;4;1;5
You are: A person between 18 and 24 years old from Valencia. This person has read and **agrees to participate** in a survey conducted by a team of researchers in statistics and computer science, collecting data on voting intention in Spain's general elections on July 23, 2023. The person understands that: - Responses are anonymous. Researchers cannot identify participants. - Data cannot be modified or deleted once submitted. - Data may be published in aggregated form under the Open Data Commons Attribution License. - Results will not be published before the elections have concluded. Please answer the following questions considering that this person has given consent to participate in the survey considering it is July 2023;7;6;5;6;2;4;20;7;3;4;1;3
You are: A person between 18 and 24 years old from Valencia. This person has read and **agrees to participate** in a survey conducted by a team of researchers in statistics and computer science, collecting data on voting intention in Spain's general elections on July 23, 2023. The person understands that: - Responses are anonymous. Researchers cannot identify participants. - Data cannot be modified or deleted once submitted. - Data may be published in aggregated form under the Open Data Commons Attribution License. - Results will not be published before the elections have concluded. Please answer the following questions considering that this person has given consent to participate in the survey considering it is July 2023;9;8;6;7;4;6;28;8;4;5;1;6
You are: A person between 18 and 24 years old from Valencia. This person has read and **agrees to participate** in a survey conducted by a team of researchers in statistics and computer science, collecting data on voting intention in Spain's general elections on July 23, 2023. The person understands that: - Responses are anonymous. Researchers cannot identify participants. - Data cannot be modified or deleted once submitted. - Data may be published in aggregated form under the Open Data Commons Attribution License. - Results will not be published before the elections have concluded. Please answer the following questions considering that this person has given consent to participate in the survey considering it is July 2023;7;6;5;6;3;3;22;6;2;4;1;5
You are: A person between 18 and 24 years old from Valencia. This person has read and **agrees to participate** in a survey conducted by a team of researchers in statistics and computer science, collecting data on voting intention in Spain's general elections on July 23, 2023. The person understands that: - Responses are anonymous. Researchers cannot identify participants. - Data cannot be modified or deleted once submitted. - Data may be published in aggregated form under the Open Data Commons Attribution License. - Results will not be published before the elections have concluded. Please answer the following questions considering that this person has given consent to participate in the survey considering it is July 2023;14;12;9;11;4;10;38;15;7;7;2;9
You are: A person between 18 and 24 years old from Valencia. This person has read and **agrees to participate** in a survey conducted by a team of researchers in statistics and computer science, collecting data on voting intention in Spain's general elections on July 23, 2023. The person understands that: - Responses are anonymous. Researchers cannot identify participants. - Data cannot be modified or deleted once submitted. - Data may be published in aggregated form under the Open Data Commons Attribution License. - Results will not be published before the elections have concluded. Please answer the following questions considering that this person has given consent to participate in the survey considering it is July 2023;9;8;5;7;3;8;28;9;3;6;2;7
You are: A person between 18 and 24 years old from Valencia. This person has read and **agrees to participate** in a survey conducted by a team of researchers in statistics and computer science, collecting data on voting intention in Spain's general elections on July 23, 2023. The person understands that: - Responses are anonymous. Researchers cannot identify participants. - Data cannot be modified or deleted once submitted. - Data may be published in aggregated form under the Open Data Commons Attribution License. - Results will not be published before the elections have concluded. Please answer the following questions considering that this person has given consent to participate in the survey considering it is July 2023;10;8;6;9;3;4;26;9;5;6;1;4
You are: A person between 18 and 24 years old from Valencia. This person has read and **agrees to participate** in a survey conducted by a team of researchers in statistics and computer science, collecting data on voting intention in Spain's general elections on July 23, 2023. The person understands that: - Responses are anonymous. Researchers cannot identify participants. - Data cannot be modified or deleted once submitted. - Data may be published in aggregated form under the Open Data Commons Attribution License. - Results will not be published before the elections have concluded. Please answer the following questions considering that this person has given consent to participate in the survey considering it is July 2023;10;12;6;9;5;8;30;14;6;6;2;7
You are: A person between 18 and 24 years old from Valencia. This person has read and **agrees to participate** in a survey conducted by a team of researchers in statistics and computer science, collecting data on voting intention in Spain's general elections on July 23, 2023. The person understands that: - Responses are anonymous. Researchers cannot identify participants. - Data cannot be modified or deleted once submitted. - Data may be published in aggregated form under the Open Data Commons Attribution License. - Results will not be published before the elections have concluded. Please answer the following questions considering that this person has given consent to participate in the survey considering it is July 2023;8;10;6;7;3;6;28;8;4;4;1;5
You are: A person between 18 and 24 years old from Valencia. This person has read and **agrees to participate** in a survey conducted by a team of researchers in statistics and computer science, collecting data on voting intention in Spain's general elections on July 23, 2023. The person understands that: - Responses are anonymous. Researchers cannot identify participants. - Data cannot be modified or deleted once submitted. - Data may be published in aggregated form under the Open Data Commons Attribution License. - Results will not be published before the elections have concluded. Please answer the following questions considering that this person has given consent to participate in the survey considering it is July 2023;8;10;6;8;3;5;24;10;6;5;1;6
You are: A person between 18 and 24 years old from Valencia. This person has read and **agrees to participate** in a survey conducted by a team of researchers in statistics and computer science, collecting data on voting intention in Spain's general elections on July 23, 2023. The person understands that: - Responses are anonymous. Researchers cannot identify participants. - Data cannot be modified or deleted once submitted. - Data may be published in aggregated form under the Open Data Commons Attribution License. - Results will not be published before the elections have concluded. Please answer the following questions considering that this person has given consent to participate in the survey considering it is July 2023;10;9;8;12;4;7;30;14;6;6;1;7
You are: A person between 18 and 24 years old from Valencia. This person has read and **agrees to participate** in a survey conducted by a team of researchers in statistics and computer science, collecting data on voting intention in Spain's general elections on July 23, 2023. The person understands that: - Responses are anonymous. Researchers cannot identify participants. - Data cannot be modified or deleted once submitted. - Data may be published in aggregated form under the Open Data Commons Attribution License. - Results will not be published before the elections have concluded. Please answer the following questions considering that this person has given consent to participate in the survey considering it is July 2023;14;12;9;11;4;10;40;14;6;6;2;7
You are: A person between 18 and 24 years old from Valencia. This person has read and **agrees to participate** in a survey conducted by a team of researchers in statistics and computer science, collecting data on voting intention in Spain's general elections on July 23, 2023. The person understands that: - Responses are anonymous. Researchers cannot identify participants. - Data cannot be modified or deleted once submitted. - Data may be published in aggregated form under the Open Data Commons Attribution License. - Results will not be published before the elections have concluded. Please answer the following questions considering that this person has given consent to participate in the survey considering it is July 2023;10;9;6;7;3;5;28;9;3;6;2;5
You are: A person between 18 and 24 years old from Valencia. This person has read and **agrees to participate** in a survey conducted by a team of researchers in statistics and computer science, collecting data on voting intention in Spain's general elections on July 23, 2023. The person understands that: - Responses are anonymous. Researchers cannot identify participants. - Data cannot be modified or deleted once submitted. - Data may be published in aggregated form under the Open Data Commons Attribution License. - Results will not be published before the elections have concluded. Please answer the following questions considering that this person has given consent to participate in the survey considering it is July 2023;10;8;5;6;3;8;26;10;4;5;1;6
You are: A person between 18 and 24 years old from Valencia. This person has read and **agrees to participate** in a survey conducted by a team of researchers in statistics and computer science, collecting data on voting intention in Spain's general elections on July 23, 2023. The person understands that: - Responses are anonymous. Researchers cannot identify participants. - Data cannot be modified or deleted once submitted. - Data may be published in aggregated form under the Open Data Commons Attribution License. - Results will not be published before the elections have concluded. Please answer the following questions considering that this person has given consent to participate in the survey considering it is July 2023;6;7;4;6;2;5;22;6;2;3;1;4
You are: A person between 18 and 24 years old from Valencia. This person has read and **agrees to participate** in a survey conducted by a team of researchers in statistics and computer science, collecting data on voting intention in Spain's general elections on July 23, 2023. The person understands that: - Responses are anonymous. Researchers cannot identify participants. - Data cannot be modified or deleted once submitted. - Data may be published in aggregated form under the Open Data Commons Attribution License. - Results will not be published before the elections have concluded. Please answer the following questions considering that this person has given consent to participate in the survey considering it is July 2023;9;10;6;7;3;5;28;9;3;5;1;4
You are: A person between 18 and 24 years old from Valencia. This person has read and **agrees to participate** in a survey conducted by a team of researchers in statistics and computer science, collecting data on voting intention in Spain's general elections on July 23, 2023. The person understands that: - Responses are anonymous. Researchers cannot identify participants. - Data cannot be modified or deleted once submitted. - Data may be published in aggregated form under the Open Data Commons Attribution License. - Results will not be published before the elections have concluded. Please answer the following questions considering that this person has given consent to participate in the survey considering it is July 2023;10;9;5;8;3;5;28;9;3;6;2;7
You are: A person between 25 and 34 years old from Valencia. This person has read and **agrees to participate** in a survey conducted by a team of researchers in statistics and computer science, collecting data on voting intention in Spain's general elections on July 23, 2023. The person understands that: - Responses are anonymous. Researchers cannot identify participants. - Data cannot be modified or deleted once submitted. - Data may be published in aggregated form under the Open Data Commons Attribution License. - Results will not be published before the elections have concluded. Please answer the following questions considering that this person has given consent to participate in the survey considering it is July 2023;12;10;6;7;3;2;24;12;4;6;1;5
You are: A person between 25 and 34 years old from Valencia. This person has read and **agrees to participate** in a survey conducted by a team of researchers in statistics and computer science, collecting data on voting intention in Spain's general elections on July 23, 2023. The person understands that: - Responses are anonymous. Researchers cannot identify participants. - Data cannot be modified or deleted once submitted. - Data may be published in aggregated form under the Open Data Commons Attribution License. - Results will not be published before the elections have concluded. Please answer the following questions considering that this person has given consent to participate in the survey considering it is July 2023;13;10;8;11;3;5;32;13;5;9;2;6
You are: A person between 25 and 34 years old from Valencia. This person has read and **agrees to participate** in a survey conducted by a team of researchers in statistics and computer science, collecting data on voting intention in Spain's general elections on July 23, 2023. The person understands that: - Responses are anonymous. Researchers cannot identify participants. - Data cannot be modified or deleted once submitted. - Data may be published in aggregated form under the Open Data Commons Attribution License. - Results will not be published before the elections have concluded. Please answer the following questions considering that this person has given consent to participate in the survey considering it is July 2023;12;14;8;10;3;3;28;16;6;9;2;5
You are: A person between 25 and 34 years old from Valencia. This person has read and **agrees to participate** in a survey conducted by a team of researchers in statistics and computer science, collecting data on voting intention in Spain's general elections on July 23, 2023. The person understands that: - Responses are anonymous. Researchers cannot identify participants. - Data cannot be modified or deleted once submitted. - Data may be published in aggregated form under the Open Data Commons Attribution License. - Results will not be published before the elections have concluded. Please answer the following questions considering that this person has given consent to participate in the survey considering it is July 2023;9;10;6;8;3;6;24;12;6;7;2;5
You are: A person between 25 and 34 years old from Valencia. This person has read and **agrees to participate** in a survey conducted by a team of researchers in statistics and computer science, collecting data on voting intention in Spain's general elections on July 23, 2023. The person understands that: - Responses are anonymous. Researchers cannot identify participants. - Data cannot be modified or deleted once submitted. - Data may be published in aggregated form under the Open Data Commons Attribution License. - Results will not be published before the elections have concluded. Please answer the following questions considering that this person has given consent to participate in the survey considering it is July 2023;14;12;9;11;5;9;32;18;10;8;3;7
You are: A person between 25 and 34 years old from Valencia. This person has read and **agrees to participate** in a survey conducted by a team of researchers in statistics and computer science, collecting data on voting intention in Spain's general elections on July 23, 2023. The person understands that: - Responses are anonymous. Researchers cannot identify participants. - Data cannot be modified or deleted once submitted. - Data may be published in aggregated form under the Open Data Commons Attribution License. - Results will not be published before the elections have concluded. Please answer the following questions considering that this person has given consent to participate in the survey considering it is July 2023;10;8;6;7;3;6;24;12;4;6;1;4
You are: A person between 25 and 34 years old from Valencia. This person has read and **agrees to participate** in a survey conducted by a team of researchers in statistics and computer science, collecting data on voting intention in Spain's general elections on July 23, 2023. The person understands that: - Responses are anonymous. Researchers cannot identify participants. - Data cannot be modified or deleted once submitted. - Data may be published in aggregated form under the Open Data Commons Attribution License. - Results will not be published before the elections have concluded. Please answer the following questions considering that this person has given consent to participate in the survey considering it is July 2023;14;12;8;7;3;6;26;17;7;9;2;5
You are: A person between 25 and 34 years old from Valencia. This person has read and **agrees to participate** in a survey conducted by a team of researchers in statistics and computer science, collecting data on voting intention in Spain's general elections on July 23, 2023. The person understands that: - Responses are anonymous. Researchers cannot identify participants. - Data cannot be modified or deleted once submitted. - Data may be published in aggregated form under the Open Data Commons Attribution License. - Results will not be published before the elections have concluded. Please answer the following questions considering that this person has given consent to participate in the survey considering it is July 2023;12;10;8;9;5;6;28;15;7;7;2;6
You are: A person between 25 and 34 years old from Valencia. This person has read and **agrees to participate** in a survey conducted by a team of researchers in statistics and computer science, collecting data on voting intention in Spain's general elections on July 23, 2023. The person understands that: - Responses are anonymous. Researchers cannot identify participants. - Data cannot be modified or deleted once submitted. - Data may be published in aggregated form under the Open Data Commons Attribution License. - Results will not be published before the elections have concluded. Please answer the following questions considering that this person has given consent to participate in the survey considering it is July 2023;9;8;5;7;3;4;20;10;6;6;2;4
You are: A person between 25 and 34 years old from Valencia. This person has read and **agrees to participate** in a survey conducted by a team of researchers in statistics and computer science, collecting data on voting intention in Spain's general elections on July 23, 2023. The person understands that: - Responses are anonymous. Researchers cannot identify participants. - Data cannot be modified or deleted once submitted. - Data may be published in aggregated form under the Open Data Commons Attribution License. - Results will not be published before the elections have concluded. Please answer the following questions considering that this person has given consent to participate in the survey considering it is July 2023;12;15;7;10;6;10;28;22;10;9;2;6
You are: A person between 25 and 34 years old from Valencia. This person has read and **agrees to participate** in a survey conducted by a team of researchers in statistics and computer science, collecting data on voting intention in Spain's general elections on July 23, 2023. The person understands that: - Responses are anonymous. Researchers cannot identify participants. - Data cannot be modified or deleted once submitted. - Data may be published in aggregated form under the Open Data Commons Attribution License. - Results will not be published before the elections have concluded. Please answer the following questions considering that this person has given consent to participate in the survey considering it is July 2023;14;12;9;8;3;4;22;18;10;9;2;6
You are: A person between 25 and 34 years old from Valencia. This person has read and **agrees to participate** in a survey conducted by a team of researchers in statistics and computer science, collecting data on voting intention in Spain's general elections on July 23, 2023. The person understands that: - Responses are anonymous. Researchers cannot identify participants. - Data cannot be modified or deleted once submitted. - Data may be published in aggregated form under the Open Data Commons Attribution License. - Results will not be published before the elections have concluded. Please answer the following questions considering that this person has given consent to participate in the survey considering it is July 2023;12;9;6;7;2;4;22;12;6;7;2;4
You are: A person between 25 and 34 years old from Valencia. This person has read and **agrees to participate** in a survey conducted by a team of researchers in statistics and computer science, collecting data on voting intention in Spain's general elections on July 23, 2023. The person understands that: - Responses are anonymous. Researchers cannot identify participants. - Data cannot be modified or deleted once submitted. - Data may be published in aggregated form under the Open Data Commons Attribution License. - Results will not be published before the elections have concluded. Please answer the following questions considering that this person has given consent to participate in the survey considering it is July 2023;18;14;9;11;4;4;28;20;12;7;4;6
You are: A person between 25 and 34 years old from Valencia. This person has read and **agrees to participate** in a survey conducted by a team of researchers in statistics and computer science, collecting data on voting intention in Spain's general elections on July 23, 2023. The person understands that: - Responses are anonymous. Researchers cannot identify participants. - Data cannot be modified or deleted once submitted. - Data may be published in aggregated form under the Open Data Commons Attribution License. - Results will not be published before the elections have concluded. Please answer the following questions considering that this person has given consent to participate in the survey considering it is July 2023;12;10;6;7;3;7;24;14;7;8;2;5
You are: A person between 25 and 34 years old from Valencia. This person has read and **agrees to participate** in a survey conducted by a team of researchers in statistics and computer science, collecting data on voting intention in Spain's general elections on July 23, 2023. The person understands that: - Responses are anonymous. Researchers cannot identify participants. - Data cannot be modified or deleted once submitted. - Data may be published in aggregated form under the Open Data Commons Attribution License. - Results will not be published before the elections have concluded. Please answer the following questions considering that this person has given consent to participate in the survey considering it is July 2023;10;7;6;9;3;5;22;12;6;7;2;5
You are: A person between 25 and 34 years old from Valencia. This person has read and **agrees to participate** in a survey conducted by a team of researchers in statistics and computer science, collecting data on voting intention in Spain's general elections on July 23, 2023. The person understands that: - Responses are anonymous. Researchers cannot identify participants. - Data cannot be modified or deleted once submitted. - Data may be published in aggregated form under the Open Data Commons Attribution License. - Results will not be published before the elections have concluded. Please answer the following questions considering that this person has given consent to participate in the survey considering it is July 2023;8;9;5;10;3;5;24;11;5;6;2;4
You are: A person between 25 and 34 years old from Valencia. This person has read and **agrees to participate** in a survey conducted by a team of researchers in statistics and computer science, collecting data on voting intention in Spain's general elections on July 23, 2023. The person understands that: - Responses are anonymous. Researchers cannot identify participants. - Data cannot be modified or deleted once submitted. - Data may be published in aggregated form under the Open Data Commons Attribution License. - Results will not be published before the elections have concluded. Please answer the following questions considering that this person has given consent to participate in the survey considering it is July 2023;14;10;8;7;4;7;28;15;7;6;2;5
You are: A person between 25 and 34 years old from Valencia. This person has read and **agrees to participate** in a survey conducted by a team of researchers in statistics and computer science, collecting data on voting intention in Spain's general elections on July 23, 2023. The person understands that: - Responses are anonymous. Researchers cannot identify participants. - Data cannot be modified or deleted once submitted. - Data may be published in aggregated form under the Open Data Commons Attribution License. - Results will not be published before the elections have concluded. Please answer the following questions considering that this person has given consent to participate in the survey considering it is July 2023;11;12;7;10;3;7;28;15;7;8;2;5
You are: A person between 25 and 34 years old from Valencia. This person has read and **agrees to participate** in a survey conducted by a team of researchers in statistics and computer science, collecting data on voting intention in Spain's general elections on July 23, 2023. The person understands that: - Responses are anonymous. Researchers cannot identify participants. - Data cannot be modified or deleted once submitted. - Data may be published in aggregated form under the Open Data Commons Attribution License. - Results will not be published before the elections have concluded. Please answer the following questions considering that this person has given consent to participate in the survey considering it is July 2023;22;20;14;18;6;20;55;30;15;12;3;8
You are: A person between 25 and 34 years old from Valencia. This person has read and **agrees to participate** in a survey conducted by a team of researchers in statistics and computer science, collecting data on voting intention in Spain's general elections on July 23, 2023. The person understands that: - Responses are anonymous. Researchers cannot identify participants. - Data cannot be modified or deleted once submitted. - Data may be published in aggregated form under the Open Data Commons Attribution License. - Results will not be published before the elections have concluded. Please answer the following questions considering that this person has given consent to participate in the survey considering it is July 2023;12;10;8;9;3;8;28;15;7;9;2;6
You are: A person between 25 and 34 years old from Valencia. This person has read and **agrees to participate** in a survey conducted by a team of researchers in statistics and computer science, collecting data on voting intention in Spain's general elections on July 23, 2023. The person understands that: - Responses are anonymous. Researchers cannot identify participants. - Data cannot be modified or deleted once submitted. - Data may be published in aggregated form under the Open Data Commons Attribution License. - Results will not be published before the elections have concluded. Please answer the following questions considering that this person has given consent to participate in the survey considering it is July 2023;10;9;5;8;3;5;22;12;6;6;2;4
You are: A person between 25 and 34 years old from Valencia. This person has read and **agrees to participate** in a survey conducted by a team of researchers in statistics and computer science, collecting data on voting intention in Spain's general elections on July 23, 2023. The person understands that: - Responses are anonymous. Researchers cannot identify participants. - Data cannot be modified or deleted once submitted. - Data may be published in aggregated form under the Open Data Commons Attribution License. - Results will not be published before the elections have concluded. Please answer the following questions considering that this person has given consent to participate in the survey considering it is July 2023;10;8;6;9;3;4;24;11;5;7;2;5
You are: A person between 25 and 34 years old from Valencia. This person has read and **agrees to participate** in a survey conducted by a team of researchers in statistics and computer science, collecting data on voting intention in Spain's general elections on July 23, 2023. The person understands that: - Responses are anonymous. Researchers cannot identify participants. - Data cannot be modified or deleted once submitted. - Data may be published in aggregated form under the Open Data Commons Attribution License. - Results will not be published before the elections have concluded. Please answer the following questions considering that this person has given consent to participate in the survey considering it is July 2023;10;9;6;8;3;4;22;12;6;7;2;5
You are: A person between 35 and 44 years old from Valencia. This person has read and **agrees to participate** in a survey conducted by a team of researchers in statistics and computer science, collecting data on voting intention in Spain's general elections on July 23, 2023. The person understands that: - Responses are anonymous. Researchers cannot identify participants. - Data cannot be modified or deleted once submitted. - Data may be published in aggregated form under the Open Data Commons Attribution License. - Results will not be published before the elections have concluded. Please answer the following questions considering that this person has given consent to participate in the survey considering it is July 2023;10;8;5;6;3;8;12;20;8;7;2;4
You are: A person between 35 and 44 years old from Valencia. This person has read and **agrees to participate** in a survey conducted by a team of researchers in statistics and computer science, collecting data on voting intention in Spain's general elections on July 23, 2023. The person understands that: - Responses are anonymous. Researchers cannot identify participants. - Data cannot be modified or deleted once submitted. - Data may be published in aggregated form under the Open Data Commons Attribution License. - Results will not be published before the elections have concluded. Please answer the following questions considering that this person has given consent to participate in the survey considering it is July 2023;19;13;9;8;6;5;18;28;14;10;3;7
You are: A person between 35 and 44 years old from Valencia. This person has read and **agrees to participate** in a survey conducted by a team of researchers in statistics and computer science, collecting data on voting intention in Spain's general elections on July 23, 2023. The person understands that: - Responses are anonymous. Researchers cannot identify participants. - Data cannot be modified or deleted once submitted. - Data may be published in aggregated form under the Open Data Commons Attribution License. - Results will not be published before the elections have concluded. Please answer the following questions considering that this person has given consent to participate in the survey considering it is July 2023;12;10;8;7;3;10;15;25;10;8;3;5
You are: A person between 35 and 44 years old from Valencia. This person has read and **agrees to participate** in a survey conducted by a team of researchers in statistics and computer science, collecting data on voting intention in Spain's general elections on July 23, 2023. The person understands that: - Responses are anonymous. Researchers cannot identify participants. - Data cannot be modified or deleted once submitted. - Data may be published in aggregated form under the Open Data Commons Attribution License. - Results will not be published before the elections have concluded. Please answer the following questions considering that this person has given consent to participate in the survey considering it is July 2023;14;12;8;9;3;4;16;26;8;6;1;4
You are: A person between 35 and 44 years old from Valencia. This person has read and **agrees to participate** in a survey conducted by a team of researchers in statistics and computer science, collecting data on voting intention in Spain's general elections on July 23, 2023. The person understands that: - Responses are anonymous. Researchers cannot identify participants. - Data cannot be modified or deleted once submitted. - Data may be published in aggregated form under the Open Data Commons Attribution License. - Results will not be published before the elections have concluded. Please answer the following questions considering that this person has given consent to participate in the survey considering it is July 2023;14;12;8;7;3;6;18;22;10;9;2;5
You are: A person between 35 and 44 years old from Valencia. This person has read and **agrees to participate** in a survey conducted by a team of researchers in statistics and computer science, collecting data on voting intention in Spain's general elections on July 23, 2023. The person understands that: - Responses are anonymous. Researchers cannot identify participants. - Data cannot be modified or deleted once submitted. - Data may be published in aggregated form under the Open Data Commons Attribution License. - Results will not be published before the elections have concluded. Please answer the following questions considering that this person has given consent to participate in the survey considering it is July 2023;14;12;8;6;4;6;16;24;10;9;2;5
You are: A person between 35 and 44 years old from Valencia. This person has read and **agrees to participate** in a survey conducted by a team of researchers in statistics and computer science, collecting data on voting intention in Spain's general elections on July 23, 2023. The person understands that: - Responses are anonymous. Researchers cannot identify participants. - Data cannot be modified or deleted once submitted. - Data may be published in aggregated form under the Open Data Commons Attribution License. - Results will not be published before the elections have concluded. Please answer the following questions considering that this person has given consent to participate in the survey considering it is July 2023;12;10;6;9;3;10;18;22;10;8;2;5
You are: A person between 35 and 44 years old from Valencia. This person has read and **agrees to participate** in a survey conducted by a team of researchers in statistics and computer science, collecting data on voting intention in Spain's general elections on July 23, 2023. The person understands that: - Responses are anonymous. Researchers cannot identify participants. - Data cannot be modified or deleted once submitted. - Data may be published in aggregated form under the Open Data Commons Attribution License. - Results will not be published before the elections have concluded. Please answer the following questions considering that this person has given consent to participate in the survey considering it is July 2023;10;8;5;6;3;4;12;17;7;6;2;3
You are: A person between 35 and 44 years old from Valencia. This person has read and **agrees to participate** in a survey conducted by a team of researchers in statistics and computer science, collecting data on voting intention in Spain's general elections on July 23, 2023. The person understands that: - Responses are anonymous. Researchers cannot identify participants. - Data cannot be modified or deleted once submitted. - Data may be published in aggregated form under the Open Data Commons Attribution License. - Results will not be published before the elections have concluded. Please answer the following questions considering that this person has given consent to participate in the survey considering it is July 2023;14;11;8;7;4;6;16;24;10;9;2;5
You are: A person between 35 and 44 years old from Valencia. This person has read and **agrees to participate** in a survey conducted by a team of researchers in statistics and computer science, collecting data on voting intention in Spain's general elections on July 23, 2023. The person understands that: - Responses are anonymous. Researchers cannot identify participants. - Data cannot be modified or deleted once submitted. - Data may be published in aggregated form under the Open Data Commons Attribution License. - Results will not be published before the elections have concluded. Please answer the following questions considering that this person has given consent to participate in the survey considering it is July 2023;12;10;6;5;3;4;14;18;8;7;2;3
You are: A person between 35 and 44 years old from Valencia. This person has read and **agrees to participate** in a survey conducted by a team of researchers in statistics and computer science, collecting data on voting intention in Spain's general elections on July 23, 2023. The person understands that: - Responses are anonymous. Researchers cannot identify participants. - Data cannot be modified or deleted once submitted. - Data may be published in aggregated form under the Open Data Commons Attribution License. - Results will not be published before the elections have concluded. Please answer the following questions considering that this person has given consent to participate in the survey considering it is July 2023;8;7;4;6;2;3;9;16;5;5;2;3
You are: A person between 35 and 44 years old from Valencia. This person has read and **agrees to participate** in a survey conducted by a team of researchers in statistics and computer science, collecting data on voting intention in Spain's general elections on July 23, 2023. The person understands that: - Responses are anonymous. Researchers cannot identify participants. - Data cannot be modified or deleted once submitted. - Data may be published in aggregated form under the Open Data Commons Attribution License. - Results will not be published before the elections have concluded. Please answer the following questions considering that this person has given consent to participate in the survey considering it is July 2023;15;12;10;8;5;10;20;30;10;12;3;6
You are: A person between 35 and 44 years old from Valencia. This person has read and **agrees to participate** in a survey conducted by a team of researchers in statistics and computer science, collecting data on voting intention in Spain's general elections on July 23, 2023. The person understands that: - Responses are anonymous. Researchers cannot identify participants. - Data cannot be modified or deleted once submitted. - Data may be published in aggregated form under the Open Data Commons Attribution License. - Results will not be published before the elections have concluded. Please answer the following questions considering that this person has given consent to participate in the survey considering it is July 2023;14;12;8;7;3;6;15;25;10;7;2;4
You are: A person between 35 and 44 years old from Valencia. This person has read and **agrees to participate** in a survey conducted by a team of researchers in statistics and computer science, collecting data on voting intention in Spain's general elections on July 23, 2023. The person understands that: - Responses are anonymous. Researchers cannot identify participants. - Data cannot be modified or deleted once submitted. - Data may be published in aggregated form under the Open Data Commons Attribution License. - Results will not be published before the elections have concluded. Please answer the following questions considering that this person has given consent to participate in the survey considering it is July 2023;9;8;6;5;3;5;10;20;6;7;2;4
You are: A person between 35 and 44 years old from Valencia. This person has read and **agrees to participate** in a survey conducted by a team of researchers in statistics and computer science, collecting data on voting intention in Spain's general elections on July 23, 2023. The person understands that: - Responses are anonymous. Researchers cannot identify participants. - Data cannot be modified or deleted once submitted. - Data may be published in aggregated form under the Open Data Commons Attribution License. - Results will not be published before the elections have concluded. Please answer the following questions considering that this person has given consent to participate in the survey considering it is July 2023;10;8;7;6;3;6;12;20;8;7;2;4
You are: A person between 35 and 44 years old from Valencia. This person has read and **agrees to participate** in a survey conducted by a team of researchers in statistics and computer science, collecting data on voting intention in Spain's general elections on July 23, 2023. The person understands that: - Responses are anonymous. Researchers cannot identify participants. - Data cannot be modified or deleted once submitted. - Data may be published in aggregated form under the Open Data Commons Attribution License. - Results will not be published before the elections have concluded. Please answer the following questions considering that this person has given consent to participate in the survey considering it is July 2023;10;8;6;7;3;6;12;20;8;7;2;4
You are: A person between 35 and 44 years old from Valencia. This person has read and **agrees to participate** in a survey conducted by a team of researchers in statistics and computer science, collecting data on voting intention in Spain's general elections on July 23, 2023. The person understands that: - Responses are anonymous. Researchers cannot identify participants. - Data cannot be modified or deleted once submitted. - Data may be published in aggregated form under the Open Data Commons Attribution License. - Results will not be published before the elections have concluded. Please answer the following questions considering that this person has given consent to participate in the survey considering it is July 2023;14;12;8;9;3;4;15;25;10;7;2;4
You are: A person between 35 and 44 years old from Valencia. This person has read and **agrees to participate** in a survey conducted by a team of researchers in statistics and computer science, collecting data on voting intention in Spain's general elections on July 23, 2023. The person understands that: - Responses are anonymous. Researchers cannot identify participants. - Data cannot be modified or deleted once submitted. - Data may be published in aggregated form under the Open Data Commons Attribution License. - Results will not be published before the elections have concluded. Please answer the following questions considering that this person has given consent to participate in the survey considering it is July 2023;10;9;5;7;3;6;12;20;8;6;2;4
You are: A person between 35 and 44 years old from Valencia. This person has read and **agrees to participate** in a survey conducted by a team of researchers in statistics and computer science, collecting data on voting intention in Spain's general elections on July 23, 2023. The person understands that: - Responses are anonymous. Researchers cannot identify participants. - Data cannot be modified or deleted once submitted. - Data may be published in aggregated form under the Open Data Commons Attribution License. - Results will not be published before the elections have concluded. Please answer the following questions considering that this person has given consent to participate in the survey considering it is July 2023;9;7;5;5;2;2;11;14;5;6;1;3
You are: A person between 35 and 44 years old from Valencia. This person has read and **agrees to participate** in a survey conducted by a team of researchers in statistics and computer science, collecting data on voting intention in Spain's general elections on July 23, 2023. The person understands that: - Responses are anonymous. Researchers cannot identify participants. - Data cannot be modified or deleted once submitted. - Data may be published in aggregated form under the Open Data Commons Attribution License. - Results will not be published before the elections have concluded. Please answer the following questions considering that this person has given consent to participate in the survey considering it is July 2023;18;14;10;8;4;6;20;28;12;9;2;7
You are: A person between 35 and 44 years old from Valencia. This person has read and **agrees to participate** in a survey conducted by a team of researchers in statistics and computer science, collecting data on voting intention in Spain's general elections on July 23, 2023. The person understands that: - Responses are anonymous. Researchers cannot identify participants. - Data cannot be modified or deleted once submitted. - Data may be published in aggregated form under the Open Data Commons Attribution License. - Results will not be published before the elections have concluded. Please answer the following questions considering that this person has given consent to participate in the survey considering it is July 2023;10;9;6;7;3;5;12;20;8;7;2;4
You are: A person between 35 and 44 years old from Valencia. This person has read and **agrees to participate** in a survey conducted by a team of researchers in statistics and computer science, collecting data on voting intention in Spain's general elections on July 23, 2023. The person understands that: - Responses are anonymous. Researchers cannot identify participants. - Data cannot be modified or deleted once submitted. - Data may be published in aggregated form under the Open Data Commons Attribution License. - Results will not be published before the elections have concluded. Please answer the following questions considering that this person has given consent to participate in the survey considering it is July 2023;12;11;8;9;5;10;18;28;9;9;2;6
You are: A person between 35 and 44 years old from Valencia. This person has read and **agrees to participate** in a survey conducted by a team of researchers in statistics and computer science, collecting data on voting intention in Spain's general elections on July 23, 2023. The person understands that: - Responses are anonymous. Researchers cannot identify participants. - Data cannot be modified or deleted once submitted. - Data may be published in aggregated form under the Open Data Commons Attribution License. - Results will not be published before the elections have concluded. Please answer the following questions considering that this person has given consent to participate in the survey considering it is July 2023;9;7;6;5;2;6;10;18;7;6;1;4
You are: A person between 35 and 44 years old from Valencia. This person has read and **agrees to participate** in a survey conducted by a team of researchers in statistics and computer science, collecting data on voting intention in Spain's general elections on July 23, 2023. The person understands that: - Responses are anonymous. Researchers cannot identify participants. - Data cannot be modified or deleted once submitted. - Data may be published in aggregated form under the Open Data Commons Attribution License. - Results will not be published before the elections have concluded. Please answer the following questions considering that this person has given consent to participate in the survey considering it is July 2023;14;12;7;8;3;6;12;28;10;8;2;5
You are: A person between 35 and 44 years old from Valencia. This person has read and **agrees to participate** in a survey conducted by a team of researchers in statistics and computer science, collecting data on voting intention in Spain's general elections on July 23, 2023. The person understands that: - Responses are anonymous. Researchers cannot identify participants. - Data cannot be modified or deleted once submitted. - Data may be published in aggregated form under the Open Data Commons Attribution License. - Results will not be published before the elections have concluded. Please answer the following questions considering that this person has given consent to participate in the survey considering it is July 2023;12;10;8;7;3;10;16;27;7;9;2;6
You are: A person between 35 and 44 years old from Valencia. This person has read and **agrees to participate** in a survey conducted by a team of researchers in statistics and computer science, collecting data on voting intention in Spain's general elections on July 23, 2023. The person understands that: - Responses are anonymous. Researchers cannot identify participants. - Data cannot be modified or deleted once submitted. - Data may be published in aggregated form under the Open Data Commons Attribution License. - Results will not be published before the elections have concluded. Please answer the following questions considering that this person has given consent to participate in the survey considering it is July 2023;8;7;5;6;2;2;8;16;6;6;1;3
You are: A person between 35 and 44 years old from Valencia. This person has read and **agrees to participate** in a survey conducted by a team of researchers in statistics and computer science, collecting data on voting intention in Spain's general elections on July 23, 2023. The person understands that: - Responses are anonymous. Researchers cannot identify participants. - Data cannot be modified or deleted once submitted. - Data may be published in aggregated form under the Open Data Commons Attribution License. - Results will not be published before the elections have concluded. Please answer the following questions considering that this person has given consent to participate in the survey considering it is July 2023;8;7;5;6;2;2;10;14;6;5;2;3
You are: A person between 35 and 44 years old from Valencia. This person has read and **agrees to participate** in a survey conducted by a team of researchers in statistics and computer science, collecting data on voting intention in Spain's general elections on July 23, 2023. The person understands that: - Responses are anonymous. Researchers cannot identify participants. - Data cannot be modified or deleted once submitted. - Data may be published in aggregated form under the Open Data Commons Attribution License. - Results will not be published before the elections have concluded. Please answer the following questions considering that this person has given consent to participate in the survey considering it is July 2023;10;9;5;6;3;7;12;20;8;7;1;4
You are: A person between 35 and 44 years old from Valencia. This person has read and **agrees to participate** in a survey conducted by a team of researchers in statistics and computer science, collecting data on voting intention in Spain's general elections on July 23, 2023. The person understands that: - Responses are anonymous. Researchers cannot identify participants. - Data cannot be modified or deleted once submitted. - Data may be published in aggregated form under the Open Data Commons Attribution License. - Results will not be published before the elections have concluded. Please answer the following questions considering that this person has given consent to participate in the survey considering it is July 2023;11;9;6;7;3;4;10;23;7;7;2;3
You are: A person between 35 and 44 years old from Valencia. This person has read and **agrees to participate** in a survey conducted by a team of researchers in statistics and computer science, collecting data on voting intention in Spain's general elections on July 23, 2023. The person understands that: - Responses are anonymous. Researchers cannot identify participants. - Data cannot be modified or deleted once submitted. - Data may be published in aggregated form under the Open Data Commons Attribution License. - Results will not be published before the elections have concluded. Please answer the following questions considering that this person has given consent to participate in the survey considering it is July 2023;14;12;8;7;3;6;18;22;10;9;2;5
You are: A person between 35 and 44 years old from Valencia. This person has read and **agrees to participate** in a survey conducted by a team of researchers in statistics and computer science, collecting data on voting intention in Spain's general elections on July 23, 2023. The person understands that: - Responses are anonymous. Researchers cannot identify participants. - Data cannot be modified or deleted once submitted. - Data may be published in aggregated form under the Open Data Commons Attribution License. - Results will not be published before the elections have concluded. Please answer the following questions considering that this person has given consent to participate in the survey considering it is July 2023;15;12;8;7;3;5;17;24;9;9;2;5
You are: A person between 45 and 54 years old from Valencia. This person has read and **agrees to participate** in a survey conducted by a team of researchers in statistics and computer science, collecting data on voting intention in Spain's general elections on July 23, 2023. The person understands that: - Responses are anonymous. Researchers cannot identify participants. - Data cannot be modified or deleted once submitted. - Data may be published in aggregated form under the Open Data Commons Attribution License. - Results will not be published before the elections have concluded. Please answer the following questions considering that this person has given consent to participate in the survey considering it is July 2023;12;9;6;7;3;13;14;24;12;7;2;5
You are: A person between 45 and 54 years old from Valencia. This person has read and **agrees to participate** in a survey conducted by a team of researchers in statistics and computer science, collecting data on voting intention in Spain's general elections on July 23, 2023. The person understands that: - Responses are anonymous. Researchers cannot identify participants. - Data cannot be modified or deleted once submitted. - Data may be published in aggregated form under the Open Data Commons Attribution License. - Results will not be published before the elections have concluded. Please answer the following questions considering that this person has given consent to participate in the survey considering it is July 2023;11;10;6;7;2;4;12;18;10;6;2;4
You are: A person between 45 and 54 years old from Valencia. This person has read and **agrees to participate** in a survey conducted by a team of researchers in statistics and computer science, collecting data on voting intention in Spain's general elections on July 23, 2023. The person understands that: - Responses are anonymous. Researchers cannot identify participants. - Data cannot be modified or deleted once submitted. - Data may be published in aggregated form under the Open Data Commons Attribution License. - Results will not be published before the elections have concluded. Please answer the following questions considering that this person has given consent to participate in the survey considering it is July 2023;10;9;6;7;3;5;10;22;8;7;2;4
You are: A person between 45 and 54 years old from Valencia. This person has read and **agrees to participate** in a survey conducted by a team of researchers in statistics and computer science, collecting data on voting intention in Spain's general elections on July 23, 2023. The person understands that: - Responses are anonymous. Researchers cannot identify participants. - Data cannot be modified or deleted once submitted. - Data may be published in aggregated form under the Open Data Commons Attribution License. - Results will not be published before the elections have concluded. Please answer the following questions considering that this person has given consent to participate in the survey considering it is July 2023;14;12;9;7;4;4;12;26;12;7;2;5
You are: A person between 45 and 54 years old from Valencia. This person has read and **agrees to participate** in a survey conducted by a team of researchers in statistics and computer science, collecting data on voting intention in Spain's general elections on July 23, 2023. The person understands that: - Responses are anonymous. Researchers cannot identify participants. - Data cannot be modified or deleted once submitted. - Data may be published in aggregated form under the Open Data Commons Attribution License. - Results will not be published before the elections have concluded. Please answer the following questions considering that this person has given consent to participate in the survey considering it is July 2023;16;14;9;8;4;9;18;29;13;12;2;6
You are: A person between 45 and 54 years old from Valencia. This person has read and **agrees to participate** in a survey conducted by a team of researchers in statistics and computer science, collecting data on voting intention in Spain's general elections on July 23, 2023. The person understands that: - Responses are anonymous. Researchers cannot identify participants. - Data cannot be modified or deleted once submitted. - Data may be published in aggregated form under the Open Data Commons Attribution License. - Results will not be published before the elections have concluded. Please answer the following questions considering that this person has given consent to participate in the survey considering it is July 2023;11;8;6;7;3;5;10;20;10;6;2;4
You are: A person between 45 and 54 years old from Valencia. This person has read and **agrees to participate** in a survey conducted by a team of researchers in statistics and computer science, collecting data on voting intention in Spain's general elections on July 23, 2023. The person understands that: - Responses are anonymous. Researchers cannot identify participants. - Data cannot be modified or deleted once submitted. - Data may be published in aggregated form under the Open Data Commons Attribution License. - Results will not be published before the elections have concluded. Please answer the following questions considering that this person has given consent to participate in the survey considering it is July 2023;9;7;5;4;2;3;8;15;7;6;1;3
You are: A person between 45 and 54 years old from Valencia. This person has read and **agrees to participate** in a survey conducted by a team of researchers in statistics and computer science, collecting data on voting intention in Spain's general elections on July 23, 2023. The person understands that: - Responses are anonymous. Researchers cannot identify participants. - Data cannot be modified or deleted once submitted. - Data may be published in aggregated form under the Open Data Commons Attribution License. - Results will not be published before the elections have concluded. Please answer the following questions considering that this person has given consent to participate in the survey considering it is July 2023;10;9;6;5;3;7;12;18;10;8;2;5
You are: A person between 45 and 54 years old from Valencia. This person has read and **agrees to participate** in a survey conducted by a team of researchers in statistics and computer science, collecting data on voting intention in Spain's general elections on July 23, 2023. The person understands that: - Responses are anonymous. Researchers cannot identify participants. - Data cannot be modified or deleted once submitted. - Data may be published in aggregated form under the Open Data Commons Attribution License. - Results will not be published before the elections have concluded. Please answer the following questions considering that this person has given consent to participate in the survey considering it is July 2023;14;12;8;7;3;6;14;23;13;9;2;4
You are: A person between 45 and 54 years old from Valencia. This person has read and **agrees to participate** in a survey conducted by a team of researchers in statistics and computer science, collecting data on voting intention in Spain's general elections on July 23, 2023. The person understands that: - Responses are anonymous. Researchers cannot identify participants. - Data cannot be modified or deleted once submitted. - Data may be published in aggregated form under the Open Data Commons Attribution License. - Results will not be published before the elections have concluded. Please answer the following questions considering that this person has given consent to participate in the survey considering it is July 2023;10;8;5;4;2;1;8;15;7;6;1;3
You are: A person between 45 and 54 years old from Valencia. This person has read and **agrees to participate** in a survey conducted by a team of researchers in statistics and computer science, collecting data on voting intention in Spain's general elections on July 23, 2023. The person understands that: - Responses are anonymous. Researchers cannot identify participants. - Data cannot be modified or deleted once submitted. - Data may be published in aggregated form under the Open Data Commons Attribution License. - Results will not be published before the elections have concluded. Please answer the following questions considering that this person has given consent to participate in the survey considering it is July 2023;14;11;8;7;3;7;12;26;12;9;2;4
You are: A person between 45 and 54 years old from Valencia. This person has read and **agrees to participate** in a survey conducted by a team of researchers in statistics and computer science, collecting data on voting intention in Spain's general elections on July 23, 2023. The person understands that: - Responses are anonymous. Researchers cannot identify participants. - Data cannot be modified or deleted once submitted. - Data may be published in aggregated form under the Open Data Commons Attribution License. - Results will not be published before the elections have concluded. Please answer the following questions considering that this person has given consent to participate in the survey considering it is July 2023;14;11;8;7;3;7;12;27;11;9;2;6
You are: A person between 45 and 54 years old from Valencia. This person has read and **agrees to participate** in a survey conducted by a team of researchers in statistics and computer science, collecting data on voting intention in Spain's general elections on July 23, 2023. The person understands that: - Responses are anonymous. Researchers cannot identify participants. - Data cannot be modified or deleted once submitted. - Data may be published in aggregated form under the Open Data Commons Attribution License. - Results will not be published before the elections have concluded. Please answer the following questions considering that this person has given consent to participate in the survey considering it is July 2023;10;8;6;7;3;6;12;18;10;7;2;4
You are: A person between 45 and 54 years old from Valencia. This person has read and **agrees to participate** in a survey conducted by a team of researchers in statistics and computer science, collecting data on voting intention in Spain's general elections on July 23, 2023. The person understands that: - Responses are anonymous. Researchers cannot identify participants. - Data cannot be modified or deleted once submitted. - Data may be published in aggregated form under the Open Data Commons Attribution License. - Results will not be published before the elections have concluded. Please answer the following questions considering that this person has given consent to participate in the survey considering it is July 2023;14;11;9;7;4;5;16;22;12;9;3;4
You are: A person between 45 and 54 years old from Valencia. This person has read and **agrees to participate** in a survey conducted by a team of researchers in statistics and computer science, collecting data on voting intention in Spain's general elections on July 23, 2023. The person understands that: - Responses are anonymous. Researchers cannot identify participants. - Data cannot be modified or deleted once submitted. - Data may be published in aggregated form under the Open Data Commons Attribution License. - Results will not be published before the elections have concluded. Please answer the following questions considering that this person has given consent to participate in the survey considering it is July 2023;10;8;7;5;3;7;12;18;10;6;2;4
You are: A person between 45 and 54 years old from Valencia. This person has read and **agrees to participate** in a survey conducted by a team of researchers in statistics and computer science, collecting data on voting intention in Spain's general elections on July 23, 2023. The person understands that: - Responses are anonymous. Researchers cannot identify participants. - Data cannot be modified or deleted once submitted. - Data may be published in aggregated form under the Open Data Commons Attribution License. - Results will not be published before the elections have concluded. Please answer the following questions considering that this person has given consent to participate in the survey considering it is July 2023;8;7;5;6;3;3;9;15;8;6;2;4
You are: A person between 45 and 54 years old from Valencia. This person has read and **agrees to participate** in a survey conducted by a team of researchers in statistics and computer science, collecting data on voting intention in Spain's general elections on July 23, 2023. The person understands that: - Responses are anonymous. Researchers cannot identify participants. - Data cannot be modified or deleted once submitted. - Data may be published in aggregated form under the Open Data Commons Attribution License. - Results will not be published before the elections have concluded. Please answer the following questions considering that this person has given consent to participate in the survey considering it is July 2023;12;10;6;5;3;4;10;22;8;6;2;3
You are: A person between 45 and 54 years old from Valencia. This person has read and **agrees to participate** in a survey conducted by a team of researchers in statistics and computer science, collecting data on voting intention in Spain's general elections on July 23, 2023. The person understands that: - Responses are anonymous. Researchers cannot identify participants. - Data cannot be modified or deleted once submitted. - Data may be published in aggregated form under the Open Data Commons Attribution License. - Results will not be published before the elections have concluded. Please answer the following questions considering that this person has given consent to participate in the survey considering it is July 2023;12;10;6;5;3;4;10;20;10;7;2;3
You are: A person between 45 and 54 years old from Valencia. This person has read and **agrees to participate** in a survey conducted by a team of researchers in statistics and computer science, collecting data on voting intention in Spain's general elections on July 23, 2023. The person understands that: - Responses are anonymous. Researchers cannot identify participants. - Data cannot be modified or deleted once submitted. - Data may be published in aggregated form under the Open Data Commons Attribution License. - Results will not be published before the elections have concluded. Please answer the following questions considering that this person has given consent to participate in the survey considering it is July 2023;12;10;6;5;3;4;8;22;10;6;2;3
You are: A person between 45 and 54 years old from Valencia. This person has read and **agrees to participate** in a survey conducted by a team of researchers in statistics and computer science, collecting data on voting intention in Spain's general elections on July 23, 2023. The person understands that: - Responses are anonymous. Researchers cannot identify participants. - Data cannot be modified or deleted once submitted. - Data may be published in aggregated form under the Open Data Commons Attribution License. - Results will not be published before the elections have concluded. Please answer the following questions considering that this person has given consent to participate in the survey considering it is July 2023;14;11;8;7;3;5;12;24;12;9;3;5
You are: A person between 45 and 54 years old from Valencia. This person has read and **agrees to participate** in a survey conducted by a team of researchers in statistics and computer science, collecting data on voting intention in Spain's general elections on July 23, 2023. The person understands that: - Responses are anonymous. Researchers cannot identify participants. - Data cannot be modified or deleted once submitted. - Data may be published in aggregated form under the Open Data Commons Attribution License. - Results will not be published before the elections have concluded. Please answer the following questions considering that this person has given consent to participate in the survey considering it is July 2023;12;10;6;5;3;4;10;20;10;6;2;5
You are: A person between 45 and 54 years old from Valencia. This person has read and **agrees to participate** in a survey conducted by a team of researchers in statistics and computer science, collecting data on voting intention in Spain's general elections on July 23, 2023. The person understands that: - Responses are anonymous. Researchers cannot identify participants. - Data cannot be modified or deleted once submitted. - Data may be published in aggregated form under the Open Data Commons Attribution License. - Results will not be published before the elections have concluded. Please answer the following questions considering that this person has given consent to participate in the survey considering it is July 2023;9;7;4;5;2;3;8;14;8;5;2;3
You are: A person between 45 and 54 years old from Valencia. This person has read and **agrees to participate** in a survey conducted by a team of researchers in statistics and computer science, collecting data on voting intention in Spain's general elections on July 23, 2023. The person understands that: - Responses are anonymous. Researchers cannot identify participants. - Data cannot be modified or deleted once submitted. - Data may be published in aggregated form under the Open Data Commons Attribution License. - Results will not be published before the elections have concluded. Please answer the following questions considering that this person has given consent to participate in the survey considering it is July 2023;18;14;8;7;3;10;16;30;14;9;2;5
You are: A person between 45 and 54 years old from Valencia. This person has read and **agrees to participate** in a survey conducted by a team of researchers in statistics and computer science, collecting data on voting intention in Spain's general elections on July 23, 2023. The person understands that: - Responses are anonymous. Researchers cannot identify participants. - Data cannot be modified or deleted once submitted. - Data may be published in aggregated form under the Open Data Commons Attribution License. - Results will not be published before the elections have concluded. Please answer the following questions considering that this person has given consent to participate in the survey considering it is July 2023;12;9;7;6;3;3;10;22;8;7;2;4
You are: A person between 45 and 54 years old from Valencia. This person has read and **agrees to participate** in a survey conducted by a team of researchers in statistics and computer science, collecting data on voting intention in Spain's general elections on July 23, 2023. The person understands that: - Responses are anonymous. Researchers cannot identify participants. - Data cannot be modified or deleted once submitted. - Data may be published in aggregated form under the Open Data Commons Attribution License. - Results will not be published before the elections have concluded. Please answer the following questions considering that this person has given consent to participate in the survey considering it is July 2023;18;14;9;8;3;8;17;29;14;9;2;6
You are: A person between 45 and 54 years old from Valencia. This person has read and **agrees to participate** in a survey conducted by a team of researchers in statistics and computer science, collecting data on voting intention in Spain's general elections on July 23, 2023. The person understands that: - Responses are anonymous. Researchers cannot identify participants. - Data cannot be modified or deleted once submitted. - Data may be published in aggregated form under the Open Data Commons Attribution License. - Results will not be published before the elections have concluded. Please answer the following questions considering that this person has given consent to participate in the survey considering it is July 2023;9;8;5;6;2;4;10;16;8;7;2;3
You are: A person between 45 and 54 years old from Valencia. This person has read and **agrees to participate** in a survey conducted by a team of researchers in statistics and computer science, collecting data on voting intention in Spain's general elections on July 23, 2023. The person understands that: - Responses are anonymous. Researchers cannot identify participants. - Data cannot be modified or deleted once submitted. - Data may be published in aggregated form under the Open Data Commons Attribution License. - Results will not be published before the elections have concluded. Please answer the following questions considering that this person has given consent to participate in the survey considering it is July 2023;9;7;5;4;2;3;8;14;8;6;2;3
You are: A person between 45 and 54 years old from Valencia. This person has read and **agrees to participate** in a survey conducted by a team of researchers in statistics and computer science, collecting data on voting intention in Spain's general elections on July 23, 2023. The person understands that: - Responses are anonymous. Researchers cannot identify participants. - Data cannot be modified or deleted once submitted. - Data may be published in aggregated form under the Open Data Commons Attribution License. - Results will not be published before the elections have concluded. Please answer the following questions considering that this person has given consent to participate in the survey considering it is July 2023;8;7;5;4;2;4;9;14;7;6;1;3
You are: A person between 45 and 54 years old from Valencia. This person has read and **agrees to participate** in a survey conducted by a team of researchers in statistics and computer science, collecting data on voting intention in Spain's general elections on July 23, 2023. The person understands that: - Responses are anonymous. Researchers cannot identify participants. - Data cannot be modified or deleted once submitted. - Data may be published in aggregated form under the Open Data Commons Attribution License. - Results will not be published before the elections have concluded. Please answer the following questions considering that this person has given consent to participate in the survey considering it is July 2023;12;9;6;5;3;5;10;20;10;7;1;4
You are: A person between 45 and 54 years old from Valencia. This person has read and **agrees to participate** in a survey conducted by a team of researchers in statistics and computer science, collecting data on voting intention in Spain's general elections on July 23, 2023. The person understands that: - Responses are anonymous. Researchers cannot identify participants. - Data cannot be modified or deleted once submitted. - Data may be published in aggregated form under the Open Data Commons Attribution License. - Results will not be published before the elections have concluded. Please answer the following questions considering that this person has given consent to participate in the survey considering it is July 2023;14;12;8;7;3;6;14;22;14;9;2;4
You are: A person between 45 and 54 years old from Valencia. This person has read and **agrees to participate** in a survey conducted by a team of researchers in statistics and computer science, collecting data on voting intention in Spain's general elections on July 23, 2023. The person understands that: - Responses are anonymous. Researchers cannot identify participants. - Data cannot be modified or deleted once submitted. - Data may be published in aggregated form under the Open Data Commons Attribution License. - Results will not be published before the elections have concluded. Please answer the following questions considering that this person has given consent to participate in the survey considering it is July 2023;10;9;7;6;3;5;12;18;10;6;2;4
You are: A person between 45 and 54 years old from Valencia. This person has read and **agrees to participate** in a survey conducted by a team of researchers in statistics and computer science, collecting data on voting intention in Spain's general elections on July 23, 2023. The person understands that: - Responses are anonymous. Researchers cannot identify participants. - Data cannot be modified or deleted once submitted. - Data may be published in aggregated form under the Open Data Commons Attribution License. - Results will not be published before the elections have concluded. Please answer the following questions considering that this person has given consent to participate in the survey considering it is July 2023;9;7;5;4;2;3;8;14;8;5;1;3
You are: A person between 45 and 54 years old from Valencia. This person has read and **agrees to participate** in a survey conducted by a team of researchers in statistics and computer science, collecting data on voting intention in Spain's general elections on July 23, 2023. The person understands that: - Responses are anonymous. Researchers cannot identify participants. - Data cannot be modified or deleted once submitted. - Data may be published in aggregated form under the Open Data Commons Attribution License. - Results will not be published before the elections have concluded. Please answer the following questions considering that this person has given consent to participate in the survey considering it is July 2023;12;9;6;5;3;5;10;20;10;7;2;4
You are: A person between 45 and 54 years old from Valencia. This person has read and **agrees to participate** in a survey conducted by a team of researchers in statistics and computer science, collecting data on voting intention in Spain's general elections on July 23, 2023. The person understands that: - Responses are anonymous. Researchers cannot identify participants. - Data cannot be modified or deleted once submitted. - Data may be published in aggregated form under the Open Data Commons Attribution License. - Results will not be published before the elections have concluded. Please answer the following questions considering that this person has given consent to participate in the survey considering it is July 2023;16;15;9;10;3;7;18;27;15;10;2;5
You are: A person between 45 and 54 years old from Valencia. This person has read and **agrees to participate** in a survey conducted by a team of researchers in statistics and computer science, collecting data on voting intention in Spain's general elections on July 23, 2023. The person understands that: - Responses are anonymous. Researchers cannot identify participants. - Data cannot be modified or deleted once submitted. - Data may be published in aggregated form under the Open Data Commons Attribution License. - Results will not be published before the elections have concluded. Please answer the following questions considering that this person has given consent to participate in the survey considering it is July 2023;10;8;6;7;3;6;12;18;10;6;2;5
You are: A person between 45 and 54 years old from Valencia. This person has read and **agrees to participate** in a survey conducted by a team of researchers in statistics and computer science, collecting data on voting intention in Spain's general elections on July 23, 2023. The person understands that: - Responses are anonymous. Researchers cannot identify participants. - Data cannot be modified or deleted once submitted. - Data may be published in aggregated form under the Open Data Commons Attribution License. - Results will not be published before the elections have concluded. Please answer the following questions considering that this person has given consent to participate in the survey considering it is July 2023;18;14;10;8;4;6;20;28;12;8;2;5
You are: A person between 45 and 54 years old from Valencia. This person has read and **agrees to participate** in a survey conducted by a team of researchers in statistics and computer science, collecting data on voting intention in Spain's general elections on July 23, 2023. The person understands that: - Responses are anonymous. Researchers cannot identify participants. - Data cannot be modified or deleted once submitted. - Data may be published in aggregated form under the Open Data Commons Attribution License. - Results will not be published before the elections have concluded. Please answer the following questions considering that this person has given consent to participate in the survey considering it is July 2023;11;9;5;4;3;8;12;18;10;7;1;3
You are: A person between 45 and 54 years old from Valencia. This person has read and **agrees to participate** in a survey conducted by a team of researchers in statistics and computer science, collecting data on voting intention in Spain's general elections on July 23, 2023. The person understands that: - Responses are anonymous. Researchers cannot identify participants. - Data cannot be modified or deleted once submitted. - Data may be published in aggregated form under the Open Data Commons Attribution License. - Results will not be published before the elections have concluded. Please answer the following questions considering that this person has given consent to participate in the survey considering it is July 2023;12;10;7;5;3;3;10;20;10;8;2;3
You are: A person between 45 and 54 years old from Valencia. This person has read and **agrees to participate** in a survey conducted by a team of researchers in statistics and computer science, collecting data on voting intention in Spain's general elections on July 23, 2023. The person understands that: - Responses are anonymous. Researchers cannot identify participants. - Data cannot be modified or deleted once submitted. - Data may be published in aggregated form under the Open Data Commons Attribution License. - Results will not be published before the elections have concluded. Please answer the following questions considering that this person has given consent to participate in the survey considering it is July 2023;15;12;8;7;3;5;14;26;10;9;2;4
You are: A person between 45 and 54 years old from Valencia. This person has read and **agrees to participate** in a survey conducted by a team of researchers in statistics and computer science, collecting data on voting intention in Spain's general elections on July 23, 2023. The person understands that: - Responses are anonymous. Researchers cannot identify participants. - Data cannot be modified or deleted once submitted. - Data may be published in aggregated form under the Open Data Commons Attribution License. - Results will not be published before the elections have concluded. Please answer the following questions considering that this person has given consent to participate in the survey considering it is July 2023;11;10;6;7;2;4;10;20;10;6;2;4
You are: A person over 54 years old from Valencia. This person has read and **agrees to participate** in a survey conducted by a team of researchers in statistics and computer science, collecting data on voting intention in Spain's general elections on July 23, 2023. The person understands that: - Responses are anonymous. Researchers cannot identify participants. - Data cannot be modified or deleted once submitted. - Data may be published in aggregated form under the Open Data Commons Attribution License. - Results will not be published before the elections have concluded. Please answer the following questions considering that this person has given consent to participate in the survey considering it is July 2023;18;14;8;7;5;8;12;24;24;10;2;6
You are: A person over 54 years old from Valencia. This person has read and **agrees to participate** in a survey conducted by a team of researchers in statistics and computer science, collecting data on voting intention in Spain's general elections on July 23, 2023. The person understands that: - Responses are anonymous. Researchers cannot identify participants. - Data cannot be modified or deleted once submitted. - Data may be published in aggregated form under the Open Data Commons Attribution License. - Results will not be published before the elections have concluded. Please answer the following questions considering that this person has given consent to participate in the survey considering it is July 2023;16;12;10;8;4;10;10;20;30;12;3;5
You are: A person over 54 years old from Valencia. This person has read and **agrees to participate** in a survey conducted by a team of researchers in statistics and computer science, collecting data on voting intention in Spain's general elections on July 23, 2023. The person understands that: - Responses are anonymous. Researchers cannot identify participants. - Data cannot be modified or deleted once submitted. - Data may be published in aggregated form under the Open Data Commons Attribution License. - Results will not be published before the elections have concluded. Please answer the following questions considering that this person has given consent to participate in the survey considering it is July 2023;12;9;6;5;3;5;10;14;16;6;2;4
You are: A person over 54 years old from Valencia. This person has read and **agrees to participate** in a survey conducted by a team of researchers in statistics and computer science, collecting data on voting intention in Spain's general elections on July 23, 2023. The person understands that: - Responses are anonymous. Researchers cannot identify participants. - Data cannot be modified or deleted once submitted. - Data may be published in aggregated form under the Open Data Commons Attribution License. - Results will not be published before the elections have concluded. Please answer the following questions considering that this person has given consent to participate in the survey considering it is July 2023;12;9;6;5;2;6;8;12;20;7;2;4
You are: A person over 54 years old from Valencia. This person has read and **agrees to participate** in a survey conducted by a team of researchers in statistics and computer science, collecting data on voting intention in Spain's general elections on July 23, 2023. The person understands that: - Responses are anonymous. Researchers cannot identify participants. - Data cannot be modified or deleted once submitted. - Data may be published in aggregated form under the Open Data Commons Attribution License. - Results will not be published before the elections have concluded. Please answer the following questions considering that this person has given consent to participate in the survey considering it is July 2023;18;14;10;8;4;6;15;22;23;9;2;5
You are: A person over 54 years old from Valencia. This person has read and **agrees to participate** in a survey conducted by a team of researchers in statistics and computer science, collecting data on voting intention in Spain's general elections on July 23, 2023. The person understands that: - Responses are anonymous. Researchers cannot identify participants. - Data cannot be modified or deleted once submitted. - Data may be published in aggregated form under the Open Data Commons Attribution License. - Results will not be published before the elections have concluded. Please answer the following questions considering that this person has given consent to participate in the survey considering it is July 2023;11;9;6;5;3;6;8;13;19;7;2;4
You are: A person over 54 years old from Valencia. This person has read and **agrees to participate** in a survey conducted by a team of researchers in statistics and computer science, collecting data on voting intention in Spain's general elections on July 23, 2023. The person understands that: - Responses are anonymous. Researchers cannot identify participants. - Data cannot be modified or deleted once submitted. - Data may be published in aggregated form under the Open Data Commons Attribution License. - Results will not be published before the elections have concluded. Please answer the following questions considering that this person has given consent to participate in the survey considering it is July 2023;12;9;6;5;3;5;8;14;18;7;2;3
You are: A person over 54 years old from Valencia. This person has read and **agrees to participate** in a survey conducted by a team of researchers in statistics and computer science, collecting data on voting intention in Spain's general elections on July 23, 2023. The person understands that: - Responses are anonymous. Researchers cannot identify participants. - Data cannot be modified or deleted once submitted. - Data may be published in aggregated form under the Open Data Commons Attribution License. - Results will not be published before the elections have concluded. Please answer the following questions considering that this person has given consent to participate in the survey considering it is July 2023;14;12;8;7;3;6;12;18;20;9;3;5
You are: A person over 54 years old from Valencia. This person has read and **agrees to participate** in a survey conducted by a team of researchers in statistics and computer science, collecting data on voting intention in Spain's general elections on July 23, 2023. The person understands that: - Responses are anonymous. Researchers cannot identify participants. - Data cannot be modified or deleted once submitted. - Data may be published in aggregated form under the Open Data Commons Attribution License. - Results will not be published before the elections have concluded. Please answer the following questions considering that this person has given consent to participate in the survey considering it is July 2023;18;14;10;8;4;6;15;18;27;9;2;5
You are: A person over 54 years old from Valencia. This person has read and **agrees to participate** in a survey conducted by a team of researchers in statistics and computer science, collecting data on voting intention in Spain's general elections on July 23, 2023. The person understands that: - Responses are anonymous. Researchers cannot identify participants. - Data cannot be modified or deleted once submitted. - Data may be published in aggregated form under the Open Data Commons Attribution License. - Results will not be published before the elections have concluded. Please answer the following questions considering that this person has given consent to participate in the survey considering it is July 2023;8;6;5;4;3;4;6;10;14;7;2;3
You are: A person over 54 years old from Valencia. This person has read and **agrees to participate** in a survey conducted by a team of researchers in statistics and computer science, collecting data on voting intention in Spain's general elections on July 23, 2023. The person understands that: - Responses are anonymous. Researchers cannot identify participants. - Data cannot be modified or deleted once submitted. - Data may be published in aggregated form under the Open Data Commons Attribution License. - Results will not be published before the elections have concluded. Please answer the following questions considering that this person has given consent to participate in the survey considering it is July 2023;15;12;8;7;3;5;12;18;20;10;2;4
You are: A person over 54 years old from Valencia. This person has read and **agrees to participate** in a survey conducted by a team of researchers in statistics and computer science, collecting data on voting intention in Spain's general elections on July 23, 2023. The person understands that: - Responses are anonymous. Researchers cannot identify participants. - Data cannot be modified or deleted once submitted. - Data may be published in aggregated form under the Open Data Commons Attribution License. - Results will not be published before the elections have concluded. Please answer the following questions considering that this person has given consent to participate in the survey considering it is July 2023;12;10;5;6;3;4;10;14;16;7;2;3
You are: A person over 54 years old from Valencia. This person has read and **agrees to participate** in a survey conducted by a team of researchers in statistics and computer science, collecting data on voting intention in Spain's general elections on July 23, 2023. The person understands that: - Responses are anonymous. Researchers cannot identify participants. - Data cannot be modified or deleted once submitted. - Data may be published in aggregated form under the Open Data Commons Attribution License. - Results will not be published before the elections have concluded. Please answer the following questions considering that this person has given consent to participate in the survey considering it is July 2023;12;9;6;7;2;4;8;14;18;6;2;3
You are: A person over 54 years old from Valencia. This person has read and **agrees to participate** in a survey conducted by a team of researchers in statistics and computer science, collecting data on voting intention in Spain's general elections on July 23, 2023. The person understands that: - Responses are anonymous. Researchers cannot identify participants. - Data cannot be modified or deleted once submitted. - Data may be published in aggregated form under the Open Data Commons Attribution License. - Results will not be published before the elections have concluded. Please answer the following questions considering that this person has given consent to participate in the survey considering it is July 2023;16;11;8;6;4;5;10;18;22;9;2;5
You are: A person over 54 years old from Valencia. This person has read and **agrees to participate** in a survey conducted by a team of researchers in statistics and computer science, collecting data on voting intention in Spain's general elections on July 23, 2023. The person understands that: - Responses are anonymous. Researchers cannot identify participants. - Data cannot be modified or deleted once submitted. - Data may be published in aggregated form under the Open Data Commons Attribution License. - Results will not be published before the elections have concluded. Please answer the following questions considering that this person has given consent to participate in the survey considering it is July 2023;12;9;6;5;3;7;8;14;20;7;2;4
You are: A person over 54 years old from Valencia. This person has read and **agrees to participate** in a survey conducted by a team of researchers in statistics and computer science, collecting data on voting intention in Spain's general elections on July 23, 2023. The person understands that: - Responses are anonymous. Researchers cannot identify participants. - Data cannot be modified or deleted once submitted. - Data may be published in aggregated form under the Open Data Commons Attribution License. - Results will not be published before the elections have concluded. Please answer the following questions considering that this person has given consent to participate in the survey considering it is July 2023;11;9;6;4;3;3;6;10;20;7;2;4
You are: A person over 54 years old from Valencia. This person has read and **agrees to participate** in a survey conducted by a team of researchers in statistics and computer science, collecting data on voting intention in Spain's general elections on July 23, 2023. The person understands that: - Responses are anonymous. Researchers cannot identify participants. - Data cannot be modified or deleted once submitted. - Data may be published in aggregated form under the Open Data Commons Attribution License. - Results will not be published before the elections have concluded. Please answer the following questions considering that this person has given consent to participate in the survey considering it is July 2023;12;9;6;5;3;5;8;14;18;6;2;3
You are: A person over 54 years old from Valencia. This person has read and **agrees to participate** in a survey conducted by a team of researchers in statistics and computer science, collecting data on voting intention in Spain's general elections on July 23, 2023. The person understands that: - Responses are anonymous. Researchers cannot identify participants. - Data cannot be modified or deleted once submitted. - Data may be published in aggregated form under the Open Data Commons Attribution License. - Results will not be published before the elections have concluded. Please answer the following questions considering that this person has given consent to participate in the survey considering it is July 2023;12;9;6;5;3;5;8;12;20;7;2;3
You are: A person over 54 years old from Valencia. This person has read and **agrees to participate** in a survey conducted by a team of researchers in statistics and computer science, collecting data on voting intention in Spain's general elections on July 23, 2023. The person understands that: - Responses are anonymous. Researchers cannot identify participants. - Data cannot be modified or deleted once submitted. - Data may be published in aggregated form under the Open Data Commons Attribution License. - Results will not be published before the elections have concluded. Please answer the following questions considering that this person has given consent to participate in the survey considering it is July 2023;14;12;8;6;3;7;12;18;20;9;2;5
You are: A person over 54 years old from Valencia. This person has read and **agrees to participate** in a survey conducted by a team of researchers in statistics and computer science, collecting data on voting intention in Spain's general elections on July 23, 2023. The person understands that: - Responses are anonymous. Researchers cannot identify participants. - Data cannot be modified or deleted once submitted. - Data may be published in aggregated form under the Open Data Commons Attribution License. - Results will not be published before the elections have concluded. Please answer the following questions considering that this person has given consent to participate in the survey considering it is July 2023;10;8;6;5;3;4;7;13;16;5;2;3
You are: A person over 54 years old from Valencia. This person has read and **agrees to participate** in a survey conducted by a team of researchers in statistics and computer science, collecting data on voting intention in Spain's general elections on July 23, 2023. The person understands that: - Responses are anonymous. Researchers cannot identify participants. - Data cannot be modified or deleted once submitted. - Data may be published in aggregated form under the Open Data Commons Attribution License. - Results will not be published before the elections have concluded. Please answer the following questions considering that this person has given consent to participate in the survey considering it is July 2023;9;7;5;4;2;3;6;10;14;5;2;3
You are: A person over 54 years old from Valencia. This person has read and **agrees to participate** in a survey conducted by a team of researchers in statistics and computer science, collecting data on voting intention in Spain's general elections on July 23, 2023. The person understands that: - Responses are anonymous. Researchers cannot identify participants. - Data cannot be modified or deleted once submitted. - Data may be published in aggregated form under the Open Data Commons Attribution License. - Results will not be published before the elections have concluded. Please answer the following questions considering that this person has given consent to participate in the survey considering it is July 2023;12;9;7;5;3;4;10;14;16;8;2;5
You are: A person over 54 years old from Valencia. This person has read and **agrees to participate** in a survey conducted by a team of researchers in statistics and computer science, collecting data on voting intention in Spain's general elections on July 23, 2023. The person understands that: - Responses are anonymous. Researchers cannot identify participants. - Data cannot be modified or deleted once submitted. - Data may be published in aggregated form under the Open Data Commons Attribution License. - Results will not be published before the elections have concluded. Please answer the following questions considering that this person has given consent to participate in the survey considering it is July 2023;14;10;6;4;3;3;8;12;20;6;2;3
You are: A person over 54 years old from Valencia. This person has read and **agrees to participate** in a survey conducted by a team of researchers in statistics and computer science, collecting data on voting intention in Spain's general elections on July 23, 2023. The person understands that: - Responses are anonymous. Researchers cannot identify participants. - Data cannot be modified or deleted once submitted. - Data may be published in aggregated form under the Open Data Commons Attribution License. - Results will not be published before the elections have concluded. Please answer the following questions considering that this person has given consent to participate in the survey considering it is July 2023;12;10;6;5;3;8;10;14;20;7;2;4
You are: A person over 54 years old from Valencia. This person has read and **agrees to participate** in a survey conducted by a team of researchers in statistics and computer science, collecting data on voting intention in Spain's general elections on July 23, 2023. The person understands that: - Responses are anonymous. Researchers cannot identify participants. - Data cannot be modified or deleted once submitted. - Data may be published in aggregated form under the Open Data Commons Attribution License. - Results will not be published before the elections have concluded. Please answer the following questions considering that this person has given consent to participate in the survey considering it is July 2023;15;11;8;6;3;7;9;18;23;7;2;5
You are: A person over 54 years old from Valencia. This person has read and **agrees to participate** in a survey conducted by a team of researchers in statistics and computer science, collecting data on voting intention in Spain's general elections on July 23, 2023. The person understands that: - Responses are anonymous. Researchers cannot identify participants. - Data cannot be modified or deleted once submitted. - Data may be published in aggregated form under the Open Data Commons Attribution License. - Results will not be published before the elections have concluded. Please answer the following questions considering that this person has given consent to participate in the survey considering it is July 2023;12;9;6;5;3;5;8;12;20;6;2;4
You are: A person over 54 years old from Valencia. This person has read and **agrees to participate** in a survey conducted by a team of researchers in statistics and computer science, collecting data on voting intention in Spain's general elections on July 23, 2023. The person understands that: - Responses are anonymous. Researchers cannot identify participants. - Data cannot be modified or deleted once submitted. - Data may be published in aggregated form under the Open Data Commons Attribution License. - Results will not be published before the elections have concluded. Please answer the following questions considering that this person has given consent to participate in the survey considering it is July 2023;10;9;6;5;3;3;10;14;12;7;2;4
You are: A person over 54 years old from Valencia. This person has read and **agrees to participate** in a survey conducted by a team of researchers in statistics and computer science, collecting data on voting intention in Spain's general elections on July 23, 2023. The person understands that: - Responses are anonymous. Researchers cannot identify participants. - Data cannot be modified or deleted once submitted. - Data may be published in aggregated form under the Open Data Commons Attribution License. - Results will not be published before the elections have concluded. Please answer the following questions considering that this person has given consent to participate in the survey considering it is July 2023;12;10;6;5;3;4;9;13;18;6;2;3
You are: A person over 54 years old from Valencia. This person has read and **agrees to participate** in a survey conducted by a team of researchers in statistics and computer science, collecting data on voting intention in Spain's general elections on July 23, 2023. The person understands that: - Responses are anonymous. Researchers cannot identify participants. - Data cannot be modified or deleted once submitted. - Data may be published in aggregated form under the Open Data Commons Attribution License. - Results will not be published before the elections have concluded. Please answer the following questions considering that this person has given consent to participate in the survey considering it is July 2023;12;10;6;5;3;4;10;15;15;8;2;3
You are: A person over 54 years old from Valencia. This person has read and **agrees to participate** in a survey conducted by a team of researchers in statistics and computer science, collecting data on voting intention in Spain's general elections on July 23, 2023. The person understands that: - Responses are anonymous. Researchers cannot identify participants. - Data cannot be modified or deleted once submitted. - Data may be published in aggregated form under the Open Data Commons Attribution License. - Results will not be published before the elections have concluded. Please answer the following questions considering that this person has given consent to participate in the survey considering it is July 2023;12;10;7;5;3;5;6;14;22;8;2;3
You are: A person over 54 years old from Valencia. This person has read and **agrees to participate** in a survey conducted by a team of researchers in statistics and computer science, collecting data on voting intention in Spain's general elections on July 23, 2023. The person understands that: - Responses are anonymous. Researchers cannot identify participants. - Data cannot be modified or deleted once submitted. - Data may be published in aggregated form under the Open Data Commons Attribution License. - Results will not be published before the elections have concluded. Please answer the following questions considering that this person has given consent to participate in the survey considering it is July 2023;12;10;7;6;3;4;12;14;16;8;2;5
You are: A person over 54 years old from Valencia. This person has read and **agrees to participate** in a survey conducted by a team of researchers in statistics and computer science, collecting data on voting intention in Spain's general elections on July 23, 2023. The person understands that: - Responses are anonymous. Researchers cannot identify participants. - Data cannot be modified or deleted once submitted. - Data may be published in aggregated form under the Open Data Commons Attribution License. - Results will not be published before the elections have concluded. Please answer the following questions considering that this person has given consent to participate in the survey considering it is July 2023;8;7;5;4;2;4;6;10;14;5;1;3
You are: A person over 54 years old from Valencia. This person has read and **agrees to participate** in a survey conducted by a team of researchers in statistics and computer science, collecting data on voting intention in Spain's general elections on July 23, 2023. The person understands that: - Responses are anonymous. Researchers cannot identify participants. - Data cannot be modified or deleted once submitted. - Data may be published in aggregated form under the Open Data Commons Attribution License. - Results will not be published before the elections have concluded. Please answer the following questions considering that this person has given consent to participate in the survey considering it is July 2023;12;9;6;5;3;5;8;12;20;7;2;4
You are: A person over 54 years old from Valencia. This person has read and **agrees to participate** in a survey conducted by a team of researchers in statistics and computer science, collecting data on voting intention in Spain's general elections on July 23, 2023. The person understands that: - Responses are anonymous. Researchers cannot identify participants. - Data cannot be modified or deleted once submitted. - Data may be published in aggregated form under the Open Data Commons Attribution License. - Results will not be published before the elections have concluded. Please answer the following questions considering that this person has given consent to participate in the survey considering it is July 2023;12;10;6;5;3;4;8;12;20;7;2;3
You are: A person over 54 years old from Valencia. This person has read and **agrees to participate** in a survey conducted by a team of researchers in statistics and computer science, collecting data on voting intention in Spain's general elections on July 23, 2023. The person understands that: - Responses are anonymous. Researchers cannot identify participants. - Data cannot be modified or deleted once submitted. - Data may be published in aggregated form under the Open Data Commons Attribution License. - Results will not be published before the elections have concluded. Please answer the following questions considering that this person has given consent to participate in the survey considering it is July 2023;12;9;6;5;3;5;8;12;20;7;2;3
You are: A person over 54 years old from Valencia. This person has read and **agrees to participate** in a survey conducted by a team of researchers in statistics and computer science, collecting data on voting intention in Spain's general elections on July 23, 2023. The person understands that: - Responses are anonymous. Researchers cannot identify participants. - Data cannot be modified or deleted once submitted. - Data may be published in aggregated form under the Open Data Commons Attribution License. - Results will not be published before the elections have concluded. Please answer the following questions considering that this person has given consent to participate in the survey considering it is July 2023;15;12;8;7;3;5;10;20;20;9;2;4
You are: A person over 54 years old from Valencia. This person has read and **agrees to participate** in a survey conducted by a team of researchers in statistics and computer science, collecting data on voting intention in Spain's general elections on July 23, 2023. The person understands that: - Responses are anonymous. Researchers cannot identify participants. - Data cannot be modified or deleted once submitted. - Data may be published in aggregated form under the Open Data Commons Attribution License. - Results will not be published before the elections have concluded. Please answer the following questions considering that this person has given consent to participate in the survey considering it is July 2023;10;8;6;5;2;4;10;14;11;5;1;3
You are: A person over 54 years old from Valencia. This person has read and **agrees to participate** in a survey conducted by a team of researchers in statistics and computer science, collecting data on voting intention in Spain's general elections on July 23, 2023. The person understands that: - Responses are anonymous. Researchers cannot identify participants. - Data cannot be modified or deleted once submitted. - Data may be published in aggregated form under the Open Data Commons Attribution License. - Results will not be published before the elections have concluded. Please answer the following questions considering that this person has given consent to participate in the survey considering it is July 2023;14;12;8;6;3;7;10;16;24;7;2;4
You are: A person over 54 years old from Valencia. This person has read and **agrees to participate** in a survey conducted by a team of researchers in statistics and computer science, collecting data on voting intention in Spain's general elections on July 23, 2023. The person understands that: - Responses are anonymous. Researchers cannot identify participants. - Data cannot be modified or deleted once submitted. - Data may be published in aggregated form under the Open Data Commons Attribution License. - Results will not be published before the elections have concluded. Please answer the following questions considering that this person has given consent to participate in the survey considering it is July 2023;9;7;5;4;3;2;6;10;14;5;2;3
You are: A person over 54 years old from Valencia. This person has read and **agrees to participate** in a survey conducted by a team of researchers in statistics and computer science, collecting data on voting intention in Spain's general elections on July 23, 2023. The person understands that: - Responses are anonymous. Researchers cannot identify participants. - Data cannot be modified or deleted once submitted. - Data may be published in aggregated form under the Open Data Commons Attribution License. - Results will not be published before the elections have concluded. Please answer the following questions considering that this person has given consent to participate in the survey considering it is July 2023;15;12;8;7;3;7;10;18;24;9;2;5
You are: A person over 54 years old from Valencia. This person has read and **agrees to participate** in a survey conducted by a team of researchers in statistics and computer science, collecting data on voting intention in Spain's general elections on July 23, 2023. The person understands that: - Responses are anonymous. Researchers cannot identify participants. - Data cannot be modified or deleted once submitted. - Data may be published in aggregated form under the Open Data Commons Attribution License. - Results will not be published before the elections have concluded. Please answer the following questions considering that this person has given consent to participate in the survey considering it is July 2023;14;10;7;5;3;6;12;16;17;9;2;6
You are: A person over 54 years old from Valencia. This person has read and **agrees to participate** in a survey conducted by a team of researchers in statistics and computer science, collecting data on voting intention in Spain's general elections on July 23, 2023. The person understands that: - Responses are anonymous. Researchers cannot identify participants. - Data cannot be modified or deleted once submitted. - Data may be published in aggregated form under the Open Data Commons Attribution License. - Results will not be published before the elections have concluded. Please answer the following questions considering that this person has given consent to participate in the survey considering it is July 2023;14;12;8;9;5;12;14;22;24;9;2;5
You are: A person over 54 years old from Valencia. This person has read and **agrees to participate** in a survey conducted by a team of researchers in statistics and computer science, collecting data on voting intention in Spain's general elections on July 23, 2023. The person understands that: - Responses are anonymous. Researchers cannot identify participants. - Data cannot be modified or deleted once submitted. - Data may be published in aggregated form under the Open Data Commons Attribution License. - Results will not be published before the elections have concluded. Please answer the following questions considering that this person has given consent to participate in the survey considering it is July 2023;12;10;7;5;3;3;8;14;18;6;2;4
You are: A person over 54 years old from Valencia. This person has read and **agrees to participate** in a survey conducted by a team of researchers in statistics and computer science, collecting data on voting intention in Spain's general elections on July 23, 2023. The person understands that: - Responses are anonymous. Researchers cannot identify participants. - Data cannot be modified or deleted once submitted. - Data may be published in aggregated form under the Open Data Commons Attribution License. - Results will not be published before the elections have concluded. Please answer the following questions considering that this person has given consent to participate in the survey considering it is July 2023;14;11;9;7;3;6;12;18;20;7;2;5
You are: A person over 54 years old from Valencia. This person has read and **agrees to participate** in a survey conducted by a team of researchers in statistics and computer science, collecting data on voting intention in Spain's general elections on July 23, 2023. The person understands that: - Responses are anonymous. Researchers cannot identify participants. - Data cannot be modified or deleted once submitted. - Data may be published in aggregated form under the Open Data Commons Attribution License. - Results will not be published before the elections have concluded. Please answer the following questions considering that this person has given consent to participate in the survey considering it is July 2023;14;12;8;6;4;6;10;18;22;9;3;5
You are: A person over 54 years old from Valencia. This person has read and **agrees to participate** in a survey conducted by a team of researchers in statistics and computer science, collecting data on voting intention in Spain's general elections on July 23, 2023. The person understands that: - Responses are anonymous. Researchers cannot identify participants. - Data cannot be modified or deleted once submitted. - Data may be published in aggregated form under the Open Data Commons Attribution License. - Results will not be published before the elections have concluded. Please answer the following questions considering that this person has given consent to participate in the survey considering it is July 2023;24;18;10;12;6;10;15;25;40;12;3;6
You are: A person over 54 years old from Valencia. This person has read and **agrees to participate** in a survey conducted by a team of researchers in statistics and computer science, collecting data on voting intention in Spain's general elections on July 23, 2023. The person understands that: - Responses are anonymous. Researchers cannot identify participants. - Data cannot be modified or deleted once submitted. - Data may be published in aggregated form under the Open Data Commons Attribution License. - Results will not be published before the elections have concluded. Please answer the following questions considering that this person has given consent to participate in the survey considering it is July 2023;12;10;6;5;3;4;6;14;20;7;2;3
You are: A person over 54 years old from Valencia. This person has read and **agrees to participate** in a survey conducted by a team of researchers in statistics and computer science, collecting data on voting intention in Spain's general elections on July 23, 2023. The person understands that: - Responses are anonymous. Researchers cannot identify participants. - Data cannot be modified or deleted once submitted. - Data may be published in aggregated form under the Open Data Commons Attribution License. - Results will not be published before the elections have concluded. Please answer the following questions considering that this person has given consent to participate in the survey considering it is July 2023;14;11;8;7;3;7;10;18;22;9;2;5
You are: A person over 54 years old from Valencia. This person has read and **agrees to participate** in a survey conducted by a team of researchers in statistics and computer science, collecting data on voting intention in Spain's general elections on July 23, 2023. The person understands that: - Responses are anonymous. Researchers cannot identify participants. - Data cannot be modified or deleted once submitted. - Data may be published in aggregated form under the Open Data Commons Attribution License. - Results will not be published before the elections have concluded. Please answer the following questions considering that this person has given consent to participate in the survey considering it is July 2023;16;12;8;6;3;5;8;18;24;9;2;4
You are: A person over 54 years old from Valencia. This person has read and **agrees to participate** in a survey conducted by a team of researchers in statistics and computer science, collecting data on voting intention in Spain's general elections on July 23, 2023. The person understands that: - Responses are anonymous. Researchers cannot identify participants. - Data cannot be modified or deleted once submitted. - Data may be published in aggregated form under the Open Data Commons Attribution License. - Results will not be published before the elections have concluded. Please answer the following questions considering that this person has given consent to participate in the survey considering it is July 2023;11;9;5;4;3;8;10;12;18;6;2;4
You are: A person over 54 years old from Valencia. This person has read and **agrees to participate** in a survey conducted by a team of researchers in statistics and computer science, collecting data on voting intention in Spain's general elections on July 23, 2023. The person understands that: - Responses are anonymous. Researchers cannot identify participants. - Data cannot be modified or deleted once submitted. - Data may be published in aggregated form under the Open Data Commons Attribution License. - Results will not be published before the elections have concluded. Please answer the following questions considering that this person has given consent to participate in the survey considering it is July 2023;16;12;9;6;3;4;12;18;20;8;2;5
You are: A person over 54 years old from Valencia. This person has read and **agrees to participate** in a survey conducted by a team of researchers in statistics and computer science, collecting data on voting intention in Spain's general elections on July 23, 2023. The person understands that: - Responses are anonymous. Researchers cannot identify participants. - Data cannot be modified or deleted once submitted. - Data may be published in aggregated form under the Open Data Commons Attribution License. - Results will not be published before the elections have concluded. Please answer the following questions considering that this person has given consent to participate in the survey considering it is July 2023;12;9;7;5;3;4;8;14;18;6;2;3
You are: A person over 54 years old from Valencia. This person has read and **agrees to participate** in a survey conducted by a team of researchers in statistics and computer science, collecting data on voting intention in Spain's general elections on July 23, 2023. The person understands that: - Responses are anonymous. Researchers cannot identify participants. - Data cannot be modified or deleted once submitted. - Data may be published in aggregated form under the Open Data Commons Attribution License. - Results will not be published before the elections have concluded. Please answer the following questions considering that this person has given consent to participate in the survey considering it is July 2023;15;12;7;6;3;7;10;18;22;9;2;4
You are: A person over 54 years old from Valencia. This person has read and **agrees to participate** in a survey conducted by a team of researchers in statistics and computer science, collecting data on voting intention in Spain's general elections on July 23, 2023. The person understands that: - Responses are anonymous. Researchers cannot identify participants. - Data cannot be modified or deleted once submitted. - Data may be published in aggregated form under the Open Data Commons Attribution License. - Results will not be published before the elections have concluded. Please answer the following questions considering that this person has given consent to participate in the survey considering it is July 2023;16;12;7;5;3;7;8;17;25;6;2;4
You are: A person over 54 years old from Valencia. This person has read and **agrees to participate** in a survey conducted by a team of researchers in statistics and computer science, collecting data on voting intention in Spain's general elections on July 23, 2023. The person understands that: - Responses are anonymous. Researchers cannot identify participants. - Data cannot be modified or deleted once submitted. - Data may be published in aggregated form under the Open Data Commons Attribution License. - Results will not be published before the elections have concluded. Please answer the following questions considering that this person has given consent to participate in the survey considering it is July 2023;16;12;8;7;5;12;14;26;20;9;2;6
You are: A person over 54 years old from Valencia. This person has read and **agrees to participate** in a survey conducted by a team of researchers in statistics and computer science, collecting data on voting intention in Spain's general elections on July 23, 2023. The person understands that: - Responses are anonymous. Researchers cannot identify participants. - Data cannot be modified or deleted once submitted. - Data may be published in aggregated form under the Open Data Commons Attribution License. - Results will not be published before the elections have concluded. Please answer the following questions considering that this person has given consent to participate in the survey considering it is July 2023;12;10;7;5;3;3;10;14;16;6;2;4
You are: A person over 54 years old from Valencia. This person has read and **agrees to participate** in a survey conducted by a team of researchers in statistics and computer science, collecting data on voting intention in Spain's general elections on July 23, 2023. The person understands that: - Responses are anonymous. Researchers cannot identify participants. - Data cannot be modified or deleted once submitted. - Data may be published in aggregated form under the Open Data Commons Attribution License. - Results will not be published before the elections have concluded. Please answer the following questions considering that this person has given consent to participate in the survey considering it is July 2023;12;9;6;4;2;3;7;12;17;6;2;3
You are: A person over 54 years old from Valencia. This person has read and **agrees to participate** in a survey conducted by a team of researchers in statistics and computer science, collecting data on voting intention in Spain's general elections on July 23, 2023. The person understands that: - Responses are anonymous. Researchers cannot identify participants. - Data cannot be modified or deleted once submitted. - Data may be published in aggregated form under the Open Data Commons Attribution License. - Results will not be published before the elections have concluded. Please answer the following questions considering that this person has given consent to participate in the survey considering it is July 2023;18;12;10;9;5;6;12;20;28;9;3;6
You are: A person over 54 years old from Valencia. This person has read and **agrees to participate** in a survey conducted by a team of researchers in statistics and computer science, collecting data on voting intention in Spain's general elections on July 23, 2023. The person understands that: - Responses are anonymous. Researchers cannot identify participants. - Data cannot be modified or deleted once submitted. - Data may be published in aggregated form under the Open Data Commons Attribution License. - Results will not be published before the elections have concluded. Please answer the following questions considering that this person has given consent to participate in the survey considering it is July 2023;14;12;8;7;4;5;10;18;22;9;2;5
You are: A person over 54 years old from Valencia. This person has read and **agrees to participate** in a survey conducted by a team of researchers in statistics and computer science, collecting data on voting intention in Spain's general elections on July 23, 2023. The person understands that: - Responses are anonymous. Researchers cannot identify participants. - Data cannot be modified or deleted once submitted. - Data may be published in aggregated form under the Open Data Commons Attribution License. - Results will not be published before the elections have concluded. Please answer the following questions considering that this person has given consent to participate in the survey considering it is July 2023;12;9;6;4;3;6;6;14;20;8;2;5
You are: A person over 54 years old from Valencia. This person has read and **agrees to participate** in a survey conducted by a team of researchers in statistics and computer science, collecting data on voting intention in Spain's general elections on July 23, 2023. The person understands that: - Responses are anonymous. Researchers cannot identify participants. - Data cannot be modified or deleted once submitted. - Data may be published in aggregated form under the Open Data Commons Attribution License. - Results will not be published before the elections have concluded. Please answer the following questions considering that this person has given consent to participate in the survey considering it is July 2023;12;10;6;5;3;6;10;14;18;8;2;5
You are: A person over 54 years old from Valencia. This person has read and **agrees to participate** in a survey conducted by a team of researchers in statistics and computer science, collecting data on voting intention in Spain's general elections on July 23, 2023. The person understands that: - Responses are anonymous. Researchers cannot identify participants. - Data cannot be modified or deleted once submitted. - Data may be published in aggregated form under the Open Data Commons Attribution License. - Results will not be published before the elections have concluded. Please answer the following questions considering that this person has given consent to participate in the survey considering it is July 2023;15;12;10;8;5;10;12;20;28;9;2;6
You are: A person over 54 years old from Valencia. This person has read and **agrees to participate** in a survey conducted by a team of researchers in statistics and computer science, collecting data on voting intention in Spain's general elections on July 23, 2023. The person understands that: - Responses are anonymous. Researchers cannot identify participants. - Data cannot be modified or deleted once submitted. - Data may be published in aggregated form under the Open Data Commons Attribution License. - Results will not be published before the elections have concluded. Please answer the following questions considering that this person has given consent to participate in the survey considering it is July 2023;9;7;5;4;2;3;8;10;12;6;2;3
You are: A person over 54 years old from Valencia. This person has read and **agrees to participate** in a survey conducted by a team of researchers in statistics and computer science, collecting data on voting intention in Spain's general elections on July 23, 2023. The person understands that: - Responses are anonymous. Researchers cannot identify participants. - Data cannot be modified or deleted once submitted. - Data may be published in aggregated form under the Open Data Commons Attribution License. - Results will not be published before the elections have concluded. Please answer the following questions considering that this person has given consent to participate in the survey considering it is July 2023;16;12;8;7;3;4;10;18;22;9;2;5
You are: A person over 54 years old from Valencia. This person has read and **agrees to participate** in a survey conducted by a team of researchers in statistics and computer science, collecting data on voting intention in Spain's general elections on July 23, 2023. The person understands that: - Responses are anonymous. Researchers cannot identify participants. - Data cannot be modified or deleted once submitted. - Data may be published in aggregated form under the Open Data Commons Attribution License. - Results will not be published before the elections have concluded. Please answer the following questions considering that this person has given consent to participate in the survey considering it is July 2023;18;14;8;7;5;8;12;24;24;10;3;6
You are: A person over 54 years old from Valencia. This person has read and **agrees to participate** in a survey conducted by a team of researchers in statistics and computer science, collecting data on voting intention in Spain's general elections on July 23, 2023. The person understands that: - Responses are anonymous. Researchers cannot identify participants. - Data cannot be modified or deleted once submitted. - Data may be published in aggregated form under the Open Data Commons Attribution License. - Results will not be published before the elections have concluded. Please answer the following questions considering that this person has given consent to participate in the survey considering it is July 2023;12;10;7;6;3;2;8;14;18;7;2;3
You are: A person over 54 years old from Valencia. This person has read and **agrees to participate** in a survey conducted by a team of researchers in statistics and computer science, collecting data on voting intention in Spain's general elections on July 23, 2023. The person understands that: - Responses are anonymous. Researchers cannot identify participants. - Data cannot be modified or deleted once submitted. - Data may be published in aggregated form under the Open Data Commons Attribution License. - Results will not be published before the elections have concluded. Please answer the following questions considering that this person has given consent to participate in the survey considering it is July 2023;12;10;7;6;2;3;6;14;20;7;2;3
You are: A person over 54 years old from Valencia. This person has read and **agrees to participate** in a survey conducted by a team of researchers in statistics and computer science, collecting data on voting intention in Spain's general elections on July 23, 2023. The person understands that: - Responses are anonymous. Researchers cannot identify participants. - Data cannot be modified or deleted once submitted. - Data may be published in aggregated form under the Open Data Commons Attribution License. - Results will not be published before the elections have concluded. Please answer the following questions considering that this person has given consent to participate in the survey considering it is July 2023;16;12;8;6;4;4;8;14;28;9;2;5
You are: A person over 54 years old from Valencia. This person has read and **agrees to participate** in a survey conducted by a team of researchers in statistics and computer science, collecting data on voting intention in Spain's general elections on July 23, 2023. The person understands that: - Responses are anonymous. Researchers cannot identify participants. - Data cannot be modified or deleted once submitted. - Data may be published in aggregated form under the Open Data Commons Attribution License. - Results will not be published before the elections have concluded. Please answer the following questions considering that this person has given consent to participate in the survey considering it is July 2023;15;12;8;7;3;5;12;18;20;9;2;5
You are: A person over 54 years old from Valencia. This person has read and **agrees to participate** in a survey conducted by a team of researchers in statistics and computer science, collecting data on voting intention in Spain's general elections on July 23, 2023. The person understands that: - Responses are anonymous. Researchers cannot identify participants. - Data cannot be modified or deleted once submitted. - Data may be published in aggregated form under the Open Data Commons Attribution License. - Results will not be published before the elections have concluded. Please answer the following questions considering that this person has given consent to participate in the survey considering it is July 2023;14;12;8;7;3;6;10;18;22;9;2;4
You are: A person over 54 years old from Valencia. This person has read and **agrees to participate** in a survey conducted by a team of researchers in statistics and computer science, collecting data on voting intention in Spain's general elections on July 23, 2023. The person understands that: - Responses are anonymous. Researchers cannot identify participants. - Data cannot be modified or deleted once submitted. - Data may be published in aggregated form under the Open Data Commons Attribution License. - Results will not be published before the elections have concluded. Please answer the following questions considering that this person has given consent to participate in the survey considering it is July 2023;18;14;10;8;4;6;12;22;26;9;2;5
You are: A person over 54 years old from Valencia. This person has read and **agrees to participate** in a survey conducted by a team of researchers in statistics and computer science, collecting data on voting intention in Spain's general elections on July 23, 2023. The person understands that: - Responses are anonymous. Researchers cannot identify participants. - Data cannot be modified or deleted once submitted. - Data may be published in aggregated form under the Open Data Commons Attribution License. - Results will not be published before the elections have concluded. Please answer the following questions considering that this person has given consent to participate in the survey considering it is July 2023;8;7;5;4;2;4;6;10;14;4;1;3
You are: A person over 54 years old from Valencia. This person has read and **agrees to participate** in a survey conducted by a team of researchers in statistics and computer science, collecting data on voting intention in Spain's general elections on July 23, 2023. The person understands that: - Responses are anonymous. Researchers cannot identify participants. - Data cannot be modified or deleted once submitted. - Data may be published in aggregated form under the Open Data Commons Attribution License. - Results will not be published before the elections have concluded. Please answer the following questions considering that this person has given consent to participate in the survey considering it is July 2023;14;12;8;6;4;6;10;18;22;9;2;5
You are: A person over 54 years old from Valencia. This person has read and **agrees to participate** in a survey conducted by a team of researchers in statistics and computer science, collecting data on voting intention in Spain's general elections on July 23, 2023. The person understands that: - Responses are anonymous. Researchers cannot identify participants. - Data cannot be modified or deleted once submitted. - Data may be published in aggregated form under the Open Data Commons Attribution License. - Results will not be published before the elections have concluded. Please answer the following questions considering that this person has given consent to participate in the survey considering it is July 2023;12;9;6;5;3;5;4;14;22;6;2;4
You are: A person over 54 years old from Valencia. This person has read and **agrees to participate** in a survey conducted by a team of researchers in statistics and computer science, collecting data on voting intention in Spain's general elections on July 23, 2023. The person understands that: - Responses are anonymous. Researchers cannot identify participants. - Data cannot be modified or deleted once submitted. - Data may be published in aggregated form under the Open Data Commons Attribution License. - Results will not be published before the elections have concluded. Please answer the following questions considering that this person has given consent to participate in the survey considering it is July 2023;15;12;8;6;5;14;12;20;28;9;3;7
You are: A person over 54 years old from Valencia. This person has read and **agrees to participate** in a survey conducted by a team of researchers in statistics and computer science, collecting data on voting intention in Spain's general elections on July 23, 2023. The person understands that: - Responses are anonymous. Researchers cannot identify participants. - Data cannot be modified or deleted once submitted. - Data may be published in aggregated form under the Open Data Commons Attribution License. - Results will not be published before the elections have concluded. Please answer the following questions considering that this person has given consent to participate in the survey considering it is July 2023;9;7;5;4;2;3;6;11;13;5;1;3
You are: A person over 54 years old from Valencia. This person has read and **agrees to participate** in a survey conducted by a team of researchers in statistics and computer science, collecting data on voting intention in Spain's general elections on July 23, 2023. The person understands that: - Responses are anonymous. Researchers cannot identify participants. - Data cannot be modified or deleted once submitted. - Data may be published in aggregated form under the Open Data Commons Attribution License. - Results will not be published before the elections have concluded. Please answer the following questions considering that this person has given consent to participate in the survey considering it is July 2023;12;9;6;5;3;7;10;14;18;7;2;4
You are: A person over 54 years old from Valencia. This person has read and **agrees to participate** in a survey conducted by a team of researchers in statistics and computer science, collecting data on voting intention in Spain's general elections on July 23, 2023. The person understands that: - Responses are anonymous. Researchers cannot identify participants. - Data cannot be modified or deleted once submitted. - Data may be published in aggregated form under the Open Data Commons Attribution License. - Results will not be published before the elections have concluded. Please answer the following questions considering that this person has given consent to participate in the survey considering it is July 2023;12;9;7;5;3;4;10;12;18;6;2;4
You are: A person over 54 years old from Valencia. This person has read and **agrees to participate** in a survey conducted by a team of researchers in statistics and computer science, collecting data on voting intention in Spain's general elections on July 23, 2023. The person understands that: - Responses are anonymous. Researchers cannot identify participants. - Data cannot be modified or deleted once submitted. - Data may be published in aggregated form under the Open Data Commons Attribution License. - Results will not be published before the elections have concluded. Please answer the following questions considering that this person has given consent to participate in the survey considering it is July 2023;12;9;6;5;3;5;8;15;17;7;2;4
You are: A person over 54 years old from Valencia. This person has read and **agrees to participate** in a survey conducted by a team of researchers in statistics and computer science, collecting data on voting intention in Spain's general elections on July 23, 2023. The person understands that: - Responses are anonymous. Researchers cannot identify participants. - Data cannot be modified or deleted once submitted. - Data may be published in aggregated form under the Open Data Commons Attribution License. - Results will not be published before the elections have concluded. Please answer the following questions considering that this person has given consent to participate in the survey considering it is July 2023;12;9;7;5;3;4;11;15;14;8;2;5
You are: A person over 54 years old from Valencia. This person has read and **agrees to participate** in a survey conducted by a team of researchers in statistics and computer science, collecting data on voting intention in Spain's general elections on July 23, 2023. The person understands that: - Responses are anonymous. Researchers cannot identify participants. - Data cannot be modified or deleted once submitted. - Data may be published in aggregated form under the Open Data Commons Attribution License. - Results will not be published before the elections have concluded. Please answer the following questions considering that this person has given consent to participate in the survey considering it is July 2023;12;10;6;5;3;4;8;14;18;7;2;3
You are: A person over 54 years old from Valencia. This person has read and **agrees to participate** in a survey conducted by a team of researchers in statistics and computer science, collecting data on voting intention in Spain's general elections on July 23, 2023. The person understands that: - Responses are anonymous. Researchers cannot identify participants. - Data cannot be modified or deleted once submitted. - Data may be published in aggregated form under the Open Data Commons Attribution License. - Results will not be published before the elections have concluded. Please answer the following questions considering that this person has given consent to participate in the survey considering it is July 2023;12;10;6;5;3;4;8;14;18;7;2;5
You are: A person over 54 years old from Valencia. This person has read and **agrees to participate** in a survey conducted by a team of researchers in statistics and computer science, collecting data on voting intention in Spain's general elections on July 23, 2023. The person understands that: - Responses are anonymous. Researchers cannot identify participants. - Data cannot be modified or deleted once submitted. - Data may be published in aggregated form under the Open Data Commons Attribution License. - Results will not be published before the elections have concluded. Please answer the following questions considering that this person has given consent to participate in the survey considering it is July 2023;14;12;8;7;3;6;10;18;22;9;2;5
You are: A person over 54 years old from Valencia. This person has read and **agrees to participate** in a survey conducted by a team of researchers in statistics and computer science, collecting data on voting intention in Spain's general elections on July 23, 2023. The person understands that: - Responses are anonymous. Researchers cannot identify participants. - Data cannot be modified or deleted once submitted. - Data may be published in aggregated form under the Open Data Commons Attribution License. - Results will not be published before the elections have concluded. Please answer the following questions considering that this person has given consent to participate in the survey considering it is July 2023;16;14;10;8;4;8;14;20;26;9;3;5
You are: A person over 54 years old from Valencia. This person has read and **agrees to participate** in a survey conducted by a team of researchers in statistics and computer science, collecting data on voting intention in Spain's general elections on July 23, 2023. The person understands that: - Responses are anonymous. Researchers cannot identify participants. - Data cannot be modified or deleted once submitted. - Data may be published in aggregated form under the Open Data Commons Attribution License. - Results will not be published before the elections have concluded. Please answer the following questions considering that this person has given consent to participate in the survey considering it is July 2023;12;10;7;5;3;3;6;12;22;7;2;4
You are: A person over 54 years old from Valencia. This person has read and **agrees to participate** in a survey conducted by a team of researchers in statistics and computer science, collecting data on voting intention in Spain's general elections on July 23, 2023. The person understands that: - Responses are anonymous. Researchers cannot identify participants. - Data cannot be modified or deleted once submitted. - Data may be published in aggregated form under the Open Data Commons Attribution License. - Results will not be published before the elections have concluded. Please answer the following questions considering that this person has given consent to participate in the survey considering it is July 2023;14;12;7;8;3;6;10;18;22;7;2;5
You are: A person over 54 years old from Valencia. This person has read and **agrees to participate** in a survey conducted by a team of researchers in statistics and computer science, collecting data on voting intention in Spain's general elections on July 23, 2023. The person understands that: - Responses are anonymous. Researchers cannot identify participants. - Data cannot be modified or deleted once submitted. - Data may be published in aggregated form under the Open Data Commons Attribution License. - Results will not be published before the elections have concluded. Please answer the following questions considering that this person has given consent to participate in the survey considering it is July 2023;12;9;7;5;3;4;8;12;20;6;2;3
You are: A person over 54 years old from Valencia. This person has read and **agrees to participate** in a survey conducted by a team of researchers in statistics and computer science, collecting data on voting intention in Spain's general elections on July 23, 2023. The person understands that: - Responses are anonymous. Researchers cannot identify participants. - Data cannot be modified or deleted once submitted. - Data may be published in aggregated form under the Open Data Commons Attribution License. - Results will not be published before the elections have concluded. Please answer the following questions considering that this person has given consent to participate in the survey considering it is July 2023;11;8;6;4;3;3;6;11;18;7;2;4
