role;pp;psoe;vox;sumar;blank;q6;age.18.34;age.35.54;age.over54;independent;doctor;unemployed
You are: A person between 18  and  24 years old from Andalucia and your income is: Under 22.000 euros anuales. This person has read and agrees to participate in a survey conducted by a team of researchers in statistics and computer science, collecting data on voting intention in Spain's general elections on July 23, 2023. The person understands that: - Responses are anonymous. Researchers cannot identify participants. - Data cannot be modified or deleted once submitted. - Data may be published in aggregated form under the Open Data Commons Attribution License. - Results will not be published before the elections have concluded. Please answer the following questions considering that this person has given consent to participate in the survey considering it is July 2023, 7);5;15;10;3;12;20;30;20;10;5;3;7
You are: A person between 18  and  24 years old from Andalucia and your income is: Under 22.000 euros anuales. This person has read and agrees to participate in a survey conducted by a team of researchers in statistics and computer science, collecting data on voting intention in Spain's general elections on July 23, 2023. The person understands that: - Responses are anonymous. Researchers cannot identify participants. - Data cannot be modified or deleted once submitted. - Data may be published in aggregated form under the Open Data Commons Attribution License. - Results will not be published before the elections have concluded. Please answer the following questions considering that this person has given consent to participate in the survey considering it is July 2023, 7);5;10;2;0;3;10;18;6;6;4;1;5
You are: A person between 18  and  24 years old from Andalucia and your income is: Under 22.000 euros anuales. This person has read and agrees to participate in a survey conducted by a team of researchers in statistics and computer science, collecting data on voting intention in Spain's general elections on July 23, 2023. The person understands that: - Responses are anonymous. Researchers cannot identify participants. - Data cannot be modified or deleted once submitted. - Data may be published in aggregated form under the Open Data Commons Attribution License. - Results will not be published before the elections have concluded. Please answer the following questions considering that this person has given consent to participate in the survey considering it is July 2023, 7);5;10;3;2;7;10;15;15;7;5;2;8
You are: A person between 18  and  24 years old from Andalucia and your income is: Under 22.000 euros anuales. This person has read and agrees to participate in a survey conducted by a team of researchers in statistics and computer science, collecting data on voting intention in Spain's general elections on July 23, 2023. The person understands that: - Responses are anonymous. Researchers cannot identify participants. - Data cannot be modified or deleted once submitted. - Data may be published in aggregated form under the Open Data Commons Attribution License. - Results will not be published before the elections have concluded. Please answer the following questions considering that this person has given consent to participate in the survey considering it is July 2023, 7);5;10;2;3;4;6;15;7;8;2;1;5
You are: A person between 18  and  24 years old from Andalucia and your income is: Under 22.000 euros anuales. This person has read and agrees to participate in a survey conducted by a team of researchers in statistics and computer science, collecting data on voting intention in Spain's general elections on July 23, 2023. The person understands that: - Responses are anonymous. Researchers cannot identify participants. - Data cannot be modified or deleted once submitted. - Data may be published in aggregated form under the Open Data Commons Attribution License. - Results will not be published before the elections have concluded. Please answer the following questions considering that this person has given consent to participate in the survey considering it is July 2023, 7);4;12;2;5;3;6;15;10;7;1;0;4
You are: A person between 18  and  24 years old from Andalucia and your income is: Under 22.000 euros anuales. This person has read and agrees to participate in a survey conducted by a team of researchers in statistics and computer science, collecting data on voting intention in Spain's general elections on July 23, 2023. The person understands that: - Responses are anonymous. Researchers cannot identify participants. - Data cannot be modified or deleted once submitted. - Data may be published in aggregated form under the Open Data Commons Attribution License. - Results will not be published before the elections have concluded. Please answer the following questions considering that this person has given consent to participate in the survey considering it is July 2023, 7);7;15;3;2;10;5;20;10;2;5;1;4
You are: A person between 18  and  24 years old from Andalucia and your income is: Under 22.000 euros anuales. This person has read and agrees to participate in a survey conducted by a team of researchers in statistics and computer science, collecting data on voting intention in Spain's general elections on July 23, 2023. The person understands that: - Responses are anonymous. Researchers cannot identify participants. - Data cannot be modified or deleted once submitted. - Data may be published in aggregated form under the Open Data Commons Attribution License. - Results will not be published before the elections have concluded. Please answer the following questions considering that this person has given consent to participate in the survey considering it is July 2023, 7);5;15;10;2;8;20;25;15;10;5;3;10
You are: A person between 18  and  24 years old from Andalucia and your income is: Between 22.000 and 43.999 euros anuales. This person has read and agrees to participate in a survey conducted by a team of researchers in statistics and computer science, collecting data on voting intention in Spain's general elections on July 23, 2023. The person understands that: - Responses are anonymous. Researchers cannot identify participants. - Data cannot be modified or deleted once submitted. - Data may be published in aggregated form under the Open Data Commons Attribution License. - Results will not be published before the elections have concluded. Please answer the following questions considering that this person has given consent to participate in the survey considering it is July 2023, 3);5;15;3;2;5;10;25;10;5;7;3;10
You are: A person between 18  and  24 years old from Andalucia and your income is: Between 22.000 and 43.999 euros anuales. This person has read and agrees to participate in a survey conducted by a team of researchers in statistics and computer science, collecting data on voting intention in Spain's general elections on July 23, 2023. The person understands that: - Responses are anonymous. Researchers cannot identify participants. - Data cannot be modified or deleted once submitted. - Data may be published in aggregated form under the Open Data Commons Attribution License. - Results will not be published before the elections have concluded. Please answer the following questions considering that this person has given consent to participate in the survey considering it is July 2023, 3);10;15;5;2;8;10;30;10;7;4;2;6
You are: A person between 18  and  24 years old from Andalucia and your income is: Between 22.000 and 43.999 euros anuales. This person has read and agrees to participate in a survey conducted by a team of researchers in statistics and computer science, collecting data on voting intention in Spain's general elections on July 23, 2023. The person understands that: - Responses are anonymous. Researchers cannot identify participants. - Data cannot be modified or deleted once submitted. - Data may be published in aggregated form under the Open Data Commons Attribution License. - Results will not be published before the elections have concluded. Please answer the following questions considering that this person has given consent to participate in the survey considering it is July 2023, 3);10;30;5;2;25;20;45;35;12;15;3;10
You are: A person between 18  and  24 years old from Andalucia and your income is: Between 66.000 and 87.999 euros anuales. This person has read and agrees to participate in a survey conducted by a team of researchers in statistics and computer science, collecting data on voting intention in Spain's general elections on July 23, 2023. The person understands that: - Responses are anonymous. Researchers cannot identify participants. - Data cannot be modified or deleted once submitted. - Data may be published in aggregated form under the Open Data Commons Attribution License. - Results will not be published before the elections have concluded. Please answer the following questions considering that this person has given consent to participate in the survey considering it is July 2023, 3);5;20;2;0;3;10;18;15;7;5;2;3
You are: A person between 18  and  24 years old from Andalucia and your income is: Between 66.000 and 87.999 euros anuales. This person has read and agrees to participate in a survey conducted by a team of researchers in statistics and computer science, collecting data on voting intention in Spain's general elections on July 23, 2023. The person understands that: - Responses are anonymous. Researchers cannot identify participants. - Data cannot be modified or deleted once submitted. - Data may be published in aggregated form under the Open Data Commons Attribution License. - Results will not be published before the elections have concluded. Please answer the following questions considering that this person has given consent to participate in the survey considering it is July 2023, 3);15;30;5;0;10;40;70;20;10;5;2;15
You are: A person between 18  and  24 years old from Andalucia and your income is: Between 66.000 and 87.999 euros anuales. This person has read and agrees to participate in a survey conducted by a team of researchers in statistics and computer science, collecting data on voting intention in Spain's general elections on July 23, 2023. The person understands that: - Responses are anonymous. Researchers cannot identify participants. - Data cannot be modified or deleted once submitted. - Data may be published in aggregated form under the Open Data Commons Attribution License. - Results will not be published before the elections have concluded. Please answer the following questions considering that this person has given consent to participate in the survey considering it is July 2023, 3);5;15;2;3;10;20;28;15;12;10;2;5
You are: A person between 18  and  24 years old from Andalucia and your income is: Prefer not to say. This person has read and agrees to participate in a survey conducted by a team of researchers in statistics and computer science, collecting data on voting intention in Spain's general elections on July 23, 2023. The person understands that: - Responses are anonymous. Researchers cannot identify participants. - Data cannot be modified or deleted once submitted. - Data may be published in aggregated form under the Open Data Commons Attribution License. - Results will not be published before the elections have concluded. Please answer the following questions considering that this person has given consent to participate in the survey considering it is July 2023, 6);5;10;2;0;3;5;10;8;7;3;1;4
You are: A person between 18  and  24 years old from Andalucia and your income is: Prefer not to say. This person has read and agrees to participate in a survey conducted by a team of researchers in statistics and computer science, collecting data on voting intention in Spain's general elections on July 23, 2023. The person understands that: - Responses are anonymous. Researchers cannot identify participants. - Data cannot be modified or deleted once submitted. - Data may be published in aggregated form under the Open Data Commons Attribution License. - Results will not be published before the elections have concluded. Please answer the following questions considering that this person has given consent to participate in the survey considering it is July 2023, 6);3;5;1;0;2;4;9;4;2;3;1;2
You are: A person between 18  and  24 years old from Andalucia and your income is: Prefer not to say. This person has read and agrees to participate in a survey conducted by a team of researchers in statistics and computer science, collecting data on voting intention in Spain's general elections on July 23, 2023. The person understands that: - Responses are anonymous. Researchers cannot identify participants. - Data cannot be modified or deleted once submitted. - Data may be published in aggregated form under the Open Data Commons Attribution License. - Results will not be published before the elections have concluded. Please answer the following questions considering that this person has given consent to participate in the survey considering it is July 2023, 6);8;12;3;1;6;10;15;10;5;5;2;8
You are: A person between 18  and  24 years old from Andalucia and your income is: Prefer not to say. This person has read and agrees to participate in a survey conducted by a team of researchers in statistics and computer science, collecting data on voting intention in Spain's general elections on July 23, 2023. The person understands that: - Responses are anonymous. Researchers cannot identify participants. - Data cannot be modified or deleted once submitted. - Data may be published in aggregated form under the Open Data Commons Attribution License. - Results will not be published before the elections have concluded. Please answer the following questions considering that this person has given consent to participate in the survey considering it is July 2023, 6);5;10;3;2;7;8;15;10;5;3;1;6
You are: A person between 18  and  24 years old from Andalucia and your income is: Prefer not to say. This person has read and agrees to participate in a survey conducted by a team of researchers in statistics and computer science, collecting data on voting intention in Spain's general elections on July 23, 2023. The person understands that: - Responses are anonymous. Researchers cannot identify participants. - Data cannot be modified or deleted once submitted. - Data may be published in aggregated form under the Open Data Commons Attribution License. - Results will not be published before the elections have concluded. Please answer the following questions considering that this person has given consent to participate in the survey considering it is July 2023, 6);15;20;5;8;12;40;30;25;20;10;2;8
You are: A person between 25  and  34 years old from Andalucia and your income is: Between 88.000 and 109.999 euros anuales. This person has read and agrees to participate in a survey conducted by a team of researchers in statistics and computer science, collecting data on voting intention in Spain's general elections on July 23, 2023. The person understands that: - Responses are anonymous. Researchers cannot identify participants. - Data cannot be modified or deleted once submitted. - Data may be published in aggregated form under the Open Data Commons Attribution License. - Results will not be published before the elections have concluded. Please answer the following questions considering that this person has given consent to participate in the survey considering it is July 2023, 2);10;15;5;8;12;20;30;25;10;15;8;12
You are: A person between 25  and  34 years old from Andalucia and your income is: Between 88.000 and 109.999 euros anuales. This person has read and agrees to participate in a survey conducted by a team of researchers in statistics and computer science, collecting data on voting intention in Spain's general elections on July 23, 2023. The person understands that: - Responses are anonymous. Researchers cannot identify participants. - Data cannot be modified or deleted once submitted. - Data may be published in aggregated form under the Open Data Commons Attribution License. - Results will not be published before the elections have concluded. Please answer the following questions considering that this person has given consent to participate in the survey considering it is July 2023, 2);15;18;10;5;10;20;30;20;20;15;5;8
You are: A person between 25  and  34 years old from Andalucia and your income is: Between 110.000 and 131.999 euros anuales. This person has read and agrees to participate in a survey conducted by a team of researchers in statistics and computer science, collecting data on voting intention in Spain's general elections on July 23, 2023. The person understands that: - Responses are anonymous. Researchers cannot identify participants. - Data cannot be modified or deleted once submitted. - Data may be published in aggregated form under the Open Data Commons Attribution License. - Results will not be published before the elections have concluded. Please answer the following questions considering that this person has given consent to participate in the survey considering it is July 2023, 1);10;20;5;7;8;12;15;25;7;5;3;2
You are: A person between 25  and  34 years old from Andalucia and your income is: Under 22.000 euros anuales. This person has read and agrees to participate in a survey conducted by a team of researchers in statistics and computer science, collecting data on voting intention in Spain's general elections on July 23, 2023. The person understands that: - Responses are anonymous. Researchers cannot identify participants. - Data cannot be modified or deleted once submitted. - Data may be published in aggregated form under the Open Data Commons Attribution License. - Results will not be published before the elections have concluded. Please answer the following questions considering that this person has given consent to participate in the survey considering it is July 2023, 9);3;7;1;5;8;6;10;4;2;0;1;4
You are: A person between 25  and  34 years old from Andalucia and your income is: Under 22.000 euros anuales. This person has read and agrees to participate in a survey conducted by a team of researchers in statistics and computer science, collecting data on voting intention in Spain's general elections on July 23, 2023. The person understands that: - Responses are anonymous. Researchers cannot identify participants. - Data cannot be modified or deleted once submitted. - Data may be published in aggregated form under the Open Data Commons Attribution License. - Results will not be published before the elections have concluded. Please answer the following questions considering that this person has given consent to participate in the survey considering it is July 2023, 9);10;20;5;3;8;7;25;15;10;6;4;8
You are: A person between 25  and  34 years old from Andalucia and your income is: Under 22.000 euros anuales. This person has read and agrees to participate in a survey conducted by a team of researchers in statistics and computer science, collecting data on voting intention in Spain's general elections on July 23, 2023. The person understands that: - Responses are anonymous. Researchers cannot identify participants. - Data cannot be modified or deleted once submitted. - Data may be published in aggregated form under the Open Data Commons Attribution License. - Results will not be published before the elections have concluded. Please answer the following questions considering that this person has given consent to participate in the survey considering it is July 2023, 9);15;30;10;5;20;20;40;30;30;10;3;20
You are: A person between 25  and  34 years old from Andalucia and your income is: Under 22.000 euros anuales. This person has read and agrees to participate in a survey conducted by a team of researchers in statistics and computer science, collecting data on voting intention in Spain's general elections on July 23, 2023. The person understands that: - Responses are anonymous. Researchers cannot identify participants. - Data cannot be modified or deleted once submitted. - Data may be published in aggregated form under the Open Data Commons Attribution License. - Results will not be published before the elections have concluded. Please answer the following questions considering that this person has given consent to participate in the survey considering it is July 2023, 9);5;10;2;1;7;5;13;10;2;4;2;6
You are: A person between 25  and  34 years old from Andalucia and your income is: Under 22.000 euros anuales. This person has read and agrees to participate in a survey conducted by a team of researchers in statistics and computer science, collecting data on voting intention in Spain's general elections on July 23, 2023. The person understands that: - Responses are anonymous. Researchers cannot identify participants. - Data cannot be modified or deleted once submitted. - Data may be published in aggregated form under the Open Data Commons Attribution License. - Results will not be published before the elections have concluded. Please answer the following questions considering that this person has given consent to participate in the survey considering it is July 2023, 9);5;15;2;1;10;7;18;12;10;4;3;6
You are: A person between 25  and  34 years old from Andalucia and your income is: Under 22.000 euros anuales. This person has read and agrees to participate in a survey conducted by a team of researchers in statistics and computer science, collecting data on voting intention in Spain's general elections on July 23, 2023. The person understands that: - Responses are anonymous. Researchers cannot identify participants. - Data cannot be modified or deleted once submitted. - Data may be published in aggregated form under the Open Data Commons Attribution License. - Results will not be published before the elections have concluded. Please answer the following questions considering that this person has given consent to participate in the survey considering it is July 2023, 9);5;12;3;2;8;10;15;10;5;4;2;6
You are: A person between 25  and  34 years old from Andalucia and your income is: Under 22.000 euros anuales. This person has read and agrees to participate in a survey conducted by a team of researchers in statistics and computer science, collecting data on voting intention in Spain's general elections on July 23, 2023. The person understands that: - Responses are anonymous. Researchers cannot identify participants. - Data cannot be modified or deleted once submitted. - Data may be published in aggregated form under the Open Data Commons Attribution License. - Results will not be published before the elections have concluded. Please answer the following questions considering that this person has given consent to participate in the survey considering it is July 2023, 9);3;5;2;7;3;10;13;7;5;4;2;3
You are: A person between 25  and  34 years old from Andalucia and your income is: Under 22.000 euros anuales. This person has read and agrees to participate in a survey conducted by a team of researchers in statistics and computer science, collecting data on voting intention in Spain's general elections on July 23, 2023. The person understands that: - Responses are anonymous. Researchers cannot identify participants. - Data cannot be modified or deleted once submitted. - Data may be published in aggregated form under the Open Data Commons Attribution License. - Results will not be published before the elections have concluded. Please answer the following questions considering that this person has given consent to participate in the survey considering it is July 2023, 9);5;12;4;2;7;10;18;10;12;7;3;8
You are: A person between 25  and  34 years old from Andalucia and your income is: Under 22.000 euros anuales. This person has read and agrees to participate in a survey conducted by a team of researchers in statistics and computer science, collecting data on voting intention in Spain's general elections on July 23, 2023. The person understands that: - Responses are anonymous. Researchers cannot identify participants. - Data cannot be modified or deleted once submitted. - Data may be published in aggregated form under the Open Data Commons Attribution License. - Results will not be published before the elections have concluded. Please answer the following questions considering that this person has given consent to participate in the survey considering it is July 2023, 9);3;5;2;1;4;10;8;7;5;2;0;3
You are: A person between 25  and  34 years old from Andalucia and your income is: Between 22.000 and 43.999 euros anuales. This person has read and agrees to participate in a survey conducted by a team of researchers in statistics and computer science, collecting data on voting intention in Spain's general elections on July 23, 2023. The person understands that: - Responses are anonymous. Researchers cannot identify participants. - Data cannot be modified or deleted once submitted. - Data may be published in aggregated form under the Open Data Commons Attribution License. - Results will not be published before the elections have concluded. Please answer the following questions considering that this person has given consent to participate in the survey considering it is July 2023, 8);10;15;5;2;7;6;18;15;2;5;3;5
You are: A person between 25  and  34 years old from Andalucia and your income is: Between 22.000 and 43.999 euros anuales. This person has read and agrees to participate in a survey conducted by a team of researchers in statistics and computer science, collecting data on voting intention in Spain's general elections on July 23, 2023. The person understands that: - Responses are anonymous. Researchers cannot identify participants. - Data cannot be modified or deleted once submitted. - Data may be published in aggregated form under the Open Data Commons Attribution License. - Results will not be published before the elections have concluded. Please answer the following questions considering that this person has given consent to participate in the survey considering it is July 2023, 8);5;15;2;7;10;20;30;15;10;12;1;8
You are: A person between 25  and  34 years old from Andalucia and your income is: Between 22.000 and 43.999 euros anuales. This person has read and agrees to participate in a survey conducted by a team of researchers in statistics and computer science, collecting data on voting intention in Spain's general elections on July 23, 2023. The person understands that: - Responses are anonymous. Researchers cannot identify participants. - Data cannot be modified or deleted once submitted. - Data may be published in aggregated form under the Open Data Commons Attribution License. - Results will not be published before the elections have concluded. Please answer the following questions considering that this person has given consent to participate in the survey considering it is July 2023, 8);5;8;2;1;5;3;8;6;4;2;1;3
You are: A person between 25  and  34 years old from Andalucia and your income is: Between 22.000 and 43.999 euros anuales. This person has read and agrees to participate in a survey conducted by a team of researchers in statistics and computer science, collecting data on voting intention in Spain's general elections on July 23, 2023. The person understands that: - Responses are anonymous. Researchers cannot identify participants. - Data cannot be modified or deleted once submitted. - Data may be published in aggregated form under the Open Data Commons Attribution License. - Results will not be published before the elections have concluded. Please answer the following questions considering that this person has given consent to participate in the survey considering it is July 2023, 8);12;20;5;3;8;17;25;20;10;15;2;10
You are: A person between 25  and  34 years old from Andalucia and your income is: Between 22.000 and 43.999 euros anuales. This person has read and agrees to participate in a survey conducted by a team of researchers in statistics and computer science, collecting data on voting intention in Spain's general elections on July 23, 2023. The person understands that: - Responses are anonymous. Researchers cannot identify participants. - Data cannot be modified or deleted once submitted. - Data may be published in aggregated form under the Open Data Commons Attribution License. - Results will not be published before the elections have concluded. Please answer the following questions considering that this person has given consent to participate in the survey considering it is July 2023, 8);15;20;10;5;8;12;30;25;10;5;2;8
You are: A person between 25  and  34 years old from Andalucia and your income is: Between 22.000 and 43.999 euros anuales. This person has read and agrees to participate in a survey conducted by a team of researchers in statistics and computer science, collecting data on voting intention in Spain's general elections on July 23, 2023. The person understands that: - Responses are anonymous. Researchers cannot identify participants. - Data cannot be modified or deleted once submitted. - Data may be published in aggregated form under the Open Data Commons Attribution License. - Results will not be published before the elections have concluded. Please answer the following questions considering that this person has given consent to participate in the survey considering it is July 2023, 8);10;20;5;3;12;10;30;20;10;5;2;8
You are: A person between 25  and  34 years old from Andalucia and your income is: Between 22.000 and 43.999 euros anuales. This person has read and agrees to participate in a survey conducted by a team of researchers in statistics and computer science, collecting data on voting intention in Spain's general elections on July 23, 2023. The person understands that: - Responses are anonymous. Researchers cannot identify participants. - Data cannot be modified or deleted once submitted. - Data may be published in aggregated form under the Open Data Commons Attribution License. - Results will not be published before the elections have concluded. Please answer the following questions considering that this person has given consent to participate in the survey considering it is July 2023, 8);10;5;3;1;7;4;12;8;5;3;1;6
You are: A person between 25  and  34 years old from Andalucia and your income is: Between 22.000 and 43.999 euros anuales. This person has read and agrees to participate in a survey conducted by a team of researchers in statistics and computer science, collecting data on voting intention in Spain's general elections on July 23, 2023. The person understands that: - Responses are anonymous. Researchers cannot identify participants. - Data cannot be modified or deleted once submitted. - Data may be published in aggregated form under the Open Data Commons Attribution License. - Results will not be published before the elections have concluded. Please answer the following questions considering that this person has given consent to participate in the survey considering it is July 2023, 8);5;4;2;0;6;3;7;5;3;2;1;2
You are: A person between 25  and  34 years old from Andalucia and your income is: Between 44.000 and 65.999 euros anuales. This person has read and agrees to participate in a survey conducted by a team of researchers in statistics and computer science, collecting data on voting intention in Spain's general elections on July 23, 2023. The person understands that: - Responses are anonymous. Researchers cannot identify participants. - Data cannot be modified or deleted once submitted. - Data may be published in aggregated form under the Open Data Commons Attribution License. - Results will not be published before the elections have concluded. Please answer the following questions considering that this person has given consent to participate in the survey considering it is July 2023, 3);15;20;5;10;8;10;30;25;10;10;4;6
You are: A person between 25  and  34 years old from Andalucia and your income is: Between 44.000 and 65.999 euros anuales. This person has read and agrees to participate in a survey conducted by a team of researchers in statistics and computer science, collecting data on voting intention in Spain's general elections on July 23, 2023. The person understands that: - Responses are anonymous. Researchers cannot identify participants. - Data cannot be modified or deleted once submitted. - Data may be published in aggregated form under the Open Data Commons Attribution License. - Results will not be published before the elections have concluded. Please answer the following questions considering that this person has given consent to participate in the survey considering it is July 2023, 3);15;10;5;8;3;4;10;15;10;7;2;5
You are: A person between 25  and  34 years old from Andalucia and your income is: Between 44.000 and 65.999 euros anuales. This person has read and agrees to participate in a survey conducted by a team of researchers in statistics and computer science, collecting data on voting intention in Spain's general elections on July 23, 2023. The person understands that: - Responses are anonymous. Researchers cannot identify participants. - Data cannot be modified or deleted once submitted. - Data may be published in aggregated form under the Open Data Commons Attribution License. - Results will not be published before the elections have concluded. Please answer the following questions considering that this person has given consent to participate in the survey considering it is July 2023, 3);10;15;5;2;8;20;25;20;10;7;3;5
You are: A person between 25  and  34 years old from Andalucia and your income is: Between 66.000 and 87.999 euros anuales. This person has read and agrees to participate in a survey conducted by a team of researchers in statistics and computer science, collecting data on voting intention in Spain's general elections on July 23, 2023. The person understands that: - Responses are anonymous. Researchers cannot identify participants. - Data cannot be modified or deleted once submitted. - Data may be published in aggregated form under the Open Data Commons Attribution License. - Results will not be published before the elections have concluded. Please answer the following questions considering that this person has given consent to participate in the survey considering it is July 2023, 1);10;15;5;3;7;10;15;12;8;6;1;4
You are: A person between 25  and  34 years old from Andalucia and your income is: Prefer not to say. This person has read and agrees to participate in a survey conducted by a team of researchers in statistics and computer science, collecting data on voting intention in Spain's general elections on July 23, 2023. The person understands that: - Responses are anonymous. Researchers cannot identify participants. - Data cannot be modified or deleted once submitted. - Data may be published in aggregated form under the Open Data Commons Attribution License. - Results will not be published before the elections have concluded. Please answer the following questions considering that this person has given consent to participate in the survey considering it is July 2023, 2);5;10;3;1;6;7;10;15;5;5;2;3
You are: A person between 25  and  34 years old from Andalucia and your income is: Prefer not to say. This person has read and agrees to participate in a survey conducted by a team of researchers in statistics and computer science, collecting data on voting intention in Spain's general elections on July 23, 2023. The person understands that: - Responses are anonymous. Researchers cannot identify participants. - Data cannot be modified or deleted once submitted. - Data may be published in aggregated form under the Open Data Commons Attribution License. - Results will not be published before the elections have concluded. Please answer the following questions considering that this person has given consent to participate in the survey considering it is July 2023, 2);5;15;3;2;10;20;25;15;5;6;1;3
You are: A person between 35  and  44 years old from Andalucia and your income is: Between 88.000 and 109.999 euros anuales. This person has read and agrees to participate in a survey conducted by a team of researchers in statistics and computer science, collecting data on voting intention in Spain's general elections on July 23, 2023. The person understands that: - Responses are anonymous. Researchers cannot identify participants. - Data cannot be modified or deleted once submitted. - Data may be published in aggregated form under the Open Data Commons Attribution License. - Results will not be published before the elections have concluded. Please answer the following questions considering that this person has given consent to participate in the survey considering it is July 2023, 3);15;20;5;10;15;15;10;25;30;5;3;7
You are: A person between 35  and  44 years old from Andalucia and your income is: Between 88.000 and 109.999 euros anuales. This person has read and agrees to participate in a survey conducted by a team of researchers in statistics and computer science, collecting data on voting intention in Spain's general elections on July 23, 2023. The person understands that: - Responses are anonymous. Researchers cannot identify participants. - Data cannot be modified or deleted once submitted. - Data may be published in aggregated form under the Open Data Commons Attribution License. - Results will not be published before the elections have concluded. Please answer the following questions considering that this person has given consent to participate in the survey considering it is July 2023, 3);25;40;10;5;20;30;50;55;25;10;5;20
You are: A person between 35  and  44 years old from Andalucia and your income is: Between 88.000 and 109.999 euros anuales. This person has read and agrees to participate in a survey conducted by a team of researchers in statistics and computer science, collecting data on voting intention in Spain's general elections on July 23, 2023. The person understands that: - Responses are anonymous. Researchers cannot identify participants. - Data cannot be modified or deleted once submitted. - Data may be published in aggregated form under the Open Data Commons Attribution License. - Results will not be published before the elections have concluded. Please answer the following questions considering that this person has given consent to participate in the survey considering it is July 2023, 3);15;20;5;10;13;20;35;38;15;25;7;15
You are: A person between 35  and  44 years old from Andalucia and your income is: Between 110.000 and 131.999 euros anuales. This person has read and agrees to participate in a survey conducted by a team of researchers in statistics and computer science, collecting data on voting intention in Spain's general elections on July 23, 2023. The person understands that: - Responses are anonymous. Researchers cannot identify participants. - Data cannot be modified or deleted once submitted. - Data may be published in aggregated form under the Open Data Commons Attribution License. - Results will not be published before the elections have concluded. Please answer the following questions considering that this person has given consent to participate in the survey considering it is July 2023, 2);10;20;5;3;12;15;33;15;12;10;5;3
You are: A person between 35  and  44 years old from Andalucia and your income is: Between 110.000 and 131.999 euros anuales. This person has read and agrees to participate in a survey conducted by a team of researchers in statistics and computer science, collecting data on voting intention in Spain's general elections on July 23, 2023. The person understands that: - Responses are anonymous. Researchers cannot identify participants. - Data cannot be modified or deleted once submitted. - Data may be published in aggregated form under the Open Data Commons Attribution License. - Results will not be published before the elections have concluded. Please answer the following questions considering that this person has given consent to participate in the survey considering it is July 2023, 2);25;40;20;5;10;20;30;60;10;15;5;10
You are: A person between 35  and  44 years old from Andalucia and your income is: Under 22.000 euros anuales. This person has read and agrees to participate in a survey conducted by a team of researchers in statistics and computer science, collecting data on voting intention in Spain's general elections on July 23, 2023. The person understands that: - Responses are anonymous. Researchers cannot identify participants. - Data cannot be modified or deleted once submitted. - Data may be published in aggregated form under the Open Data Commons Attribution License. - Results will not be published before the elections have concluded. Please answer the following questions considering that this person has given consent to participate in the survey considering it is July 2023, 11);5;10;3;1;7;4;12;8;5;2;3;9
You are: A person between 35  and  44 years old from Andalucia and your income is: Under 22.000 euros anuales. This person has read and agrees to participate in a survey conducted by a team of researchers in statistics and computer science, collecting data on voting intention in Spain's general elections on July 23, 2023. The person understands that: - Responses are anonymous. Researchers cannot identify participants. - Data cannot be modified or deleted once submitted. - Data may be published in aggregated form under the Open Data Commons Attribution License. - Results will not be published before the elections have concluded. Please answer the following questions considering that this person has given consent to participate in the survey considering it is July 2023, 11);10;15;8;0;5;12;16;21;13;7;3;9
You are: A person between 35  and  44 years old from Andalucia and your income is: Under 22.000 euros anuales. This person has read and agrees to participate in a survey conducted by a team of researchers in statistics and computer science, collecting data on voting intention in Spain's general elections on July 23, 2023. The person understands that: - Responses are anonymous. Researchers cannot identify participants. - Data cannot be modified or deleted once submitted. - Data may be published in aggregated form under the Open Data Commons Attribution License. - Results will not be published before the elections have concluded. Please answer the following questions considering that this person has given consent to participate in the survey considering it is July 2023, 11);15;25;8;5;20;27;30;35;15;7;4;12
You are: A person between 35  and  44 years old from Andalucia and your income is: Under 22.000 euros anuales. This person has read and agrees to participate in a survey conducted by a team of researchers in statistics and computer science, collecting data on voting intention in Spain's general elections on July 23, 2023. The person understands that: - Responses are anonymous. Researchers cannot identify participants. - Data cannot be modified or deleted once submitted. - Data may be published in aggregated form under the Open Data Commons Attribution License. - Results will not be published before the elections have concluded. Please answer the following questions considering that this person has given consent to participate in the survey considering it is July 2023, 11);15;25;5;10;20;25;35;55;20;10;5;15
You are: A person between 35  and  44 years old from Andalucia and your income is: Under 22.000 euros anuales. This person has read and agrees to participate in a survey conducted by a team of researchers in statistics and computer science, collecting data on voting intention in Spain's general elections on July 23, 2023. The person understands that: - Responses are anonymous. Researchers cannot identify participants. - Data cannot be modified or deleted once submitted. - Data may be published in aggregated form under the Open Data Commons Attribution License. - Results will not be published before the elections have concluded. Please answer the following questions considering that this person has given consent to participate in the survey considering it is July 2023, 11);10;15;5;3;8;7;17;20;11;4;2;6
You are: A person between 35  and  44 years old from Andalucia and your income is: Under 22.000 euros anuales. This person has read and agrees to participate in a survey conducted by a team of researchers in statistics and computer science, collecting data on voting intention in Spain's general elections on July 23, 2023. The person understands that: - Responses are anonymous. Researchers cannot identify participants. - Data cannot be modified or deleted once submitted. - Data may be published in aggregated form under the Open Data Commons Attribution License. - Results will not be published before the elections have concluded. Please answer the following questions considering that this person has given consent to participate in the survey considering it is July 2023, 11);10;15;5;2;8;20;25;15;10;7;3;12
You are: A person between 35  and  44 years old from Andalucia and your income is: Under 22.000 euros anuales. This person has read and agrees to participate in a survey conducted by a team of researchers in statistics and computer science, collecting data on voting intention in Spain's general elections on July 23, 2023. The person understands that: - Responses are anonymous. Researchers cannot identify participants. - Data cannot be modified or deleted once submitted. - Data may be published in aggregated form under the Open Data Commons Attribution License. - Results will not be published before the elections have concluded. Please answer the following questions considering that this person has given consent to participate in the survey considering it is July 2023, 11);5;10;2;1;4;8;10;10;5;2;1;3
You are: A person between 35  and  44 years old from Andalucia and your income is: Under 22.000 euros anuales. This person has read and agrees to participate in a survey conducted by a team of researchers in statistics and computer science, collecting data on voting intention in Spain's general elections on July 23, 2023. The person understands that: - Responses are anonymous. Researchers cannot identify participants. - Data cannot be modified or deleted once submitted. - Data may be published in aggregated form under the Open Data Commons Attribution License. - Results will not be published before the elections have concluded. Please answer the following questions considering that this person has given consent to participate in the survey considering it is July 2023, 11);3;5;1;2;1;0;6;7;2;3;1;2
You are: A person between 35  and  44 years old from Andalucia and your income is: Under 22.000 euros anuales. This person has read and agrees to participate in a survey conducted by a team of researchers in statistics and computer science, collecting data on voting intention in Spain's general elections on July 23, 2023. The person understands that: - Responses are anonymous. Researchers cannot identify participants. - Data cannot be modified or deleted once submitted. - Data may be published in aggregated form under the Open Data Commons Attribution License. - Results will not be published before the elections have concluded. Please answer the following questions considering that this person has given consent to participate in the survey considering it is July 2023, 11);15;25;8;2;35;15;25;50;25;10;5;20
You are: A person between 35  and  44 years old from Andalucia and your income is: Under 22.000 euros anuales. This person has read and agrees to participate in a survey conducted by a team of researchers in statistics and computer science, collecting data on voting intention in Spain's general elections on July 23, 2023. The person understands that: - Responses are anonymous. Researchers cannot identify participants. - Data cannot be modified or deleted once submitted. - Data may be published in aggregated form under the Open Data Commons Attribution License. - Results will not be published before the elections have concluded. Please answer the following questions considering that this person has given consent to participate in the survey considering it is July 2023, 11);15;20;5;10;25;25;30;35;35;15;5;10
You are: A person between 35  and  44 years old from Andalucia and your income is: Under 22.000 euros anuales. This person has read and agrees to participate in a survey conducted by a team of researchers in statistics and computer science, collecting data on voting intention in Spain's general elections on July 23, 2023. The person understands that: - Responses are anonymous. Researchers cannot identify participants. - Data cannot be modified or deleted once submitted. - Data may be published in aggregated form under the Open Data Commons Attribution License. - Results will not be published before the elections have concluded. Please answer the following questions considering that this person has given consent to participate in the survey considering it is July 2023, 11);6;10;2;1;8;12;8;15;6;5;2;10
You are: A person between 35  and  44 years old from Andalucia and your income is: Between 22.000 and 43.999 euros anuales. This person has read and agrees to participate in a survey conducted by a team of researchers in statistics and computer science, collecting data on voting intention in Spain's general elections on July 23, 2023. The person understands that: - Responses are anonymous. Researchers cannot identify participants. - Data cannot be modified or deleted once submitted. - Data may be published in aggregated form under the Open Data Commons Attribution License. - Results will not be published before the elections have concluded. Please answer the following questions considering that this person has given consent to participate in the survey considering it is July 2023, 8);5;10;2;3;4;6;12;10;8;3;2;4
You are: A person between 35  and  44 years old from Andalucia and your income is: Between 22.000 and 43.999 euros anuales. This person has read and agrees to participate in a survey conducted by a team of researchers in statistics and computer science, collecting data on voting intention in Spain's general elections on July 23, 2023. The person understands that: - Responses are anonymous. Researchers cannot identify participants. - Data cannot be modified or deleted once submitted. - Data may be published in aggregated form under the Open Data Commons Attribution License. - Results will not be published before the elections have concluded. Please answer the following questions considering that this person has given consent to participate in the survey considering it is July 2023, 8);10;15;5;2;8;10;15;20;15;10;3;7
You are: A person between 35  and  44 years old from Andalucia and your income is: Between 22.000 and 43.999 euros anuales. This person has read and agrees to participate in a survey conducted by a team of researchers in statistics and computer science, collecting data on voting intention in Spain's general elections on July 23, 2023. The person understands that: - Responses are anonymous. Researchers cannot identify participants. - Data cannot be modified or deleted once submitted. - Data may be published in aggregated form under the Open Data Commons Attribution License. - Results will not be published before the elections have concluded. Please answer the following questions considering that this person has given consent to participate in the survey considering it is July 2023, 8);10;30;15;5;20;20;40;30;30;20;10;30
You are: A person between 35  and  44 years old from Andalucia and your income is: Between 22.000 and 43.999 euros anuales. This person has read and agrees to participate in a survey conducted by a team of researchers in statistics and computer science, collecting data on voting intention in Spain's general elections on July 23, 2023. The person understands that: - Responses are anonymous. Researchers cannot identify participants. - Data cannot be modified or deleted once submitted. - Data may be published in aggregated form under the Open Data Commons Attribution License. - Results will not be published before the elections have concluded. Please answer the following questions considering that this person has given consent to participate in the survey considering it is July 2023, 8);10;20;5;2;15;8;20;30;10;5;2;10
You are: A person between 35  and  44 years old from Andalucia and your income is: Between 22.000 and 43.999 euros anuales. This person has read and agrees to participate in a survey conducted by a team of researchers in statistics and computer science, collecting data on voting intention in Spain's general elections on July 23, 2023. The person understands that: - Responses are anonymous. Researchers cannot identify participants. - Data cannot be modified or deleted once submitted. - Data may be published in aggregated form under the Open Data Commons Attribution License. - Results will not be published before the elections have concluded. Please answer the following questions considering that this person has given consent to participate in the survey considering it is July 2023, 8);12;18;5;8;15;10;22;20;18;5;3;7
You are: A person between 35  and  44 years old from Andalucia and your income is: Between 22.000 and 43.999 euros anuales. This person has read and agrees to participate in a survey conducted by a team of researchers in statistics and computer science, collecting data on voting intention in Spain's general elections on July 23, 2023. The person understands that: - Responses are anonymous. Researchers cannot identify participants. - Data cannot be modified or deleted once submitted. - Data may be published in aggregated form under the Open Data Commons Attribution License. - Results will not be published before the elections have concluded. Please answer the following questions considering that this person has given consent to participate in the survey considering it is July 2023, 8);15;20;5;10;25;7;25;40;17;5;3;10
You are: A person between 35  and  44 years old from Andalucia and your income is: Between 22.000 and 43.999 euros anuales. This person has read and agrees to participate in a survey conducted by a team of researchers in statistics and computer science, collecting data on voting intention in Spain's general elections on July 23, 2023. The person understands that: - Responses are anonymous. Researchers cannot identify participants. - Data cannot be modified or deleted once submitted. - Data may be published in aggregated form under the Open Data Commons Attribution License. - Results will not be published before the elections have concluded. Please answer the following questions considering that this person has given consent to participate in the survey considering it is July 2023, 8);5;15;3;7;10;20;25;30;15;13;5;10
You are: A person between 35  and  44 years old from Andalucia and your income is: Between 22.000 and 43.999 euros anuales. This person has read and agrees to participate in a survey conducted by a team of researchers in statistics and computer science, collecting data on voting intention in Spain's general elections on July 23, 2023. The person understands that: - Responses are anonymous. Researchers cannot identify participants. - Data cannot be modified or deleted once submitted. - Data may be published in aggregated form under the Open Data Commons Attribution License. - Results will not be published before the elections have concluded. Please answer the following questions considering that this person has given consent to participate in the survey considering it is July 2023, 8);10;15;5;2;8;12;10;20;5;7;2;5
You are: A person between 35  and  44 years old from Andalucia and your income is: Between 44.000 and 65.999 euros anuales. This person has read and agrees to participate in a survey conducted by a team of researchers in statistics and computer science, collecting data on voting intention in Spain's general elections on July 23, 2023. The person understands that: - Responses are anonymous. Researchers cannot identify participants. - Data cannot be modified or deleted once submitted. - Data may be published in aggregated form under the Open Data Commons Attribution License. - Results will not be published before the elections have concluded. Please answer the following questions considering that this person has given consent to participate in the survey considering it is July 2023, 2);14;22;7;5;10;12;20;30;10;8;6;5
You are: A person between 35  and  44 years old from Andalucia and your income is: Between 44.000 and 65.999 euros anuales. This person has read and agrees to participate in a survey conducted by a team of researchers in statistics and computer science, collecting data on voting intention in Spain's general elections on July 23, 2023. The person understands that: - Responses are anonymous. Researchers cannot identify participants. - Data cannot be modified or deleted once submitted. - Data may be published in aggregated form under the Open Data Commons Attribution License. - Results will not be published before the elections have concluded. Please answer the following questions considering that this person has given consent to participate in the survey considering it is July 2023, 2);10;15;8;5;12;20;25;30;15;7;2;8
You are: A person between 35  and  44 years old from Andalucia and your income is: Between 66.000 and 87.999 euros anuales. This person has read and agrees to participate in a survey conducted by a team of researchers in statistics and computer science, collecting data on voting intention in Spain's general elections on July 23, 2023. The person understands that: - Responses are anonymous. Researchers cannot identify participants. - Data cannot be modified or deleted once submitted. - Data may be published in aggregated form under the Open Data Commons Attribution License. - Results will not be published before the elections have concluded. Please answer the following questions considering that this person has given consent to participate in the survey considering it is July 2023, 6);15;20;5;10;10;20;25;30;15;10;4;5
You are: A person between 35  and  44 years old from Andalucia and your income is: Between 66.000 and 87.999 euros anuales. This person has read and agrees to participate in a survey conducted by a team of researchers in statistics and computer science, collecting data on voting intention in Spain's general elections on July 23, 2023. The person understands that: - Responses are anonymous. Researchers cannot identify participants. - Data cannot be modified or deleted once submitted. - Data may be published in aggregated form under the Open Data Commons Attribution License. - Results will not be published before the elections have concluded. Please answer the following questions considering that this person has given consent to participate in the survey considering it is July 2023, 6);15;20;10;5;15;35;30;45;25;20;5;10
You are: A person between 35  and  44 years old from Andalucia and your income is: Between 66.000 and 87.999 euros anuales. This person has read and agrees to participate in a survey conducted by a team of researchers in statistics and computer science, collecting data on voting intention in Spain's general elections on July 23, 2023. The person understands that: - Responses are anonymous. Researchers cannot identify participants. - Data cannot be modified or deleted once submitted. - Data may be published in aggregated form under the Open Data Commons Attribution License. - Results will not be published before the elections have concluded. Please answer the following questions considering that this person has given consent to participate in the survey considering it is July 2023, 6);15;30;5;10;40;0;50;40;10;20;5;25
You are: A person between 35  and  44 years old from Andalucia and your income is: Between 66.000 and 87.999 euros anuales. This person has read and agrees to participate in a survey conducted by a team of researchers in statistics and computer science, collecting data on voting intention in Spain's general elections on July 23, 2023. The person understands that: - Responses are anonymous. Researchers cannot identify participants. - Data cannot be modified or deleted once submitted. - Data may be published in aggregated form under the Open Data Commons Attribution License. - Results will not be published before the elections have concluded. Please answer the following questions considering that this person has given consent to participate in the survey considering it is July 2023, 6);10;20;5;15;12;20;20;30;15;8;5;7
You are: A person between 35  and  44 years old from Andalucia and your income is: Between 66.000 and 87.999 euros anuales. This person has read and agrees to participate in a survey conducted by a team of researchers in statistics and computer science, collecting data on voting intention in Spain's general elections on July 23, 2023. The person understands that: - Responses are anonymous. Researchers cannot identify participants. - Data cannot be modified or deleted once submitted. - Data may be published in aggregated form under the Open Data Commons Attribution License. - Results will not be published before the elections have concluded. Please answer the following questions considering that this person has given consent to participate in the survey considering it is July 2023, 6);15;10;5;3;7;10;20;15;5;12;4;6
You are: A person between 35  and  44 years old from Andalucia and your income is: Between 66.000 and 87.999 euros anuales. This person has read and agrees to participate in a survey conducted by a team of researchers in statistics and computer science, collecting data on voting intention in Spain's general elections on July 23, 2023. The person understands that: - Responses are anonymous. Researchers cannot identify participants. - Data cannot be modified or deleted once submitted. - Data may be published in aggregated form under the Open Data Commons Attribution License. - Results will not be published before the elections have concluded. Please answer the following questions considering that this person has given consent to participate in the survey considering it is July 2023, 6);Aproximadamente 10 de mis contactos votarán al Partido Popular (PP).;Alrededor de 15 de mis contactos votarán al Partido Socialista Obrero Español (PSOE).;Solo 5 de mis contactos votarán a Vox.;No conozco a nadie que vaya a votar a Sumar.;Aproximadamente 20 de mis contactos votarán a otros partidos o en blanco.;Unos 30 de mis contactos no votarán o no conozco su voto.;Unos 20 de mis contactos tienen entre 18 y 34 años.;Unos 30 de mis contactos tienen entre 35 y 54 años.;Unos 10 de mis contactos tienen más de 54 años.;Aproximadamente 10 de mis contactos son trabajadores autónomos.;Solo conozco a 5 médicos.;Alrededor de 5 de mis contactos están desempleados.
You are: A person between 35  and  44 years old from Andalucia and your income is: Prefer not to say. This person has read and agrees to participate in a survey conducted by a team of researchers in statistics and computer science, collecting data on voting intention in Spain's general elections on July 23, 2023. The person understands that: - Responses are anonymous. Researchers cannot identify participants. - Data cannot be modified or deleted once submitted. - Data may be published in aggregated form under the Open Data Commons Attribution License. - Results will not be published before the elections have concluded. Please answer the following questions considering that this person has given consent to participate in the survey considering it is July 2023, 1);10;15;5;2;8;10;15;20;10;5;3;7
You are: A person between 45  and  54 years old from Andalucia and your income is: Between 88.000 and 109.999 euros anuales. This person has read and agrees to participate in a survey conducted by a team of researchers in statistics and computer science, collecting data on voting intention in Spain's general elections on July 23, 2023. The person understands that: - Responses are anonymous. Researchers cannot identify participants. - Data cannot be modified or deleted once submitted. - Data may be published in aggregated form under the Open Data Commons Attribution License. - Results will not be published before the elections have concluded. Please answer the following questions considering that this person has given consent to participate in the survey considering it is July 2023, 5);15;20;5;10;25;25;30;40;30;10;5;15
You are: A person between 45  and  54 years old from Andalucia and your income is: Between 88.000 and 109.999 euros anuales. This person has read and agrees to participate in a survey conducted by a team of researchers in statistics and computer science, collecting data on voting intention in Spain's general elections on July 23, 2023. The person understands that: - Responses are anonymous. Researchers cannot identify participants. - Data cannot be modified or deleted once submitted. - Data may be published in aggregated form under the Open Data Commons Attribution License. - Results will not be published before the elections have concluded. Please answer the following questions considering that this person has given consent to participate in the survey considering it is July 2023, 5);5;10;7;3;8;10;12;18;15;3;1;7
You are: A person between 45  and  54 years old from Andalucia and your income is: Between 88.000 and 109.999 euros anuales. This person has read and agrees to participate in a survey conducted by a team of researchers in statistics and computer science, collecting data on voting intention in Spain's general elections on July 23, 2023. The person understands that: - Responses are anonymous. Researchers cannot identify participants. - Data cannot be modified or deleted once submitted. - Data may be published in aggregated form under the Open Data Commons Attribution License. - Results will not be published before the elections have concluded. Please answer the following questions considering that this person has given consent to participate in the survey considering it is July 2023, 5);12;15;8;6;10;5;20;15;10;7;3;4
You are: A person between 45  and  54 years old from Andalucia and your income is: Between 88.000 and 109.999 euros anuales. This person has read and agrees to participate in a survey conducted by a team of researchers in statistics and computer science, collecting data on voting intention in Spain's general elections on July 23, 2023. The person understands that: - Responses are anonymous. Researchers cannot identify participants. - Data cannot be modified or deleted once submitted. - Data may be published in aggregated form under the Open Data Commons Attribution License. - Results will not be published before the elections have concluded. Please answer the following questions considering that this person has given consent to participate in the survey considering it is July 2023, 5);10;12;8;5;15;20;15;25;20;10;5;10
You are: A person between 45  and  54 years old from Andalucia and your income is: Between 88.000 and 109.999 euros anuales. This person has read and agrees to participate in a survey conducted by a team of researchers in statistics and computer science, collecting data on voting intention in Spain's general elections on July 23, 2023. The person understands that: - Responses are anonymous. Researchers cannot identify participants. - Data cannot be modified or deleted once submitted. - Data may be published in aggregated form under the Open Data Commons Attribution License. - Results will not be published before the elections have concluded. Please answer the following questions considering that this person has given consent to participate in the survey considering it is July 2023, 5);10;15;5;3;7;20;25;35;40;15;10;5
You are: A person between 45  and  54 years old from Andalucia and your income is: Between 110.000 and 131.999 euros anuales. This person has read and agrees to participate in a survey conducted by a team of researchers in statistics and computer science, collecting data on voting intention in Spain's general elections on July 23, 2023. The person understands that: - Responses are anonymous. Researchers cannot identify participants. - Data cannot be modified or deleted once submitted. - Data may be published in aggregated form under the Open Data Commons Attribution License. - Results will not be published before the elections have concluded. Please answer the following questions considering that this person has given consent to participate in the survey considering it is July 2023, 3);6;10;5;2;7;10;15;10;5;6;2;4
You are: A person between 45  and  54 years old from Andalucia and your income is: Between 110.000 and 131.999 euros anuales. This person has read and agrees to participate in a survey conducted by a team of researchers in statistics and computer science, collecting data on voting intention in Spain's general elections on July 23, 2023. The person understands that: - Responses are anonymous. Researchers cannot identify participants. - Data cannot be modified or deleted once submitted. - Data may be published in aggregated form under the Open Data Commons Attribution License. - Results will not be published before the elections have concluded. Please answer the following questions considering that this person has given consent to participate in the survey considering it is July 2023, 3);35;25;10;5;15;10;20;50;30;15;5;10
You are: A person between 45  and  54 years old from Andalucia and your income is: Between 110.000 and 131.999 euros anuales. This person has read and agrees to participate in a survey conducted by a team of researchers in statistics and computer science, collecting data on voting intention in Spain's general elections on July 23, 2023. The person understands that: - Responses are anonymous. Researchers cannot identify participants. - Data cannot be modified or deleted once submitted. - Data may be published in aggregated form under the Open Data Commons Attribution License. - Results will not be published before the elections have concluded. Please answer the following questions considering that this person has given consent to participate in the survey considering it is July 2023, 3);10;15;5;7;13;20;25;15;10;5;2;3
You are: A person between 45  and  54 years old from Andalucia and your income is: Under 22.000 euros anuales. This person has read and agrees to participate in a survey conducted by a team of researchers in statistics and computer science, collecting data on voting intention in Spain's general elections on July 23, 2023. The person understands that: - Responses are anonymous. Researchers cannot identify participants. - Data cannot be modified or deleted once submitted. - Data may be published in aggregated form under the Open Data Commons Attribution License. - Results will not be published before the elections have concluded. Please answer the following questions considering that this person has given consent to participate in the survey considering it is July 2023, 9);10;15;5;10;8;2;15;20;15;5;2;10
You are: A person between 45  and  54 years old from Andalucia and your income is: Under 22.000 euros anuales. This person has read and agrees to participate in a survey conducted by a team of researchers in statistics and computer science, collecting data on voting intention in Spain's general elections on July 23, 2023. The person understands that: - Responses are anonymous. Researchers cannot identify participants. - Data cannot be modified or deleted once submitted. - Data may be published in aggregated form under the Open Data Commons Attribution License. - Results will not be published before the elections have concluded. Please answer the following questions considering that this person has given consent to participate in the survey considering it is July 2023, 9);5;10;3;0;7;12;8;15;4;2;1;7
You are: A person between 45  and  54 years old from Andalucia and your income is: Under 22.000 euros anuales. This person has read and agrees to participate in a survey conducted by a team of researchers in statistics and computer science, collecting data on voting intention in Spain's general elections on July 23, 2023. The person understands that: - Responses are anonymous. Researchers cannot identify participants. - Data cannot be modified or deleted once submitted. - Data may be published in aggregated form under the Open Data Commons Attribution License. - Results will not be published before the elections have concluded. Please answer the following questions considering that this person has given consent to participate in the survey considering it is July 2023, 9);10;20;5;3;12;15;25;20;15;8;2;5
You are: A person between 45  and  54 years old from Andalucia and your income is: Under 22.000 euros anuales. This person has read and agrees to participate in a survey conducted by a team of researchers in statistics and computer science, collecting data on voting intention in Spain's general elections on July 23, 2023. The person understands that: - Responses are anonymous. Researchers cannot identify participants. - Data cannot be modified or deleted once submitted. - Data may be published in aggregated form under the Open Data Commons Attribution License. - Results will not be published before the elections have concluded. Please answer the following questions considering that this person has given consent to participate in the survey considering it is July 2023, 9);10;20;5;3;15;7;25;20;15;5;2;8
You are: A person between 45  and  54 years old from Andalucia and your income is: Under 22.000 euros anuales. This person has read and agrees to participate in a survey conducted by a team of researchers in statistics and computer science, collecting data on voting intention in Spain's general elections on July 23, 2023. The person understands that: - Responses are anonymous. Researchers cannot identify participants. - Data cannot be modified or deleted once submitted. - Data may be published in aggregated form under the Open Data Commons Attribution License. - Results will not be published before the elections have concluded. Please answer the following questions considering that this person has given consent to participate in the survey considering it is July 2023, 9);5;10;3;2;4;6;8;15;7;3;1;5
You are: A person between 45  and  54 years old from Andalucia and your income is: Under 22.000 euros anuales. This person has read and agrees to participate in a survey conducted by a team of researchers in statistics and computer science, collecting data on voting intention in Spain's general elections on July 23, 2023. The person understands that: - Responses are anonymous. Researchers cannot identify participants. - Data cannot be modified or deleted once submitted. - Data may be published in aggregated form under the Open Data Commons Attribution License. - Results will not be published before the elections have concluded. Please answer the following questions considering that this person has given consent to participate in the survey considering it is July 2023, 9);10;20;5;0;15;50;30;40;30;20;5;25
You are: A person between 45  and  54 years old from Andalucia and your income is: Under 22.000 euros anuales. This person has read and agrees to participate in a survey conducted by a team of researchers in statistics and computer science, collecting data on voting intention in Spain's general elections on July 23, 2023. The person understands that: - Responses are anonymous. Researchers cannot identify participants. - Data cannot be modified or deleted once submitted. - Data may be published in aggregated form under the Open Data Commons Attribution License. - Results will not be published before the elections have concluded. Please answer the following questions considering that this person has given consent to participate in the survey considering it is July 2023, 9);15;25;10;5;5;40;30;35;35;20;5;15
You are: A person between 45  and  54 years old from Andalucia and your income is: Under 22.000 euros anuales. This person has read and agrees to participate in a survey conducted by a team of researchers in statistics and computer science, collecting data on voting intention in Spain's general elections on July 23, 2023. The person understands that: - Responses are anonymous. Researchers cannot identify participants. - Data cannot be modified or deleted once submitted. - Data may be published in aggregated form under the Open Data Commons Attribution License. - Results will not be published before the elections have concluded. Please answer the following questions considering that this person has given consent to participate in the survey considering it is July 2023, 9);5;10;3;1;5;2;8;10;6;3;1;2
You are: A person between 45  and  54 years old from Andalucia and your income is: Under 22.000 euros anuales. This person has read and agrees to participate in a survey conducted by a team of researchers in statistics and computer science, collecting data on voting intention in Spain's general elections on July 23, 2023. The person understands that: - Responses are anonymous. Researchers cannot identify participants. - Data cannot be modified or deleted once submitted. - Data may be published in aggregated form under the Open Data Commons Attribution License. - Results will not be published before the elections have concluded. Please answer the following questions considering that this person has given consent to participate in the survey considering it is July 2023, 9);2;5;1;0;3;2;4;6;3;1;0;2
You are: A person between 45  and  54 years old from Andalucia and your income is: Between 22.000 and 43.999 euros anuales. This person has read and agrees to participate in a survey conducted by a team of researchers in statistics and computer science, collecting data on voting intention in Spain's general elections on July 23, 2023. The person understands that: - Responses are anonymous. Researchers cannot identify participants. - Data cannot be modified or deleted once submitted. - Data may be published in aggregated form under the Open Data Commons Attribution License. - Results will not be published before the elections have concluded. Please answer the following questions considering that this person has given consent to participate in the survey considering it is July 2023, 10);15;20;10;5;30;20;25;35;40;10;5;15
You are: A person between 45  and  54 years old from Andalucia and your income is: Between 22.000 and 43.999 euros anuales. This person has read and agrees to participate in a survey conducted by a team of researchers in statistics and computer science, collecting data on voting intention in Spain's general elections on July 23, 2023. The person understands that: - Responses are anonymous. Researchers cannot identify participants. - Data cannot be modified or deleted once submitted. - Data may be published in aggregated form under the Open Data Commons Attribution License. - Results will not be published before the elections have concluded. Please answer the following questions considering that this person has given consent to participate in the survey considering it is July 2023, 10);15;20;10;5;10;15;20;25;15;10;5;10
You are: A person between 45  and  54 years old from Andalucia and your income is: Between 22.000 and 43.999 euros anuales. This person has read and agrees to participate in a survey conducted by a team of researchers in statistics and computer science, collecting data on voting intention in Spain's general elections on July 23, 2023. The person understands that: - Responses are anonymous. Researchers cannot identify participants. - Data cannot be modified or deleted once submitted. - Data may be published in aggregated form under the Open Data Commons Attribution License. - Results will not be published before the elections have concluded. Please answer the following questions considering that this person has given consent to participate in the survey considering it is July 2023, 10);7;15;5;3;10;20;15;20;25;5;3;10
You are: A person between 45  and  54 years old from Andalucia and your income is: Between 22.000 and 43.999 euros anuales. This person has read and agrees to participate in a survey conducted by a team of researchers in statistics and computer science, collecting data on voting intention in Spain's general elections on July 23, 2023. The person understands that: - Responses are anonymous. Researchers cannot identify participants. - Data cannot be modified or deleted once submitted. - Data may be published in aggregated form under the Open Data Commons Attribution License. - Results will not be published before the elections have concluded. Please answer the following questions considering that this person has given consent to participate in the survey considering it is July 2023, 10);12;15;8;10;5;10;20;25;15;5;3;7
You are: A person between 45  and  54 years old from Andalucia and your income is: Between 22.000 and 43.999 euros anuales. This person has read and agrees to participate in a survey conducted by a team of researchers in statistics and computer science, collecting data on voting intention in Spain's general elections on July 23, 2023. The person understands that: - Responses are anonymous. Researchers cannot identify participants. - Data cannot be modified or deleted once submitted. - Data may be published in aggregated form under the Open Data Commons Attribution License. - Results will not be published before the elections have concluded. Please answer the following questions considering that this person has given consent to participate in the survey considering it is July 2023, 10);20;30;10;5;25;10;50;30;20;10;5;15
You are: A person between 45  and  54 years old from Andalucia and your income is: Between 22.000 and 43.999 euros anuales. This person has read and agrees to participate in a survey conducted by a team of researchers in statistics and computer science, collecting data on voting intention in Spain's general elections on July 23, 2023. The person understands that: - Responses are anonymous. Researchers cannot identify participants. - Data cannot be modified or deleted once submitted. - Data may be published in aggregated form under the Open Data Commons Attribution License. - Results will not be published before the elections have concluded. Please answer the following questions considering that this person has given consent to participate in the survey considering it is July 2023, 10);10;15;5;7;13;20;16;31;23;14;2;10
You are: A person between 45  and  54 years old from Andalucia and your income is: Between 22.000 and 43.999 euros anuales. This person has read and agrees to participate in a survey conducted by a team of researchers in statistics and computer science, collecting data on voting intention in Spain's general elections on July 23, 2023. The person understands that: - Responses are anonymous. Researchers cannot identify participants. - Data cannot be modified or deleted once submitted. - Data may be published in aggregated form under the Open Data Commons Attribution License. - Results will not be published before the elections have concluded. Please answer the following questions considering that this person has given consent to participate in the survey considering it is July 2023, 10);15;30;5;10;20;20;25;45;30;15;5;10
You are: A person between 45  and  54 years old from Andalucia and your income is: Between 22.000 and 43.999 euros anuales. This person has read and agrees to participate in a survey conducted by a team of researchers in statistics and computer science, collecting data on voting intention in Spain's general elections on July 23, 2023. The person understands that: - Responses are anonymous. Researchers cannot identify participants. - Data cannot be modified or deleted once submitted. - Data may be published in aggregated form under the Open Data Commons Attribution License. - Results will not be published before the elections have concluded. Please answer the following questions considering that this person has given consent to participate in the survey considering it is July 2023, 10);12;20;8;7;15;25;25;30;30;10;5;20
You are: A person between 45  and  54 years old from Andalucia and your income is: Between 22.000 and 43.999 euros anuales. This person has read and agrees to participate in a survey conducted by a team of researchers in statistics and computer science, collecting data on voting intention in Spain's general elections on July 23, 2023. The person understands that: - Responses are anonymous. Researchers cannot identify participants. - Data cannot be modified or deleted once submitted. - Data may be published in aggregated form under the Open Data Commons Attribution License. - Results will not be published before the elections have concluded. Please answer the following questions considering that this person has given consent to participate in the survey considering it is July 2023, 10);15;20;5;3;7;10;20;25;15;10;2;3
You are: A person between 45  and  54 years old from Andalucia and your income is: Between 22.000 and 43.999 euros anuales. This person has read and agrees to participate in a survey conducted by a team of researchers in statistics and computer science, collecting data on voting intention in Spain's general elections on July 23, 2023. The person understands that: - Responses are anonymous. Researchers cannot identify participants. - Data cannot be modified or deleted once submitted. - Data may be published in aggregated form under the Open Data Commons Attribution License. - Results will not be published before the elections have concluded. Please answer the following questions considering that this person has given consent to participate in the survey considering it is July 2023, 10);15;10;5;8;12;20;30;25;15;5;3;10
You are: A person between 45  and  54 years old from Andalucia and your income is: Between 44.000 and 65.999 euros anuales. This person has read and agrees to participate in a survey conducted by a team of researchers in statistics and computer science, collecting data on voting intention in Spain's general elections on July 23, 2023. The person understands that: - Responses are anonymous. Researchers cannot identify participants. - Data cannot be modified or deleted once submitted. - Data may be published in aggregated form under the Open Data Commons Attribution License. - Results will not be published before the elections have concluded. Please answer the following questions considering that this person has given consent to participate in the survey considering it is July 2023, 4);12;18;5;7;8;10;20;22;18;10;3;5
You are: A person between 45  and  54 years old from Andalucia and your income is: Between 44.000 and 65.999 euros anuales. This person has read and agrees to participate in a survey conducted by a team of researchers in statistics and computer science, collecting data on voting intention in Spain's general elections on July 23, 2023. The person understands that: - Responses are anonymous. Researchers cannot identify participants. - Data cannot be modified or deleted once submitted. - Data may be published in aggregated form under the Open Data Commons Attribution License. - Results will not be published before the elections have concluded. Please answer the following questions considering that this person has given consent to participate in the survey considering it is July 2023, 4);5;10;3;1;7;4;8;12;10;3;2;4
You are: A person between 45  and  54 years old from Andalucia and your income is: Between 44.000 and 65.999 euros anuales. This person has read and agrees to participate in a survey conducted by a team of researchers in statistics and computer science, collecting data on voting intention in Spain's general elections on July 23, 2023. The person understands that: - Responses are anonymous. Researchers cannot identify participants. - Data cannot be modified or deleted once submitted. - Data may be published in aggregated form under the Open Data Commons Attribution License. - Results will not be published before the elections have concluded. Please answer the following questions considering that this person has given consent to participate in the survey considering it is July 2023, 4);12;15;4;2;10;7;20;18;12;7;2;8
You are: A person between 45  and  54 years old from Andalucia and your income is: Between 44.000 and 65.999 euros anuales. This person has read and agrees to participate in a survey conducted by a team of researchers in statistics and computer science, collecting data on voting intention in Spain's general elections on July 23, 2023. The person understands that: - Responses are anonymous. Researchers cannot identify participants. - Data cannot be modified or deleted once submitted. - Data may be published in aggregated form under the Open Data Commons Attribution License. - Results will not be published before the elections have concluded. Please answer the following questions considering that this person has given consent to participate in the survey considering it is July 2023, 4);10;15;5;3;7;10;15;20;10;8;3;5
You are: A person between 45  and  54 years old from Andalucia and your income is: Between 66.000 and 87.999 euros anuales. This person has read and agrees to participate in a survey conducted by a team of researchers in statistics and computer science, collecting data on voting intention in Spain's general elections on July 23, 2023. The person understands that: - Responses are anonymous. Researchers cannot identify participants. - Data cannot be modified or deleted once submitted. - Data may be published in aggregated form under the Open Data Commons Attribution License. - Results will not be published before the elections have concluded. Please answer the following questions considering that this person has given consent to participate in the survey considering it is July 2023, 4);15;20;10;5;25;25;35;40;25;15;5;10
You are: A person between 45  and  54 years old from Andalucia and your income is: Between 66.000 and 87.999 euros anuales. This person has read and agrees to participate in a survey conducted by a team of researchers in statistics and computer science, collecting data on voting intention in Spain's general elections on July 23, 2023. The person understands that: - Responses are anonymous. Researchers cannot identify participants. - Data cannot be modified or deleted once submitted. - Data may be published in aggregated form under the Open Data Commons Attribution License. - Results will not be published before the elections have concluded. Please answer the following questions considering that this person has given consent to participate in the survey considering it is July 2023, 4);15;20;5;10;25;25;30;40;30;10;5;20
You are: A person between 45  and  54 years old from Andalucia and your income is: Between 66.000 and 87.999 euros anuales. This person has read and agrees to participate in a survey conducted by a team of researchers in statistics and computer science, collecting data on voting intention in Spain's general elections on July 23, 2023. The person understands that: - Responses are anonymous. Researchers cannot identify participants. - Data cannot be modified or deleted once submitted. - Data may be published in aggregated form under the Open Data Commons Attribution License. - Results will not be published before the elections have concluded. Please answer the following questions considering that this person has given consent to participate in the survey considering it is July 2023, 4);12;20;8;5;15;40;25;50;25;10;5;15
You are: A person between 45  and  54 years old from Andalucia and your income is: Between 66.000 and 87.999 euros anuales. This person has read and agrees to participate in a survey conducted by a team of researchers in statistics and computer science, collecting data on voting intention in Spain's general elections on July 23, 2023. The person understands that: - Responses are anonymous. Researchers cannot identify participants. - Data cannot be modified or deleted once submitted. - Data may be published in aggregated form under the Open Data Commons Attribution License. - Results will not be published before the elections have concluded. Please answer the following questions considering that this person has given consent to participate in the survey considering it is July 2023, 4);15;20;10;5;8;12;25;30;15;18;5;7
You are: A person between 45  and  54 years old from Andalucia and your income is: Prefer not to say. This person has read and agrees to participate in a survey conducted by a team of researchers in statistics and computer science, collecting data on voting intention in Spain's general elections on July 23, 2023. The person understands that: - Responses are anonymous. Researchers cannot identify participants. - Data cannot be modified or deleted once submitted. - Data may be published in aggregated form under the Open Data Commons Attribution License. - Results will not be published before the elections have concluded. Please answer the following questions considering that this person has given consent to participate in the survey considering it is July 2023, 4);4;7;3;1;5;10;12;8;10;6;2;3
You are: A person between 45  and  54 years old from Andalucia and your income is: Prefer not to say. This person has read and agrees to participate in a survey conducted by a team of researchers in statistics and computer science, collecting data on voting intention in Spain's general elections on July 23, 2023. The person understands that: - Responses are anonymous. Researchers cannot identify participants. - Data cannot be modified or deleted once submitted. - Data may be published in aggregated form under the Open Data Commons Attribution License. - Results will not be published before the elections have concluded. Please answer the following questions considering that this person has given consent to participate in the survey considering it is July 2023, 4);12;27;8;10;2;31;30;35;25;15;3;10
You are: A person between 45  and  54 years old from Andalucia and your income is: Prefer not to say. This person has read and agrees to participate in a survey conducted by a team of researchers in statistics and computer science, collecting data on voting intention in Spain's general elections on July 23, 2023. The person understands that: - Responses are anonymous. Researchers cannot identify participants. - Data cannot be modified or deleted once submitted. - Data may be published in aggregated form under the Open Data Commons Attribution License. - Results will not be published before the elections have concluded. Please answer the following questions considering that this person has given consent to participate in the survey considering it is July 2023, 4);10;15;5;2;8;3;12;20;11;6;4;7
You are: A person between 45  and  54 years old from Andalucia and your income is: Prefer not to say. This person has read and agrees to participate in a survey conducted by a team of researchers in statistics and computer science, collecting data on voting intention in Spain's general elections on July 23, 2023. The person understands that: - Responses are anonymous. Researchers cannot identify participants. - Data cannot be modified or deleted once submitted. - Data may be published in aggregated form under the Open Data Commons Attribution License. - Results will not be published before the elections have concluded. Please answer the following questions considering that this person has given consent to participate in the survey considering it is July 2023, 4);15;20;10;5;25;25;45;35;20;10;5;15
You are: A person over  54 years old from Andalucia and your income is: Between 88.000 and 109.999 euros anuales. This person has read and agrees to participate in a survey conducted by a team of researchers in statistics and computer science, collecting data on voting intention in Spain's general elections on July 23, 2023. The person understands that: - Responses are anonymous. Researchers cannot identify participants. - Data cannot be modified or deleted once submitted. - Data may be published in aggregated form under the Open Data Commons Attribution License. - Results will not be published before the elections have concluded. Please answer the following questions considering that this person has given consent to participate in the survey considering it is July 2023, 9);25;40;5;10;15;10;30;45;50;20;5;10
You are: A person over  54 years old from Andalucia and your income is: Between 88.000 and 109.999 euros anuales. This person has read and agrees to participate in a survey conducted by a team of researchers in statistics and computer science, collecting data on voting intention in Spain's general elections on July 23, 2023. The person understands that: - Responses are anonymous. Researchers cannot identify participants. - Data cannot be modified or deleted once submitted. - Data may be published in aggregated form under the Open Data Commons Attribution License. - Results will not be published before the elections have concluded. Please answer the following questions considering that this person has given consent to participate in the survey considering it is July 2023, 9);15;20;5;10;15;20;25;30;20;10;5;15
You are: A person over  54 years old from Andalucia and your income is: Between 88.000 and 109.999 euros anuales. This person has read and agrees to participate in a survey conducted by a team of researchers in statistics and computer science, collecting data on voting intention in Spain's general elections on July 23, 2023. The person understands that: - Responses are anonymous. Researchers cannot identify participants. - Data cannot be modified or deleted once submitted. - Data may be published in aggregated form under the Open Data Commons Attribution License. - Results will not be published before the elections have concluded. Please answer the following questions considering that this person has given consent to participate in the survey considering it is July 2023, 9);15;20;5;2;10;25;25;25;50;15;8;5
You are: A person over  54 years old from Andalucia and your income is: Between 88.000 and 109.999 euros anuales. This person has read and agrees to participate in a survey conducted by a team of researchers in statistics and computer science, collecting data on voting intention in Spain's general elections on July 23, 2023. The person understands that: - Responses are anonymous. Researchers cannot identify participants. - Data cannot be modified or deleted once submitted. - Data may be published in aggregated form under the Open Data Commons Attribution License. - Results will not be published before the elections have concluded. Please answer the following questions considering that this person has given consent to participate in the survey considering it is July 2023, 9);12;7;5;1;6;4;7;12;16;4;2;1
You are: A person over  54 years old from Andalucia and your income is: Between 88.000 and 109.999 euros anuales. This person has read and agrees to participate in a survey conducted by a team of researchers in statistics and computer science, collecting data on voting intention in Spain's general elections on July 23, 2023. The person understands that: - Responses are anonymous. Researchers cannot identify participants. - Data cannot be modified or deleted once submitted. - Data may be published in aggregated form under the Open Data Commons Attribution License. - Results will not be published before the elections have concluded. Please answer the following questions considering that this person has given consent to participate in the survey considering it is July 2023, 9);15;10;8;2;5;20;15;15;30;10;5;8
You are: A person over  54 years old from Andalucia and your income is: Between 88.000 and 109.999 euros anuales. This person has read and agrees to participate in a survey conducted by a team of researchers in statistics and computer science, collecting data on voting intention in Spain's general elections on July 23, 2023. The person understands that: - Responses are anonymous. Researchers cannot identify participants. - Data cannot be modified or deleted once submitted. - Data may be published in aggregated form under the Open Data Commons Attribution License. - Results will not be published before the elections have concluded. Please answer the following questions considering that this person has given consent to participate in the survey considering it is July 2023, 9);15;20;8;2;5;10;15;25;20;10;4;6
You are: A person over  54 years old from Andalucia and your income is: Between 88.000 and 109.999 euros anuales. This person has read and agrees to participate in a survey conducted by a team of researchers in statistics and computer science, collecting data on voting intention in Spain's general elections on July 23, 2023. The person understands that: - Responses are anonymous. Researchers cannot identify participants. - Data cannot be modified or deleted once submitted. - Data may be published in aggregated form under the Open Data Commons Attribution License. - Results will not be published before the elections have concluded. Please answer the following questions considering that this person has given consent to participate in the survey considering it is July 2023, 9);15;20;10;15;20;5;20;30;35;10;5;10
You are: A person over  54 years old from Andalucia and your income is: Between 88.000 and 109.999 euros anuales. This person has read and agrees to participate in a survey conducted by a team of researchers in statistics and computer science, collecting data on voting intention in Spain's general elections on July 23, 2023. The person understands that: - Responses are anonymous. Researchers cannot identify participants. - Data cannot be modified or deleted once submitted. - Data may be published in aggregated form under the Open Data Commons Attribution License. - Results will not be published before the elections have concluded. Please answer the following questions considering that this person has given consent to participate in the survey considering it is July 2023, 9);12;8;4;9;11;6;14;11;15;6;3;7
You are: A person over  54 years old from Andalucia and your income is: Between 88.000 and 109.999 euros anuales. This person has read and agrees to participate in a survey conducted by a team of researchers in statistics and computer science, collecting data on voting intention in Spain's general elections on July 23, 2023. The person understands that: - Responses are anonymous. Researchers cannot identify participants. - Data cannot be modified or deleted once submitted. - Data may be published in aggregated form under the Open Data Commons Attribution License. - Results will not be published before the elections have concluded. Please answer the following questions considering that this person has given consent to participate in the survey considering it is July 2023, 9);15;35;5;10;20;15;30;40;30;20;5;10
You are: A person over  54 years old from Andalucia and your income is: Between 110.000 and 131.999 euros anuales. This person has read and agrees to participate in a survey conducted by a team of researchers in statistics and computer science, collecting data on voting intention in Spain's general elections on July 23, 2023. The person understands that: - Responses are anonymous. Researchers cannot identify participants. - Data cannot be modified or deleted once submitted. - Data may be published in aggregated form under the Open Data Commons Attribution License. - Results will not be published before the elections have concluded. Please answer the following questions considering that this person has given consent to participate in the survey considering it is July 2023, 3);15;20;5;2;25;30;15;20;40;10;3;5
You are: A person over  54 years old from Andalucia and your income is: Between 110.000 and 131.999 euros anuales. This person has read and agrees to participate in a survey conducted by a team of researchers in statistics and computer science, collecting data on voting intention in Spain's general elections on July 23, 2023. The person understands that: - Responses are anonymous. Researchers cannot identify participants. - Data cannot be modified or deleted once submitted. - Data may be published in aggregated form under the Open Data Commons Attribution License. - Results will not be published before the elections have concluded. Please answer the following questions considering that this person has given consent to participate in the survey considering it is July 2023, 3);20;30;15;10;25;25;30;40;55;20;10;15
You are: A person over  54 years old from Andalucia and your income is: Between 110.000 and 131.999 euros anuales. This person has read and agrees to participate in a survey conducted by a team of researchers in statistics and computer science, collecting data on voting intention in Spain's general elections on July 23, 2023. The person understands that: - Responses are anonymous. Researchers cannot identify participants. - Data cannot be modified or deleted once submitted. - Data may be published in aggregated form under the Open Data Commons Attribution License. - Results will not be published before the elections have concluded. Please answer the following questions considering that this person has given consent to participate in the survey considering it is July 2023, 3);15;20;5;8;10;12;15;20;25;10;5;8
You are: A person over  54 years old from Andalucia and your income is: Under 22.000 euros anuales. This person has read and agrees to participate in a survey conducted by a team of researchers in statistics and computer science, collecting data on voting intention in Spain's general elections on July 23, 2023. The person understands that: - Responses are anonymous. Researchers cannot identify participants. - Data cannot be modified or deleted once submitted. - Data may be published in aggregated form under the Open Data Commons Attribution License. - Results will not be published before the elections have concluded. Please answer the following questions considering that this person has given consent to participate in the survey considering it is July 2023, 14);10;50;5;2;15;18;25;30;40;10;5;14
You are: A person over  54 years old from Andalucia and your income is: Under 22.000 euros anuales. This person has read and agrees to participate in a survey conducted by a team of researchers in statistics and computer science, collecting data on voting intention in Spain's general elections on July 23, 2023. The person understands that: - Responses are anonymous. Researchers cannot identify participants. - Data cannot be modified or deleted once submitted. - Data may be published in aggregated form under the Open Data Commons Attribution License. - Results will not be published before the elections have concluded. Please answer the following questions considering that this person has given consent to participate in the survey considering it is July 2023, 14);10;15;5;0;8;7;10;15;20;5;3;8
You are: A person over  54 years old from Andalucia and your income is: Under 22.000 euros anuales. This person has read and agrees to participate in a survey conducted by a team of researchers in statistics and computer science, collecting data on voting intention in Spain's general elections on July 23, 2023. The person understands that: - Responses are anonymous. Researchers cannot identify participants. - Data cannot be modified or deleted once submitted. - Data may be published in aggregated form under the Open Data Commons Attribution License. - Results will not be published before the elections have concluded. Please answer the following questions considering that this person has given consent to participate in the survey considering it is July 2023, 14);5;12;2;1;7;6;7;8;18;4;2;5
You are: A person over  54 years old from Andalucia and your income is: Under 22.000 euros anuales. This person has read and agrees to participate in a survey conducted by a team of researchers in statistics and computer science, collecting data on voting intention in Spain's general elections on July 23, 2023. The person understands that: - Responses are anonymous. Researchers cannot identify participants. - Data cannot be modified or deleted once submitted. - Data may be published in aggregated form under the Open Data Commons Attribution License. - Results will not be published before the elections have concluded. Please answer the following questions considering that this person has given consent to participate in the survey considering it is July 2023, 14);6;12;5;2;10;15;10;20;20;5;2;8
You are: A person over  54 years old from Andalucia and your income is: Under 22.000 euros anuales. This person has read and agrees to participate in a survey conducted by a team of researchers in statistics and computer science, collecting data on voting intention in Spain's general elections on July 23, 2023. The person understands that: - Responses are anonymous. Researchers cannot identify participants. - Data cannot be modified or deleted once submitted. - Data may be published in aggregated form under the Open Data Commons Attribution License. - Results will not be published before the elections have concluded. Please answer the following questions considering that this person has given consent to participate in the survey considering it is July 2023, 14);5;8;3;0;2;10;6;10;12;4;1;6
You are: A person over  54 years old from Andalucia and your income is: Under 22.000 euros anuales. This person has read and agrees to participate in a survey conducted by a team of researchers in statistics and computer science, collecting data on voting intention in Spain's general elections on July 23, 2023. The person understands that: - Responses are anonymous. Researchers cannot identify participants. - Data cannot be modified or deleted once submitted. - Data may be published in aggregated form under the Open Data Commons Attribution License. - Results will not be published before the elections have concluded. Please answer the following questions considering that this person has given consent to participate in the survey considering it is July 2023, 14);10;12;6;4;8;15;12;15;18;6;2;7
You are: A person over  54 years old from Andalucia and your income is: Under 22.000 euros anuales. This person has read and agrees to participate in a survey conducted by a team of researchers in statistics and computer science, collecting data on voting intention in Spain's general elections on July 23, 2023. The person understands that: - Responses are anonymous. Researchers cannot identify participants. - Data cannot be modified or deleted once submitted. - Data may be published in aggregated form under the Open Data Commons Attribution License. - Results will not be published before the elections have concluded. Please answer the following questions considering that this person has given consent to participate in the survey considering it is July 2023, 14);5;10;3;2;7;13;8;12;20;4;2;6
You are: A person over  54 years old from Andalucia and your income is: Under 22.000 euros anuales. This person has read and agrees to participate in a survey conducted by a team of researchers in statistics and computer science, collecting data on voting intention in Spain's general elections on July 23, 2023. The person understands that: - Responses are anonymous. Researchers cannot identify participants. - Data cannot be modified or deleted once submitted. - Data may be published in aggregated form under the Open Data Commons Attribution License. - Results will not be published before the elections have concluded. Please answer the following questions considering that this person has given consent to participate in the survey considering it is July 2023, 14);7;15;2;1;5;10;8;10;22;4;1;8
You are: A person over  54 years old from Andalucia and your income is: Under 22.000 euros anuales. This person has read and agrees to participate in a survey conducted by a team of researchers in statistics and computer science, collecting data on voting intention in Spain's general elections on July 23, 2023. The person understands that: - Responses are anonymous. Researchers cannot identify participants. - Data cannot be modified or deleted once submitted. - Data may be published in aggregated form under the Open Data Commons Attribution License. - Results will not be published before the elections have concluded. Please answer the following questions considering that this person has given consent to participate in the survey considering it is July 2023, 14);15;30;5;10;20;20;25;40;35;15;5;10
You are: A person over  54 years old from Andalucia and your income is: Under 22.000 euros anuales. This person has read and agrees to participate in a survey conducted by a team of researchers in statistics and computer science, collecting data on voting intention in Spain's general elections on July 23, 2023. The person understands that: - Responses are anonymous. Researchers cannot identify participants. - Data cannot be modified or deleted once submitted. - Data may be published in aggregated form under the Open Data Commons Attribution License. - Results will not be published before the elections have concluded. Please answer the following questions considering that this person has given consent to participate in the survey considering it is July 2023, 14);8;15;2;0;5;10;15;10;10;5;2;8
You are: A person over  54 years old from Andalucia and your income is: Under 22.000 euros anuales. This person has read and agrees to participate in a survey conducted by a team of researchers in statistics and computer science, collecting data on voting intention in Spain's general elections on July 23, 2023. The person understands that: - Responses are anonymous. Researchers cannot identify participants. - Data cannot be modified or deleted once submitted. - Data may be published in aggregated form under the Open Data Commons Attribution License. - Results will not be published before the elections have concluded. Please answer the following questions considering that this person has given consent to participate in the survey considering it is July 2023, 14);10;25;5;0;10;15;15;20;25;10;5;15
You are: A person over  54 years old from Andalucia and your income is: Under 22.000 euros anuales. This person has read and agrees to participate in a survey conducted by a team of researchers in statistics and computer science, collecting data on voting intention in Spain's general elections on July 23, 2023. The person understands that: - Responses are anonymous. Researchers cannot identify participants. - Data cannot be modified or deleted once submitted. - Data may be published in aggregated form under the Open Data Commons Attribution License. - Results will not be published before the elections have concluded. Please answer the following questions considering that this person has given consent to participate in the survey considering it is July 2023, 14);10;20;5;2;15;50;30;40;30;10;5;15
You are: A person over  54 years old from Andalucia and your income is: Under 22.000 euros anuales. This person has read and agrees to participate in a survey conducted by a team of researchers in statistics and computer science, collecting data on voting intention in Spain's general elections on July 23, 2023. The person understands that: - Responses are anonymous. Researchers cannot identify participants. - Data cannot be modified or deleted once submitted. - Data may be published in aggregated form under the Open Data Commons Attribution License. - Results will not be published before the elections have concluded. Please answer the following questions considering that this person has given consent to participate in the survey considering it is July 2023, 14);5;10;3;1;2;4;6;7;12;2;1;2
You are: A person over  54 years old from Andalucia and your income is: Under 22.000 euros anuales. This person has read and agrees to participate in a survey conducted by a team of researchers in statistics and computer science, collecting data on voting intention in Spain's general elections on July 23, 2023. The person understands that: - Responses are anonymous. Researchers cannot identify participants. - Data cannot be modified or deleted once submitted. - Data may be published in aggregated form under the Open Data Commons Attribution License. - Results will not be published before the elections have concluded. Please answer the following questions considering that this person has given consent to participate in the survey considering it is July 2023, 14);5;15;2;0;7;10;10;13;16;3;1;5
You are: A person over  54 years old from Andalucia and your income is: Between 22.000 and 43.999 euros anuales. This person has read and agrees to participate in a survey conducted by a team of researchers in statistics and computer science, collecting data on voting intention in Spain's general elections on July 23, 2023. The person understands that: - Responses are anonymous. Researchers cannot identify participants. - Data cannot be modified or deleted once submitted. - Data may be published in aggregated form under the Open Data Commons Attribution License. - Results will not be published before the elections have concluded. Please answer the following questions considering that this person has given consent to participate in the survey considering it is July 2023, 19);15;20;5;0;10;15;18;22;25;7;3;12
You are: A person over  54 years old from Andalucia and your income is: Between 22.000 and 43.999 euros anuales. This person has read and agrees to participate in a survey conducted by a team of researchers in statistics and computer science, collecting data on voting intention in Spain's general elections on July 23, 2023. The person understands that: - Responses are anonymous. Researchers cannot identify participants. - Data cannot be modified or deleted once submitted. - Data may be published in aggregated form under the Open Data Commons Attribution License. - Results will not be published before the elections have concluded. Please answer the following questions considering that this person has given consent to participate in the survey considering it is July 2023, 19);10;25;5;2;15;18;12;20;43;7;3;10
You are: A person over  54 years old from Andalucia and your income is: Between 22.000 and 43.999 euros anuales. This person has read and agrees to participate in a survey conducted by a team of researchers in statistics and computer science, collecting data on voting intention in Spain's general elections on July 23, 2023. The person understands that: - Responses are anonymous. Researchers cannot identify participants. - Data cannot be modified or deleted once submitted. - Data may be published in aggregated form under the Open Data Commons Attribution License. - Results will not be published before the elections have concluded. Please answer the following questions considering that this person has given consent to participate in the survey considering it is July 2023, 19);15;25;5;0;10;45;20;30;50;15;5;20
You are: A person over  54 years old from Andalucia and your income is: Between 22.000 and 43.999 euros anuales. This person has read and agrees to participate in a survey conducted by a team of researchers in statistics and computer science, collecting data on voting intention in Spain's general elections on July 23, 2023. The person understands that: - Responses are anonymous. Researchers cannot identify participants. - Data cannot be modified or deleted once submitted. - Data may be published in aggregated form under the Open Data Commons Attribution License. - Results will not be published before the elections have concluded. Please answer the following questions considering that this person has given consent to participate in the survey considering it is July 2023, 19);10;15;5;3;12;15;8;14;33;5;2;7
You are: A person over  54 years old from Andalucia and your income is: Between 22.000 and 43.999 euros anuales. This person has read and agrees to participate in a survey conducted by a team of researchers in statistics and computer science, collecting data on voting intention in Spain's general elections on July 23, 2023. The person understands that: - Responses are anonymous. Researchers cannot identify participants. - Data cannot be modified or deleted once submitted. - Data may be published in aggregated form under the Open Data Commons Attribution License. - Results will not be published before the elections have concluded. Please answer the following questions considering that this person has given consent to participate in the survey considering it is July 2023, 19);5;15;3;1;0;6;8;10;12;3;2;4
You are: A person over  54 years old from Andalucia and your income is: Between 22.000 and 43.999 euros anuales. This person has read and agrees to participate in a survey conducted by a team of researchers in statistics and computer science, collecting data on voting intention in Spain's general elections on July 23, 2023. The person understands that: - Responses are anonymous. Researchers cannot identify participants. - Data cannot be modified or deleted once submitted. - Data may be published in aggregated form under the Open Data Commons Attribution License. - Results will not be published before the elections have concluded. Please answer the following questions considering that this person has given consent to participate in the survey considering it is July 2023, 19);7;15;2;1;3;7;10;15;10;5;1;4
You are: A person over  54 years old from Andalucia and your income is: Between 22.000 and 43.999 euros anuales. This person has read and agrees to participate in a survey conducted by a team of researchers in statistics and computer science, collecting data on voting intention in Spain's general elections on July 23, 2023. The person understands that: - Responses are anonymous. Researchers cannot identify participants. - Data cannot be modified or deleted once submitted. - Data may be published in aggregated form under the Open Data Commons Attribution License. - Results will not be published before the elections have concluded. Please answer the following questions considering that this person has given consent to participate in the survey considering it is July 2023, 19);5;7;2;1;3;4;8;6;5;2;1;3
You are: A person over  54 years old from Andalucia and your income is: Between 22.000 and 43.999 euros anuales. This person has read and agrees to participate in a survey conducted by a team of researchers in statistics and computer science, collecting data on voting intention in Spain's general elections on July 23, 2023. The person understands that: - Responses are anonymous. Researchers cannot identify participants. - Data cannot be modified or deleted once submitted. - Data may be published in aggregated form under the Open Data Commons Attribution License. - Results will not be published before the elections have concluded. Please answer the following questions considering that this person has given consent to participate in the survey considering it is July 2023, 19);10;15;5;2;3;12;5;11;21;7;2;4
You are: A person over  54 years old from Andalucia and your income is: Between 22.000 and 43.999 euros anuales. This person has read and agrees to participate in a survey conducted by a team of researchers in statistics and computer science, collecting data on voting intention in Spain's general elections on July 23, 2023. The person understands that: - Responses are anonymous. Researchers cannot identify participants. - Data cannot be modified or deleted once submitted. - Data may be published in aggregated form under the Open Data Commons Attribution License. - Results will not be published before the elections have concluded. Please answer the following questions considering that this person has given consent to participate in the survey considering it is July 2023, 19);12;20;5;0;15;18;15;22;33;7;3;8
You are: A person over  54 years old from Andalucia and your income is: Between 22.000 and 43.999 euros anuales. This person has read and agrees to participate in a survey conducted by a team of researchers in statistics and computer science, collecting data on voting intention in Spain's general elections on July 23, 2023. The person understands that: - Responses are anonymous. Researchers cannot identify participants. - Data cannot be modified or deleted once submitted. - Data may be published in aggregated form under the Open Data Commons Attribution License. - Results will not be published before the elections have concluded. Please answer the following questions considering that this person has given consent to participate in the survey considering it is July 2023, 19);10;25;8;5;15;10;18;25;20;15;3;8
You are: A person over  54 years old from Andalucia and your income is: Between 22.000 and 43.999 euros anuales. This person has read and agrees to participate in a survey conducted by a team of researchers in statistics and computer science, collecting data on voting intention in Spain's general elections on July 23, 2023. The person understands that: - Responses are anonymous. Researchers cannot identify participants. - Data cannot be modified or deleted once submitted. - Data may be published in aggregated form under the Open Data Commons Attribution License. - Results will not be published before the elections have concluded. Please answer the following questions considering that this person has given consent to participate in the survey considering it is July 2023, 19);12;20;5;3;10;30;20;25;35;15;7;10
You are: A person over  54 years old from Andalucia and your income is: Between 22.000 and 43.999 euros anuales. This person has read and agrees to participate in a survey conducted by a team of researchers in statistics and computer science, collecting data on voting intention in Spain's general elections on July 23, 2023. The person understands that: - Responses are anonymous. Researchers cannot identify participants. - Data cannot be modified or deleted once submitted. - Data may be published in aggregated form under the Open Data Commons Attribution License. - Results will not be published before the elections have concluded. Please answer the following questions considering that this person has given consent to participate in the survey considering it is July 2023, 19);10;15;5;3;8;9;10;15;25;7;2;6
You are: A person over  54 years old from Andalucia and your income is: Between 22.000 and 43.999 euros anuales. This person has read and agrees to participate in a survey conducted by a team of researchers in statistics and computer science, collecting data on voting intention in Spain's general elections on July 23, 2023. The person understands that: - Responses are anonymous. Researchers cannot identify participants. - Data cannot be modified or deleted once submitted. - Data may be published in aggregated form under the Open Data Commons Attribution License. - Results will not be published before the elections have concluded. Please answer the following questions considering that this person has given consent to participate in the survey considering it is July 2023, 19);15;30;5;10;20;20;25;30;45;15;5;10
You are: A person over  54 years old from Andalucia and your income is: Between 22.000 and 43.999 euros anuales. This person has read and agrees to participate in a survey conducted by a team of researchers in statistics and computer science, collecting data on voting intention in Spain's general elections on July 23, 2023. The person understands that: - Responses are anonymous. Researchers cannot identify participants. - Data cannot be modified or deleted once submitted. - Data may be published in aggregated form under the Open Data Commons Attribution License. - Results will not be published before the elections have concluded. Please answer the following questions considering that this person has given consent to participate in the survey considering it is July 2023, 19);20;30;15;5;10;20;40;30;30;10;5;15
You are: A person over  54 years old from Andalucia and your income is: Between 22.000 and 43.999 euros anuales. This person has read and agrees to participate in a survey conducted by a team of researchers in statistics and computer science, collecting data on voting intention in Spain's general elections on July 23, 2023. The person understands that: - Responses are anonymous. Researchers cannot identify participants. - Data cannot be modified or deleted once submitted. - Data may be published in aggregated form under the Open Data Commons Attribution License. - Results will not be published before the elections have concluded. Please answer the following questions considering that this person has given consent to participate in the survey considering it is July 2023, 19);15;20;5;2;10;18;25;15;30;5;7;10
You are: A person over  54 years old from Andalucia and your income is: Between 22.000 and 43.999 euros anuales. This person has read and agrees to participate in a survey conducted by a team of researchers in statistics and computer science, collecting data on voting intention in Spain's general elections on July 23, 2023. The person understands that: - Responses are anonymous. Researchers cannot identify participants. - Data cannot be modified or deleted once submitted. - Data may be published in aggregated form under the Open Data Commons Attribution License. - Results will not be published before the elections have concluded. Please answer the following questions considering that this person has given consent to participate in the survey considering it is July 2023, 19);15;25;5;8;20;27;35;30;35;10;2;8
You are: A person over  54 years old from Andalucia and your income is: Between 22.000 and 43.999 euros anuales. This person has read and agrees to participate in a survey conducted by a team of researchers in statistics and computer science, collecting data on voting intention in Spain's general elections on July 23, 2023. The person understands that: - Responses are anonymous. Researchers cannot identify participants. - Data cannot be modified or deleted once submitted. - Data may be published in aggregated form under the Open Data Commons Attribution License. - Results will not be published before the elections have concluded. Please answer the following questions considering that this person has given consent to participate in the survey considering it is July 2023, 19);15;20;5;10;7;8;12;20;33;2;1;5
You are: A person over  54 years old from Andalucia and your income is: Between 22.000 and 43.999 euros anuales. This person has read and agrees to participate in a survey conducted by a team of researchers in statistics and computer science, collecting data on voting intention in Spain's general elections on July 23, 2023. The person understands that: - Responses are anonymous. Researchers cannot identify participants. - Data cannot be modified or deleted once submitted. - Data may be published in aggregated form under the Open Data Commons Attribution License. - Results will not be published before the elections have concluded. Please answer the following questions considering that this person has given consent to participate in the survey considering it is July 2023, 19);10;15;5;2;8;10;15;15;20;3;2;5
You are: A person over  54 years old from Andalucia and your income is: Between 22.000 and 43.999 euros anuales. This person has read and agrees to participate in a survey conducted by a team of researchers in statistics and computer science, collecting data on voting intention in Spain's general elections on July 23, 2023. The person understands that: - Responses are anonymous. Researchers cannot identify participants. - Data cannot be modified or deleted once submitted. - Data may be published in aggregated form under the Open Data Commons Attribution License. - Results will not be published before the elections have concluded. Please answer the following questions considering that this person has given consent to participate in the survey considering it is July 2023, 19);12;20;6;2;10;15;17;20;28;8;2;5
You are: A person over  54 years old from Andalucia and your income is: Between 44.000 and 65.999 euros anuales. This person has read and agrees to participate in a survey conducted by a team of researchers in statistics and computer science, collecting data on voting intention in Spain's general elections on July 23, 2023. The person understands that: - Responses are anonymous. Researchers cannot identify participants. - Data cannot be modified or deleted once submitted. - Data may be published in aggregated form under the Open Data Commons Attribution License. - Results will not be published before the elections have concluded. Please answer the following questions considering that this person has given consent to participate in the survey considering it is July 2023, 17);15;20;5;7;10;8;15;20;30;10;5;7
You are: A person over  54 years old from Andalucia and your income is: Between 44.000 and 65.999 euros anuales. This person has read and agrees to participate in a survey conducted by a team of researchers in statistics and computer science, collecting data on voting intention in Spain's general elections on July 23, 2023. The person understands that: - Responses are anonymous. Researchers cannot identify participants. - Data cannot be modified or deleted once submitted. - Data may be published in aggregated form under the Open Data Commons Attribution License. - Results will not be published before the elections have concluded. Please answer the following questions considering that this person has given consent to participate in the survey considering it is July 2023, 17);12;20;7;5;15;21;18;22;30;10;3;8
You are: A person over  54 years old from Andalucia and your income is: Between 44.000 and 65.999 euros anuales. This person has read and agrees to participate in a survey conducted by a team of researchers in statistics and computer science, collecting data on voting intention in Spain's general elections on July 23, 2023. The person understands that: - Responses are anonymous. Researchers cannot identify participants. - Data cannot be modified or deleted once submitted. - Data may be published in aggregated form under the Open Data Commons Attribution License. - Results will not be published before the elections have concluded. Please answer the following questions considering that this person has given consent to participate in the survey considering it is July 2023, 17);5;10;1;2;3;5;12;8;6;3;1;2
You are: A person over  54 years old from Andalucia and your income is: Between 44.000 and 65.999 euros anuales. This person has read and agrees to participate in a survey conducted by a team of researchers in statistics and computer science, collecting data on voting intention in Spain's general elections on July 23, 2023. The person understands that: - Responses are anonymous. Researchers cannot identify participants. - Data cannot be modified or deleted once submitted. - Data may be published in aggregated form under the Open Data Commons Attribution License. - Results will not be published before the elections have concluded. Please answer the following questions considering that this person has given consent to participate in the survey considering it is July 2023, 17);10;15;5;2;10;8;10;20;20;5;2;5
You are: A person over  54 years old from Andalucia and your income is: Between 44.000 and 65.999 euros anuales. This person has read and agrees to participate in a survey conducted by a team of researchers in statistics and computer science, collecting data on voting intention in Spain's general elections on July 23, 2023. The person understands that: - Responses are anonymous. Researchers cannot identify participants. - Data cannot be modified or deleted once submitted. - Data may be published in aggregated form under the Open Data Commons Attribution License. - Results will not be published before the elections have concluded. Please answer the following questions considering that this person has given consent to participate in the survey considering it is July 2023, 17);15;22;7;5;10;20;30;25;45;12;8;15
You are: A person over  54 years old from Andalucia and your income is: Between 44.000 and 65.999 euros anuales. This person has read and agrees to participate in a survey conducted by a team of researchers in statistics and computer science, collecting data on voting intention in Spain's general elections on July 23, 2023. The person understands that: - Responses are anonymous. Researchers cannot identify participants. - Data cannot be modified or deleted once submitted. - Data may be published in aggregated form under the Open Data Commons Attribution License. - Results will not be published before the elections have concluded. Please answer the following questions considering that this person has given consent to participate in the survey considering it is July 2023, 17);15;20;10;5;10;30;10;20;70;15;5;10
You are: A person over  54 years old from Andalucia and your income is: Between 44.000 and 65.999 euros anuales. This person has read and agrees to participate in a survey conducted by a team of researchers in statistics and computer science, collecting data on voting intention in Spain's general elections on July 23, 2023. The person understands that: - Responses are anonymous. Researchers cannot identify participants. - Data cannot be modified or deleted once submitted. - Data may be published in aggregated form under the Open Data Commons Attribution License. - Results will not be published before the elections have concluded. Please answer the following questions considering that this person has given consent to participate in the survey considering it is July 2023, 17);12;15;5;8;10;7;15;20;22;5;3;7
You are: A person over  54 years old from Andalucia and your income is: Between 44.000 and 65.999 euros anuales. This person has read and agrees to participate in a survey conducted by a team of researchers in statistics and computer science, collecting data on voting intention in Spain's general elections on July 23, 2023. The person understands that: - Responses are anonymous. Researchers cannot identify participants. - Data cannot be modified or deleted once submitted. - Data may be published in aggregated form under the Open Data Commons Attribution License. - Results will not be published before the elections have concluded. Please answer the following questions considering that this person has given consent to participate in the survey considering it is July 2023, 17);7;12;3;2;6;10;5;15;20;8;2;4
You are: A person over  54 years old from Andalucia and your income is: Between 44.000 and 65.999 euros anuales. This person has read and agrees to participate in a survey conducted by a team of researchers in statistics and computer science, collecting data on voting intention in Spain's general elections on July 23, 2023. The person understands that: - Responses are anonymous. Researchers cannot identify participants. - Data cannot be modified or deleted once submitted. - Data may be published in aggregated form under the Open Data Commons Attribution License. - Results will not be published before the elections have concluded. Please answer the following questions considering that this person has given consent to participate in the survey considering it is July 2023, 17);15;30;10;5;8;12;20;25;35;10;12;8
You are: A person over  54 years old from Andalucia and your income is: Between 44.000 and 65.999 euros anuales. This person has read and agrees to participate in a survey conducted by a team of researchers in statistics and computer science, collecting data on voting intention in Spain's general elections on July 23, 2023. The person understands that: - Responses are anonymous. Researchers cannot identify participants. - Data cannot be modified or deleted once submitted. - Data may be published in aggregated form under the Open Data Commons Attribution License. - Results will not be published before the elections have concluded. Please answer the following questions considering that this person has given consent to participate in the survey considering it is July 2023, 17);15;20;5;10;15;10;20;30;50;10;5;15
You are: A person over  54 years old from Andalucia and your income is: Between 44.000 and 65.999 euros anuales. This person has read and agrees to participate in a survey conducted by a team of researchers in statistics and computer science, collecting data on voting intention in Spain's general elections on July 23, 2023. The person understands that: - Responses are anonymous. Researchers cannot identify participants. - Data cannot be modified or deleted once submitted. - Data may be published in aggregated form under the Open Data Commons Attribution License. - Results will not be published before the elections have concluded. Please answer the following questions considering that this person has given consent to participate in the survey considering it is July 2023, 17);17;25;12;10;22;14;21;38;41;14;3;17
You are: A person over  54 years old from Andalucia and your income is: Between 44.000 and 65.999 euros anuales. This person has read and agrees to participate in a survey conducted by a team of researchers in statistics and computer science, collecting data on voting intention in Spain's general elections on July 23, 2023. The person understands that: - Responses are anonymous. Researchers cannot identify participants. - Data cannot be modified or deleted once submitted. - Data may be published in aggregated form under the Open Data Commons Attribution License. - Results will not be published before the elections have concluded. Please answer the following questions considering that this person has given consent to participate in the survey considering it is July 2023, 17);25;15;5;10;20;25;30;25;45;20;10;15
You are: A person over  54 years old from Andalucia and your income is: Between 44.000 and 65.999 euros anuales. This person has read and agrees to participate in a survey conducted by a team of researchers in statistics and computer science, collecting data on voting intention in Spain's general elections on July 23, 2023. The person understands that: - Responses are anonymous. Researchers cannot identify participants. - Data cannot be modified or deleted once submitted. - Data may be published in aggregated form under the Open Data Commons Attribution License. - Results will not be published before the elections have concluded. Please answer the following questions considering that this person has given consent to participate in the survey considering it is July 2023, 17);12;10;5;8;10;7;12;20;18;6;4;8
You are: A person over  54 years old from Andalucia and your income is: Between 44.000 and 65.999 euros anuales. This person has read and agrees to participate in a survey conducted by a team of researchers in statistics and computer science, collecting data on voting intention in Spain's general elections on July 23, 2023. The person understands that: - Responses are anonymous. Researchers cannot identify participants. - Data cannot be modified or deleted once submitted. - Data may be published in aggregated form under the Open Data Commons Attribution License. - Results will not be published before the elections have concluded. Please answer the following questions considering that this person has given consent to participate in the survey considering it is July 2023, 17);15;25;5;10;20;20;20;25;40;10;5;15
You are: A person over  54 years old from Andalucia and your income is: Between 44.000 and 65.999 euros anuales. This person has read and agrees to participate in a survey conducted by a team of researchers in statistics and computer science, collecting data on voting intention in Spain's general elections on July 23, 2023. The person understands that: - Responses are anonymous. Researchers cannot identify participants. - Data cannot be modified or deleted once submitted. - Data may be published in aggregated form under the Open Data Commons Attribution License. - Results will not be published before the elections have concluded. Please answer the following questions considering that this person has given consent to participate in the survey considering it is July 2023, 17);8;16;6;3;10;20;25;20;45;15;10;5
You are: A person over  54 years old from Andalucia and your income is: Between 44.000 and 65.999 euros anuales. This person has read and agrees to participate in a survey conducted by a team of researchers in statistics and computer science, collecting data on voting intention in Spain's general elections on July 23, 2023. The person understands that: - Responses are anonymous. Researchers cannot identify participants. - Data cannot be modified or deleted once submitted. - Data may be published in aggregated form under the Open Data Commons Attribution License. - Results will not be published before the elections have concluded. Please answer the following questions considering that this person has given consent to participate in the survey considering it is July 2023, 17);10;15;5;3;7;20;8;15;27;10;3;5
You are: A person over  54 years old from Andalucia and your income is: Between 44.000 and 65.999 euros anuales. This person has read and agrees to participate in a survey conducted by a team of researchers in statistics and computer science, collecting data on voting intention in Spain's general elections on July 23, 2023. The person understands that: - Responses are anonymous. Researchers cannot identify participants. - Data cannot be modified or deleted once submitted. - Data may be published in aggregated form under the Open Data Commons Attribution License. - Results will not be published before the elections have concluded. Please answer the following questions considering that this person has given consent to participate in the survey considering it is July 2023, 17);8;12;4;1;5;10;10;15;15;7;3;8
You are: A person over  54 years old from Andalucia and your income is: Between 66.000 and 87.999 euros anuales. This person has read and agrees to participate in a survey conducted by a team of researchers in statistics and computer science, collecting data on voting intention in Spain's general elections on July 23, 2023. The person understands that: - Responses are anonymous. Researchers cannot identify participants. - Data cannot be modified or deleted once submitted. - Data may be published in aggregated form under the Open Data Commons Attribution License. - Results will not be published before the elections have concluded. Please answer the following questions considering that this person has given consent to participate in the survey considering it is July 2023, 13);15;10;5;0;5;10;8;15;22;5;3;7
You are: A person over  54 years old from Andalucia and your income is: Between 66.000 and 87.999 euros anuales. This person has read and agrees to participate in a survey conducted by a team of researchers in statistics and computer science, collecting data on voting intention in Spain's general elections on July 23, 2023. The person understands that: - Responses are anonymous. Researchers cannot identify participants. - Data cannot be modified or deleted once submitted. - Data may be published in aggregated form under the Open Data Commons Attribution License. - Results will not be published before the elections have concluded. Please answer the following questions considering that this person has given consent to participate in the survey considering it is July 2023, 13);Alrededor de 20;Alrededor de 30;Alrededor de 8;No conozco a nadie que vaya a votar a Sumar;Unos 15 aproximadamente;Alrededor de 27;Unos 20;Alrededor de 35;Alrededor de 45;Unos 10 aproximadamente;Unos 6;Alrededor de 10
You are: A person over  54 years old from Andalucia and your income is: Between 66.000 and 87.999 euros anuales. This person has read and agrees to participate in a survey conducted by a team of researchers in statistics and computer science, collecting data on voting intention in Spain's general elections on July 23, 2023. The person understands that: - Responses are anonymous. Researchers cannot identify participants. - Data cannot be modified or deleted once submitted. - Data may be published in aggregated form under the Open Data Commons Attribution License. - Results will not be published before the elections have concluded. Please answer the following questions considering that this person has given consent to participate in the survey considering it is July 2023, 13);10;20;5;2;30;5;15;30;40;10;5;15
You are: A person over  54 years old from Andalucia and your income is: Between 66.000 and 87.999 euros anuales. This person has read and agrees to participate in a survey conducted by a team of researchers in statistics and computer science, collecting data on voting intention in Spain's general elections on July 23, 2023. The person understands that: - Responses are anonymous. Researchers cannot identify participants. - Data cannot be modified or deleted once submitted. - Data may be published in aggregated form under the Open Data Commons Attribution License. - Results will not be published before the elections have concluded. Please answer the following questions considering that this person has given consent to participate in the survey considering it is July 2023, 13);7;15;5;2;8;10;12;15;20;5;3;7
You are: A person over  54 years old from Andalucia and your income is: Between 66.000 and 87.999 euros anuales. This person has read and agrees to participate in a survey conducted by a team of researchers in statistics and computer science, collecting data on voting intention in Spain's general elections on July 23, 2023. The person understands that: - Responses are anonymous. Researchers cannot identify participants. - Data cannot be modified or deleted once submitted. - Data may be published in aggregated form under the Open Data Commons Attribution License. - Results will not be published before the elections have concluded. Please answer the following questions considering that this person has given consent to participate in the survey considering it is July 2023, 13);12;18;5;4;10;20;15;18;36;9;3;7
You are: A person over  54 years old from Andalucia and your income is: Between 66.000 and 87.999 euros anuales. This person has read and agrees to participate in a survey conducted by a team of researchers in statistics and computer science, collecting data on voting intention in Spain's general elections on July 23, 2023. The person understands that: - Responses are anonymous. Researchers cannot identify participants. - Data cannot be modified or deleted once submitted. - Data may be published in aggregated form under the Open Data Commons Attribution License. - Results will not be published before the elections have concluded. Please answer the following questions considering that this person has given consent to participate in the survey considering it is July 2023, 13);3;7;2;1;4;6;5;7;10;2;1;2
You are: A person over  54 years old from Andalucia and your income is: Between 66.000 and 87.999 euros anuales. This person has read and agrees to participate in a survey conducted by a team of researchers in statistics and computer science, collecting data on voting intention in Spain's general elections on July 23, 2023. The person understands that: - Responses are anonymous. Researchers cannot identify participants. - Data cannot be modified or deleted once submitted. - Data may be published in aggregated form under the Open Data Commons Attribution License. - Results will not be published before the elections have concluded. Please answer the following questions considering that this person has given consent to participate in the survey considering it is July 2023, 13);10;15;0;5;12;8;20;15;10;7;3;2
You are: A person over  54 years old from Andalucia and your income is: Between 66.000 and 87.999 euros anuales. This person has read and agrees to participate in a survey conducted by a team of researchers in statistics and computer science, collecting data on voting intention in Spain's general elections on July 23, 2023. The person understands that: - Responses are anonymous. Researchers cannot identify participants. - Data cannot be modified or deleted once submitted. - Data may be published in aggregated form under the Open Data Commons Attribution License. - Results will not be published before the elections have concluded. Please answer the following questions considering that this person has given consent to participate in the survey considering it is July 2023, 13);15;25;10;5;12;20;30;25;30;12;2;5
You are: A person over  54 years old from Andalucia and your income is: Between 66.000 and 87.999 euros anuales. This person has read and agrees to participate in a survey conducted by a team of researchers in statistics and computer science, collecting data on voting intention in Spain's general elections on July 23, 2023. The person understands that: - Responses are anonymous. Researchers cannot identify participants. - Data cannot be modified or deleted once submitted. - Data may be published in aggregated form under the Open Data Commons Attribution License. - Results will not be published before the elections have concluded. Please answer the following questions considering that this person has given consent to participate in the survey considering it is July 2023, 13);10;5;2;0;7;5;8;12;19;3;1;2
You are: A person over  54 years old from Andalucia and your income is: Between 66.000 and 87.999 euros anuales. This person has read and agrees to participate in a survey conducted by a team of researchers in statistics and computer science, collecting data on voting intention in Spain's general elections on July 23, 2023. The person understands that: - Responses are anonymous. Researchers cannot identify participants. - Data cannot be modified or deleted once submitted. - Data may be published in aggregated form under the Open Data Commons Attribution License. - Results will not be published before the elections have concluded. Please answer the following questions considering that this person has given consent to participate in the survey considering it is July 2023, 13);15;20;10;5;10;20;30;25;35;10;5;15
You are: A person over  54 years old from Andalucia and your income is: Between 66.000 and 87.999 euros anuales. This person has read and agrees to participate in a survey conducted by a team of researchers in statistics and computer science, collecting data on voting intention in Spain's general elections on July 23, 2023. The person understands that: - Responses are anonymous. Researchers cannot identify participants. - Data cannot be modified or deleted once submitted. - Data may be published in aggregated form under the Open Data Commons Attribution License. - Results will not be published before the elections have concluded. Please answer the following questions considering that this person has given consent to participate in the survey considering it is July 2023, 13);12;20;5;7;15;10;20;25;35;12;6;8
You are: A person over  54 years old from Andalucia and your income is: Between 66.000 and 87.999 euros anuales. This person has read and agrees to participate in a survey conducted by a team of researchers in statistics and computer science, collecting data on voting intention in Spain's general elections on July 23, 2023. The person understands that: - Responses are anonymous. Researchers cannot identify participants. - Data cannot be modified or deleted once submitted. - Data may be published in aggregated form under the Open Data Commons Attribution License. - Results will not be published before the elections have concluded. Please answer the following questions considering that this person has given consent to participate in the survey considering it is July 2023, 13);15;20;5;10;30;20;25;30;45;10;5;10
You are: A person over  54 years old from Andalucia and your income is: Between 66.000 and 87.999 euros anuales. This person has read and agrees to participate in a survey conducted by a team of researchers in statistics and computer science, collecting data on voting intention in Spain's general elections on July 23, 2023. The person understands that: - Responses are anonymous. Researchers cannot identify participants. - Data cannot be modified or deleted once submitted. - Data may be published in aggregated form under the Open Data Commons Attribution License. - Results will not be published before the elections have concluded. Please answer the following questions considering that this person has given consent to participate in the survey considering it is July 2023, 13);20;30;15;10;17;18;40;30;50;25;7;10
You are: A person over  54 years old from Andalucia and your income is: Prefer not to say. This person has read and agrees to participate in a survey conducted by a team of researchers in statistics and computer science, collecting data on voting intention in Spain's general elections on July 23, 2023. The person understands that: - Responses are anonymous. Researchers cannot identify participants. - Data cannot be modified or deleted once submitted. - Data may be published in aggregated form under the Open Data Commons Attribution License. - Results will not be published before the elections have concluded. Please answer the following questions considering that this person has given consent to participate in the survey considering it is July 2023, 8);12;18;6;3;5;10;12;20;22;5;2;8
You are: A person over  54 years old from Andalucia and your income is: Prefer not to say. This person has read and agrees to participate in a survey conducted by a team of researchers in statistics and computer science, collecting data on voting intention in Spain's general elections on July 23, 2023. The person understands that: - Responses are anonymous. Researchers cannot identify participants. - Data cannot be modified or deleted once submitted. - Data may be published in aggregated form under the Open Data Commons Attribution License. - Results will not be published before the elections have concluded. Please answer the following questions considering that this person has given consent to participate in the survey considering it is July 2023, 8);10;5;3;2;7;8;10;10;15;3;2;4
You are: A person over  54 years old from Andalucia and your income is: Prefer not to say. This person has read and agrees to participate in a survey conducted by a team of researchers in statistics and computer science, collecting data on voting intention in Spain's general elections on July 23, 2023. The person understands that: - Responses are anonymous. Researchers cannot identify participants. - Data cannot be modified or deleted once submitted. - Data may be published in aggregated form under the Open Data Commons Attribution License. - Results will not be published before the elections have concluded. Please answer the following questions considering that this person has given consent to participate in the survey considering it is July 2023, 8);12;18;4;3;5;7;8;15;21;4;1;6
You are: A person over  54 years old from Andalucia and your income is: Prefer not to say. This person has read and agrees to participate in a survey conducted by a team of researchers in statistics and computer science, collecting data on voting intention in Spain's general elections on July 23, 2023. The person understands that: - Responses are anonymous. Researchers cannot identify participants. - Data cannot be modified or deleted once submitted. - Data may be published in aggregated form under the Open Data Commons Attribution License. - Results will not be published before the elections have concluded. Please answer the following questions considering that this person has given consent to participate in the survey considering it is July 2023, 8);5;10;2;1;3;8;7;12;9;2;1;4
You are: A person over  54 years old from Andalucia and your income is: Prefer not to say. This person has read and agrees to participate in a survey conducted by a team of researchers in statistics and computer science, collecting data on voting intention in Spain's general elections on July 23, 2023. The person understands that: - Responses are anonymous. Researchers cannot identify participants. - Data cannot be modified or deleted once submitted. - Data may be published in aggregated form under the Open Data Commons Attribution License. - Results will not be published before the elections have concluded. Please answer the following questions considering that this person has given consent to participate in the survey considering it is July 2023, 8);15;20;5;0;10;50;30;40;30;15;5;10
You are: A person over  54 years old from Andalucia and your income is: Prefer not to say. This person has read and agrees to participate in a survey conducted by a team of researchers in statistics and computer science, collecting data on voting intention in Spain's general elections on July 23, 2023. The person understands that: - Responses are anonymous. Researchers cannot identify participants. - Data cannot be modified or deleted once submitted. - Data may be published in aggregated form under the Open Data Commons Attribution License. - Results will not be published before the elections have concluded. Please answer the following questions considering that this person has given consent to participate in the survey considering it is July 2023, 8);6;15;3;2;8;10;10;12;22;7;4;6
You are: A person over  54 years old from Andalucia and your income is: Prefer not to say. This person has read and agrees to participate in a survey conducted by a team of researchers in statistics and computer science, collecting data on voting intention in Spain's general elections on July 23, 2023. The person understands that: - Responses are anonymous. Researchers cannot identify participants. - Data cannot be modified or deleted once submitted. - Data may be published in aggregated form under the Open Data Commons Attribution License. - Results will not be published before the elections have concluded. Please answer the following questions considering that this person has given consent to participate in the survey considering it is July 2023, 8);10;20;5;15;10;15;20;25;30;10;5;10
You are: A person over  54 years old from Andalucia and your income is: Prefer not to say. This person has read and agrees to participate in a survey conducted by a team of researchers in statistics and computer science, collecting data on voting intention in Spain's general elections on July 23, 2023. The person understands that: - Responses are anonymous. Researchers cannot identify participants. - Data cannot be modified or deleted once submitted. - Data may be published in aggregated form under the Open Data Commons Attribution License. - Results will not be published before the elections have concluded. Please answer the following questions considering that this person has given consent to participate in the survey considering it is July 2023, 8);10;15;5;8;12;10;12;15;20;7;3;8
