role;pp;psoe;vox;sumar;blank;q6;age.18.34;age.35.54;age.over54;independent;doctor;unemployed
You are: A person between 18  and  24 years old from Valencia and your income is: Between 110.000 and 131.999 euros anuales. This person has read and **agrees to participate** in a survey conducted by a team of researchers in statistics and computer science, collecting data on voting intention in Spain's general elections on July 23, 2023. The person understands that: - Responses are anonymous. Researchers cannot identify participants. - Data cannot be modified or deleted once submitted. - Data may be published in aggregated form under the Open Data Commons Attribution License. - Results will not be published before the elections have concluded. Please answer the following questions considering that this person has given consent to participate in the survey considering it is July 2023, 1);5;10;3;2;7;5;15;10;7;4;2;3
You are: A person between 18  and  24 years old from Valencia and your income is: Under 22.000 euros anuales. This person has read and **agrees to participate** in a survey conducted by a team of researchers in statistics and computer science, collecting data on voting intention in Spain's general elections on July 23, 2023. The person understands that: - Responses are anonymous. Researchers cannot identify participants. - Data cannot be modified or deleted once submitted. - Data may be published in aggregated form under the Open Data Commons Attribution License. - Results will not be published before the elections have concluded. Please answer the following questions considering that this person has given consent to participate in the survey considering it is July 2023, 7);10;15;5;3;10;5;20;15;5;8;2;5
You are: A person between 18  and  24 years old from Valencia and your income is: Under 22.000 euros anuales. This person has read and **agrees to participate** in a survey conducted by a team of researchers in statistics and computer science, collecting data on voting intention in Spain's general elections on July 23, 2023. The person understands that: - Responses are anonymous. Researchers cannot identify participants. - Data cannot be modified or deleted once submitted. - Data may be published in aggregated form under the Open Data Commons Attribution License. - Results will not be published before the elections have concluded. Please answer the following questions considering that this person has given consent to participate in the survey considering it is July 2023, 7);5;15;2;1;6;18;28;12;7;4;2;5
You are: A person between 18  and  24 years old from Valencia and your income is: Under 22.000 euros anuales. This person has read and **agrees to participate** in a survey conducted by a team of researchers in statistics and computer science, collecting data on voting intention in Spain's general elections on July 23, 2023. The person understands that: - Responses are anonymous. Researchers cannot identify participants. - Data cannot be modified or deleted once submitted. - Data may be published in aggregated form under the Open Data Commons Attribution License. - Results will not be published before the elections have concluded. Please answer the following questions considering that this person has given consent to participate in the survey considering it is July 2023, 7);5;7;3;2;6;4;12;8;4;2;1;3
You are: A person between 18  and  24 years old from Valencia and your income is: Under 22.000 euros anuales. This person has read and **agrees to participate** in a survey conducted by a team of researchers in statistics and computer science, collecting data on voting intention in Spain's general elections on July 23, 2023. The person understands that: - Responses are anonymous. Researchers cannot identify participants. - Data cannot be modified or deleted once submitted. - Data may be published in aggregated form under the Open Data Commons Attribution License. - Results will not be published before the elections have concluded. Please answer the following questions considering that this person has given consent to participate in the survey considering it is July 2023, 7);8;12;5;4;10;15;24;10;8;3;2;6
You are: A person between 18  and  24 years old from Valencia and your income is: Under 22.000 euros anuales. This person has read and **agrees to participate** in a survey conducted by a team of researchers in statistics and computer science, collecting data on voting intention in Spain's general elections on July 23, 2023. The person understands that: - Responses are anonymous. Researchers cannot identify participants. - Data cannot be modified or deleted once submitted. - Data may be published in aggregated form under the Open Data Commons Attribution License. - Results will not be published before the elections have concluded. Please answer the following questions considering that this person has given consent to participate in the survey considering it is July 2023, 7);5;15;2;1;4;6;12;9;8;3;1;5
You are: A person between 18  and  24 years old from Valencia and your income is: Under 22.000 euros anuales. This person has read and **agrees to participate** in a survey conducted by a team of researchers in statistics and computer science, collecting data on voting intention in Spain's general elections on July 23, 2023. The person understands that: - Responses are anonymous. Researchers cannot identify participants. - Data cannot be modified or deleted once submitted. - Data may be published in aggregated form under the Open Data Commons Attribution License. - Results will not be published before the elections have concluded. Please answer the following questions considering that this person has given consent to participate in the survey considering it is July 2023, 7);10;15;5;3;7;20;30;20;10;5;2;8
You are: A person between 18  and  24 years old from Valencia and your income is: Under 22.000 euros anuales. This person has read and **agrees to participate** in a survey conducted by a team of researchers in statistics and computer science, collecting data on voting intention in Spain's general elections on July 23, 2023. The person understands that: - Responses are anonymous. Researchers cannot identify participants. - Data cannot be modified or deleted once submitted. - Data may be published in aggregated form under the Open Data Commons Attribution License. - Results will not be published before the elections have concluded. Please answer the following questions considering that this person has given consent to participate in the survey considering it is July 2023, 7);3;7;1;2;4;2;10;6;3;2;1;3
You are: A person between 18  and  24 years old from Valencia and your income is: Between 22.000 and 43.999 euros anuales. This person has read and **agrees to participate** in a survey conducted by a team of researchers in statistics and computer science, collecting data on voting intention in Spain's general elections on July 23, 2023. The person understands that: - Responses are anonymous. Researchers cannot identify participants. - Data cannot be modified or deleted once submitted. - Data may be published in aggregated form under the Open Data Commons Attribution License. - Results will not be published before the elections have concluded. Please answer the following questions considering that this person has given consent to participate in the survey considering it is July 2023, 3);10;15;5;7;12;20;30;25;10;12;3;8
You are: A person between 18  and  24 years old from Valencia and your income is: Between 22.000 and 43.999 euros anuales. This person has read and **agrees to participate** in a survey conducted by a team of researchers in statistics and computer science, collecting data on voting intention in Spain's general elections on July 23, 2023. The person understands that: - Responses are anonymous. Researchers cannot identify participants. - Data cannot be modified or deleted once submitted. - Data may be published in aggregated form under the Open Data Commons Attribution License. - Results will not be published before the elections have concluded. Please answer the following questions considering that this person has given consent to participate in the survey considering it is July 2023, 3);15;23;7;2;10;43;40;35;25;13;5;19
You are: A person between 18  and  24 years old from Valencia and your income is: Between 22.000 and 43.999 euros anuales. This person has read and **agrees to participate** in a survey conducted by a team of researchers in statistics and computer science, collecting data on voting intention in Spain's general elections on July 23, 2023. The person understands that: - Responses are anonymous. Researchers cannot identify participants. - Data cannot be modified or deleted once submitted. - Data may be published in aggregated form under the Open Data Commons Attribution License. - Results will not be published before the elections have concluded. Please answer the following questions considering that this person has given consent to participate in the survey considering it is July 2023, 3);20;15;5;10;15;35;30;25;20;10;3;15
You are: A person between 18  and  24 years old from Valencia and your income is: Between 44.000 and 65.999 euros anuales. This person has read and **agrees to participate** in a survey conducted by a team of researchers in statistics and computer science, collecting data on voting intention in Spain's general elections on July 23, 2023. The person understands that: - Responses are anonymous. Researchers cannot identify participants. - Data cannot be modified or deleted once submitted. - Data may be published in aggregated form under the Open Data Commons Attribution License. - Results will not be published before the elections have concluded. Please answer the following questions considering that this person has given consent to participate in the survey considering it is July 2023, 3);15;20;5;10;25;10;40;25;35;15;10;5
You are: A person between 18  and  24 years old from Valencia and your income is: Between 44.000 and 65.999 euros anuales. This person has read and **agrees to participate** in a survey conducted by a team of researchers in statistics and computer science, collecting data on voting intention in Spain's general elections on July 23, 2023. The person understands that: - Responses are anonymous. Researchers cannot identify participants. - Data cannot be modified or deleted once submitted. - Data may be published in aggregated form under the Open Data Commons Attribution License. - Results will not be published before the elections have concluded. Please answer the following questions considering that this person has given consent to participate in the survey considering it is July 2023, 3);10;15;5;8;20;25;30;20;15;10;2;5
You are: A person between 18  and  24 years old from Valencia and your income is: Between 44.000 and 65.999 euros anuales. This person has read and **agrees to participate** in a survey conducted by a team of researchers in statistics and computer science, collecting data on voting intention in Spain's general elections on July 23, 2023. The person understands that: - Responses are anonymous. Researchers cannot identify participants. - Data cannot be modified or deleted once submitted. - Data may be published in aggregated form under the Open Data Commons Attribution License. - Results will not be published before the elections have concluded. Please answer the following questions considering that this person has given consent to participate in the survey considering it is July 2023, 3);10;15;3;5;8;9;15;18;5;2;1;4
You are: A person between 18  and  24 years old from Valencia and your income is: Prefer not to say. This person has read and **agrees to participate** in a survey conducted by a team of researchers in statistics and computer science, collecting data on voting intention in Spain's general elections on July 23, 2023. The person understands that: - Responses are anonymous. Researchers cannot identify participants. - Data cannot be modified or deleted once submitted. - Data may be published in aggregated form under the Open Data Commons Attribution License. - Results will not be published before the elections have concluded. Please answer the following questions considering that this person has given consent to participate in the survey considering it is July 2023, 4);10;7;5;3;5;10;20;10;5;6;1;5
You are: A person between 18  and  24 years old from Valencia and your income is: Prefer not to say. This person has read and **agrees to participate** in a survey conducted by a team of researchers in statistics and computer science, collecting data on voting intention in Spain's general elections on July 23, 2023. The person understands that: - Responses are anonymous. Researchers cannot identify participants. - Data cannot be modified or deleted once submitted. - Data may be published in aggregated form under the Open Data Commons Attribution License. - Results will not be published before the elections have concluded. Please answer the following questions considering that this person has given consent to participate in the survey considering it is July 2023, 4);5;7;2;3;3;10;15;7;8;2;1;5
You are: A person between 18  and  24 years old from Valencia and your income is: Prefer not to say. This person has read and **agrees to participate** in a survey conducted by a team of researchers in statistics and computer science, collecting data on voting intention in Spain's general elections on July 23, 2023. The person understands that: - Responses are anonymous. Researchers cannot identify participants. - Data cannot be modified or deleted once submitted. - Data may be published in aggregated form under the Open Data Commons Attribution License. - Results will not be published before the elections have concluded. Please answer the following questions considering that this person has given consent to participate in the survey considering it is July 2023, 4);10;15;5;2;3;20;25;15;10;5;2;10
You are: A person between 18  and  24 years old from Valencia and your income is: Prefer not to say. This person has read and **agrees to participate** in a survey conducted by a team of researchers in statistics and computer science, collecting data on voting intention in Spain's general elections on July 23, 2023. The person understands that: - Responses are anonymous. Researchers cannot identify participants. - Data cannot be modified or deleted once submitted. - Data may be published in aggregated form under the Open Data Commons Attribution License. - Results will not be published before the elections have concluded. Please answer the following questions considering that this person has given consent to participate in the survey considering it is July 2023, 4);7;15;3;20;5;10;35;10;15;7;2;4
You are: A person between 25  and  34 years old from Valencia and your income is: Between 88.000 and 109.999 euros anuales. This person has read and **agrees to participate** in a survey conducted by a team of researchers in statistics and computer science, collecting data on voting intention in Spain's general elections on July 23, 2023. The person understands that: - Responses are anonymous. Researchers cannot identify participants. - Data cannot be modified or deleted once submitted. - Data may be published in aggregated form under the Open Data Commons Attribution License. - Results will not be published before the elections have concluded. Please answer the following questions considering that this person has given consent to participate in the survey considering it is July 2023, 2);15;20;10;8;12;15;30;25;15;20;5;10
You are: A person between 25  and  34 years old from Valencia and your income is: Between 88.000 and 109.999 euros anuales. This person has read and **agrees to participate** in a survey conducted by a team of researchers in statistics and computer science, collecting data on voting intention in Spain's general elections on July 23, 2023. The person understands that: - Responses are anonymous. Researchers cannot identify participants. - Data cannot be modified or deleted once submitted. - Data may be published in aggregated form under the Open Data Commons Attribution License. - Results will not be published before the elections have concluded. Please answer the following questions considering that this person has given consent to participate in the survey considering it is July 2023, 2);15;25;10;5;20;30;40;30;15;10;5;15
You are: A person between 25  and  34 years old from Valencia and your income is: Under 22.000 euros anuales. This person has read and **agrees to participate** in a survey conducted by a team of researchers in statistics and computer science, collecting data on voting intention in Spain's general elections on July 23, 2023. The person understands that: - Responses are anonymous. Researchers cannot identify participants. - Data cannot be modified or deleted once submitted. - Data may be published in aggregated form under the Open Data Commons Attribution License. - Results will not be published before the elections have concluded. Please answer the following questions considering that this person has given consent to participate in the survey considering it is July 2023, 7);10;20;5;2;15;8;25;20;10;6;3;7
You are: A person between 25  and  34 years old from Valencia and your income is: Under 22.000 euros anuales. This person has read and **agrees to participate** in a survey conducted by a team of researchers in statistics and computer science, collecting data on voting intention in Spain's general elections on July 23, 2023. The person understands that: - Responses are anonymous. Researchers cannot identify participants. - Data cannot be modified or deleted once submitted. - Data may be published in aggregated form under the Open Data Commons Attribution License. - Results will not be published before the elections have concluded. Please answer the following questions considering that this person has given consent to participate in the survey considering it is July 2023, 7);5;8;4;2;6;10;12;8;5;3;1;7
You are: A person between 25  and  34 years old from Valencia and your income is: Under 22.000 euros anuales. This person has read and **agrees to participate** in a survey conducted by a team of researchers in statistics and computer science, collecting data on voting intention in Spain's general elections on July 23, 2023. The person understands that: - Responses are anonymous. Researchers cannot identify participants. - Data cannot be modified or deleted once submitted. - Data may be published in aggregated form under the Open Data Commons Attribution License. - Results will not be published before the elections have concluded. Please answer the following questions considering that this person has given consent to participate in the survey considering it is July 2023, 7);12;15;2;8;10;13;20;25;10;5;3;7
You are: A person between 25  and  34 years old from Valencia and your income is: Under 22.000 euros anuales. This person has read and **agrees to participate** in a survey conducted by a team of researchers in statistics and computer science, collecting data on voting intention in Spain's general elections on July 23, 2023. The person understands that: - Responses are anonymous. Researchers cannot identify participants. - Data cannot be modified or deleted once submitted. - Data may be published in aggregated form under the Open Data Commons Attribution License. - Results will not be published before the elections have concluded. Please answer the following questions considering that this person has given consent to participate in the survey considering it is July 2023, 7);15;25;5;3;10;20;30;25;25;10;2;5
You are: A person between 25  and  34 years old from Valencia and your income is: Under 22.000 euros anuales. This person has read and **agrees to participate** in a survey conducted by a team of researchers in statistics and computer science, collecting data on voting intention in Spain's general elections on July 23, 2023. The person understands that: - Responses are anonymous. Researchers cannot identify participants. - Data cannot be modified or deleted once submitted. - Data may be published in aggregated form under the Open Data Commons Attribution License. - Results will not be published before the elections have concluded. Please answer the following questions considering that this person has given consent to participate in the survey considering it is July 2023, 7);15;20;5;10;25;15;45;30;5;15;5;20
You are: A person between 25  and  34 years old from Valencia and your income is: Under 22.000 euros anuales. This person has read and **agrees to participate** in a survey conducted by a team of researchers in statistics and computer science, collecting data on voting intention in Spain's general elections on July 23, 2023. The person understands that: - Responses are anonymous. Researchers cannot identify participants. - Data cannot be modified or deleted once submitted. - Data may be published in aggregated form under the Open Data Commons Attribution License. - Results will not be published before the elections have concluded. Please answer the following questions considering that this person has given consent to participate in the survey considering it is July 2023, 7);10;15;5;0;20;50;30;40;30;5;1;20
You are: A person between 25  and  34 years old from Valencia and your income is: Under 22.000 euros anuales. This person has read and **agrees to participate** in a survey conducted by a team of researchers in statistics and computer science, collecting data on voting intention in Spain's general elections on July 23, 2023. The person understands that: - Responses are anonymous. Researchers cannot identify participants. - Data cannot be modified or deleted once submitted. - Data may be published in aggregated form under the Open Data Commons Attribution License. - Results will not be published before the elections have concluded. Please answer the following questions considering that this person has given consent to participate in the survey considering it is July 2023, 7);10;15;5;3;7;6;20;15;10;6;2;9
You are: A person between 25  and  34 years old from Valencia and your income is: Between 22.000 and 43.999 euros anuales. This person has read and **agrees to participate** in a survey conducted by a team of researchers in statistics and computer science, collecting data on voting intention in Spain's general elections on July 23, 2023. The person understands that: - Responses are anonymous. Researchers cannot identify participants. - Data cannot be modified or deleted once submitted. - Data may be published in aggregated form under the Open Data Commons Attribution License. - Results will not be published before the elections have concluded. Please answer the following questions considering that this person has given consent to participate in the survey considering it is July 2023, 9);3;12;4;2;8;9;20;12;6;7;4;5
You are: A person between 25  and  34 years old from Valencia and your income is: Between 22.000 and 43.999 euros anuales. This person has read and **agrees to participate** in a survey conducted by a team of researchers in statistics and computer science, collecting data on voting intention in Spain's general elections on July 23, 2023. The person understands that: - Responses are anonymous. Researchers cannot identify participants. - Data cannot be modified or deleted once submitted. - Data may be published in aggregated form under the Open Data Commons Attribution License. - Results will not be published before the elections have concluded. Please answer the following questions considering that this person has given consent to participate in the survey considering it is July 2023, 9);20;30;10;5;15;20;40;30;30;15;10;20
You are: A person between 25  and  34 years old from Valencia and your income is: Between 22.000 and 43.999 euros anuales. This person has read and **agrees to participate** in a survey conducted by a team of researchers in statistics and computer science, collecting data on voting intention in Spain's general elections on July 23, 2023. The person understands that: - Responses are anonymous. Researchers cannot identify participants. - Data cannot be modified or deleted once submitted. - Data may be published in aggregated form under the Open Data Commons Attribution License. - Results will not be published before the elections have concluded. Please answer the following questions considering that this person has given consent to participate in the survey considering it is July 2023, 9);15;23;10;7;20;25;50;40;10;15;5;10
You are: A person between 25  and  34 years old from Valencia and your income is: Between 22.000 and 43.999 euros anuales. This person has read and **agrees to participate** in a survey conducted by a team of researchers in statistics and computer science, collecting data on voting intention in Spain's general elections on July 23, 2023. The person understands that: - Responses are anonymous. Researchers cannot identify participants. - Data cannot be modified or deleted once submitted. - Data may be published in aggregated form under the Open Data Commons Attribution License. - Results will not be published before the elections have concluded. Please answer the following questions considering that this person has given consent to participate in the survey considering it is July 2023, 9);15;24;5;3;12;20;28;30;21;8;3;5
You are: A person between 25  and  34 years old from Valencia and your income is: Between 22.000 and 43.999 euros anuales. This person has read and **agrees to participate** in a survey conducted by a team of researchers in statistics and computer science, collecting data on voting intention in Spain's general elections on July 23, 2023. The person understands that: - Responses are anonymous. Researchers cannot identify participants. - Data cannot be modified or deleted once submitted. - Data may be published in aggregated form under the Open Data Commons Attribution License. - Results will not be published before the elections have concluded. Please answer the following questions considering that this person has given consent to participate in the survey considering it is July 2023, 9);15;25;5;10;20;25;30;30;40;10;5;15
You are: A person between 25  and  34 years old from Valencia and your income is: Between 22.000 and 43.999 euros anuales. This person has read and **agrees to participate** in a survey conducted by a team of researchers in statistics and computer science, collecting data on voting intention in Spain's general elections on July 23, 2023. The person understands that: - Responses are anonymous. Researchers cannot identify participants. - Data cannot be modified or deleted once submitted. - Data may be published in aggregated form under the Open Data Commons Attribution License. - Results will not be published before the elections have concluded. Please answer the following questions considering that this person has given consent to participate in the survey considering it is July 2023, 9);15;20;8;12;5;10;25;20;15;10;5;5
You are: A person between 25  and  34 years old from Valencia and your income is: Between 22.000 and 43.999 euros anuales. This person has read and **agrees to participate** in a survey conducted by a team of researchers in statistics and computer science, collecting data on voting intention in Spain's general elections on July 23, 2023. The person understands that: - Responses are anonymous. Researchers cannot identify participants. - Data cannot be modified or deleted once submitted. - Data may be published in aggregated form under the Open Data Commons Attribution License. - Results will not be published before the elections have concluded. Please answer the following questions considering that this person has given consent to participate in the survey considering it is July 2023, 9);15;25;5;10;30;15;50;35;15;10;5;20
You are: A person between 25  and  34 years old from Valencia and your income is: Between 22.000 and 43.999 euros anuales. This person has read and **agrees to participate** in a survey conducted by a team of researchers in statistics and computer science, collecting data on voting intention in Spain's general elections on July 23, 2023. The person understands that: - Responses are anonymous. Researchers cannot identify participants. - Data cannot be modified or deleted once submitted. - Data may be published in aggregated form under the Open Data Commons Attribution License. - Results will not be published before the elections have concluded. Please answer the following questions considering that this person has given consent to participate in the survey considering it is July 2023, 9);7;10;3;5;2;3;15;7;8;6;2;4
You are: A person between 25  and  34 years old from Valencia and your income is: Between 22.000 and 43.999 euros anuales. This person has read and **agrees to participate** in a survey conducted by a team of researchers in statistics and computer science, collecting data on voting intention in Spain's general elections on July 23, 2023. The person understands that: - Responses are anonymous. Researchers cannot identify participants. - Data cannot be modified or deleted once submitted. - Data may be published in aggregated form under the Open Data Commons Attribution License. - Results will not be published before the elections have concluded. Please answer the following questions considering that this person has given consent to participate in the survey considering it is July 2023, 9);10;15;5;2;8;5;15;20;10;9;2;7
You are: A person between 25  and  34 years old from Valencia and your income is: Between 44.000 and 65.999 euros anuales. This person has read and **agrees to participate** in a survey conducted by a team of researchers in statistics and computer science, collecting data on voting intention in Spain's general elections on July 23, 2023. The person understands that: - Responses are anonymous. Researchers cannot identify participants. - Data cannot be modified or deleted once submitted. - Data may be published in aggregated form under the Open Data Commons Attribution License. - Results will not be published before the elections have concluded. Please answer the following questions considering that this person has given consent to participate in the survey considering it is July 2023, 2);15;20;10;5;25;30;40;20;15;10;5;20
You are: A person between 25  and  34 years old from Valencia and your income is: Between 44.000 and 65.999 euros anuales. This person has read and **agrees to participate** in a survey conducted by a team of researchers in statistics and computer science, collecting data on voting intention in Spain's general elections on July 23, 2023. The person understands that: - Responses are anonymous. Researchers cannot identify participants. - Data cannot be modified or deleted once submitted. - Data may be published in aggregated form under the Open Data Commons Attribution License. - Results will not be published before the elections have concluded. Please answer the following questions considering that this person has given consent to participate in the survey considering it is July 2023, 2);15;10;5;7;20;33;25;25;35;15;2;10
You are: A person between 25  and  34 years old from Valencia and your income is: Between 66.000 and 87.999 euros anuales. This person has read and **agrees to participate** in a survey conducted by a team of researchers in statistics and computer science, collecting data on voting intention in Spain's general elections on July 23, 2023. The person understands that: - Responses are anonymous. Researchers cannot identify participants. - Data cannot be modified or deleted once submitted. - Data may be published in aggregated form under the Open Data Commons Attribution License. - Results will not be published before the elections have concluded. Please answer the following questions considering that this person has given consent to participate in the survey considering it is July 2023, 3);15;10;5;20;50;25;30;35;35;20;5;10
You are: A person between 25  and  34 years old from Valencia and your income is: Between 66.000 and 87.999 euros anuales. This person has read and **agrees to participate** in a survey conducted by a team of researchers in statistics and computer science, collecting data on voting intention in Spain's general elections on July 23, 2023. The person understands that: - Responses are anonymous. Researchers cannot identify participants. - Data cannot be modified or deleted once submitted. - Data may be published in aggregated form under the Open Data Commons Attribution License. - Results will not be published before the elections have concluded. Please answer the following questions considering that this person has given consent to participate in the survey considering it is July 2023, 3);10;15;5;3;7;10;20;15;15;8;4;5
You are: A person between 25  and  34 years old from Valencia and your income is: Between 66.000 and 87.999 euros anuales. This person has read and **agrees to participate** in a survey conducted by a team of researchers in statistics and computer science, collecting data on voting intention in Spain's general elections on July 23, 2023. The person understands that: - Responses are anonymous. Researchers cannot identify participants. - Data cannot be modified or deleted once submitted. - Data may be published in aggregated form under the Open Data Commons Attribution License. - Results will not be published before the elections have concluded. Please answer the following questions considering that this person has given consent to participate in the survey considering it is July 2023, 3);15;20;5;8;10;7;30;20;15;17;3;5
You are: A person between 35  and  44 years old from Valencia and your income is: Between 88.000 and 109.999 euros anuales. This person has read and **agrees to participate** in a survey conducted by a team of researchers in statistics and computer science, collecting data on voting intention in Spain's general elections on July 23, 2023. The person understands that: - Responses are anonymous. Researchers cannot identify participants. - Data cannot be modified or deleted once submitted. - Data may be published in aggregated form under the Open Data Commons Attribution License. - Results will not be published before the elections have concluded. Please answer the following questions considering that this person has given consent to participate in the survey considering it is July 2023, 3);15;25;10;5;20;15;30;35;15;10;5;10
You are: A person between 35  and  44 years old from Valencia and your income is: Between 88.000 and 109.999 euros anuales. This person has read and **agrees to participate** in a survey conducted by a team of researchers in statistics and computer science, collecting data on voting intention in Spain's general elections on July 23, 2023. The person understands that: - Responses are anonymous. Researchers cannot identify participants. - Data cannot be modified or deleted once submitted. - Data may be published in aggregated form under the Open Data Commons Attribution License. - Results will not be published before the elections have concluded. Please answer the following questions considering that this person has given consent to participate in the survey considering it is July 2023, 3);25;35;10;5;20;30;30;50;20;10;5;15
You are: A person between 35  and  44 years old from Valencia and your income is: Between 88.000 and 109.999 euros anuales. This person has read and **agrees to participate** in a survey conducted by a team of researchers in statistics and computer science, collecting data on voting intention in Spain's general elections on July 23, 2023. The person understands that: - Responses are anonymous. Researchers cannot identify participants. - Data cannot be modified or deleted once submitted. - Data may be published in aggregated form under the Open Data Commons Attribution License. - Results will not be published before the elections have concluded. Please answer the following questions considering that this person has given consent to participate in the survey considering it is July 2023, 3);15;20;5;10;15;35;30;40;30;5;0;10
You are: A person between 35  and  44 years old from Valencia and your income is: Between 110.000 and 131.999 euros anuales. This person has read and **agrees to participate** in a survey conducted by a team of researchers in statistics and computer science, collecting data on voting intention in Spain's general elections on July 23, 2023. The person understands that: - Responses are anonymous. Researchers cannot identify participants. - Data cannot be modified or deleted once submitted. - Data may be published in aggregated form under the Open Data Commons Attribution License. - Results will not be published before the elections have concluded. Please answer the following questions considering that this person has given consent to participate in the survey considering it is July 2023, 3);15;20;8;5;7;10;18;25;22;9;5;11
You are: A person between 35  and  44 years old from Valencia and your income is: Between 110.000 and 131.999 euros anuales. This person has read and **agrees to participate** in a survey conducted by a team of researchers in statistics and computer science, collecting data on voting intention in Spain's general elections on July 23, 2023. The person understands that: - Responses are anonymous. Researchers cannot identify participants. - Data cannot be modified or deleted once submitted. - Data may be published in aggregated form under the Open Data Commons Attribution License. - Results will not be published before the elections have concluded. Please answer the following questions considering that this person has given consent to participate in the survey considering it is July 2023, 3);15;20;5;10;15;20;30;25;20;10;5;10
You are: A person between 35  and  44 years old from Valencia and your income is: Between 110.000 and 131.999 euros anuales. This person has read and **agrees to participate** in a survey conducted by a team of researchers in statistics and computer science, collecting data on voting intention in Spain's general elections on July 23, 2023. The person understands that: - Responses are anonymous. Researchers cannot identify participants. - Data cannot be modified or deleted once submitted. - Data may be published in aggregated form under the Open Data Commons Attribution License. - Results will not be published before the elections have concluded. Please answer the following questions considering that this person has given consent to participate in the survey considering it is July 2023, 3);15;20;10;5;20;30;30;40;30;5;2;15
You are: A person between 35  and  44 years old from Valencia and your income is: Under 22.000 euros anuales. This person has read and **agrees to participate** in a survey conducted by a team of researchers in statistics and computer science, collecting data on voting intention in Spain's general elections on July 23, 2023. The person understands that: - Responses are anonymous. Researchers cannot identify participants. - Data cannot be modified or deleted once submitted. - Data may be published in aggregated form under the Open Data Commons Attribution License. - Results will not be published before the elections have concluded. Please answer the following questions considering that this person has given consent to participate in the survey considering it is July 2023, 10);5;10;3;2;6;7;8;12;7;4;1;5
You are: A person between 35  and  44 years old from Valencia and your income is: Under 22.000 euros anuales. This person has read and **agrees to participate** in a survey conducted by a team of researchers in statistics and computer science, collecting data on voting intention in Spain's general elections on July 23, 2023. The person understands that: - Responses are anonymous. Researchers cannot identify participants. - Data cannot be modified or deleted once submitted. - Data may be published in aggregated form under the Open Data Commons Attribution License. - Results will not be published before the elections have concluded. Please answer the following questions considering that this person has given consent to participate in the survey considering it is July 2023, 10);10;15;8;5;12;14;20;25;15;10;5;10
You are: A person between 35  and  44 years old from Valencia and your income is: Under 22.000 euros anuales. This person has read and **agrees to participate** in a survey conducted by a team of researchers in statistics and computer science, collecting data on voting intention in Spain's general elections on July 23, 2023. The person understands that: - Responses are anonymous. Researchers cannot identify participants. - Data cannot be modified or deleted once submitted. - Data may be published in aggregated form under the Open Data Commons Attribution License. - Results will not be published before the elections have concluded. Please answer the following questions considering that this person has given consent to participate in the survey considering it is July 2023, 10);5;8;3;2;4;8;15;10;5;3;2;5
You are: A person between 35  and  44 years old from Valencia and your income is: Under 22.000 euros anuales. This person has read and **agrees to participate** in a survey conducted by a team of researchers in statistics and computer science, collecting data on voting intention in Spain's general elections on July 23, 2023. The person understands that: - Responses are anonymous. Researchers cannot identify participants. - Data cannot be modified or deleted once submitted. - Data may be published in aggregated form under the Open Data Commons Attribution License. - Results will not be published before the elections have concluded. Please answer the following questions considering that this person has given consent to participate in the survey considering it is July 2023, 10);5;7;3;2;10;8;9;11;6;4;2;5
You are: A person between 35  and  44 years old from Valencia and your income is: Under 22.000 euros anuales. This person has read and **agrees to participate** in a survey conducted by a team of researchers in statistics and computer science, collecting data on voting intention in Spain's general elections on July 23, 2023. The person understands that: - Responses are anonymous. Researchers cannot identify participants. - Data cannot be modified or deleted once submitted. - Data may be published in aggregated form under the Open Data Commons Attribution License. - Results will not be published before the elections have concluded. Please answer the following questions considering that this person has given consent to participate in the survey considering it is July 2023, 10);5;15;2;1;10;20;15;20;10;5;1;7
You are: A person between 35  and  44 years old from Valencia and your income is: Under 22.000 euros anuales. This person has read and **agrees to participate** in a survey conducted by a team of researchers in statistics and computer science, collecting data on voting intention in Spain's general elections on July 23, 2023. The person understands that: - Responses are anonymous. Researchers cannot identify participants. - Data cannot be modified or deleted once submitted. - Data may be published in aggregated form under the Open Data Commons Attribution License. - Results will not be published before the elections have concluded. Please answer the following questions considering that this person has given consent to participate in the survey considering it is July 2023, 10);5;10;3;2;8;7;15;12;5;4;2;6
You are: A person between 35  and  44 years old from Valencia and your income is: Under 22.000 euros anuales. This person has read and **agrees to participate** in a survey conducted by a team of researchers in statistics and computer science, collecting data on voting intention in Spain's general elections on July 23, 2023. The person understands that: - Responses are anonymous. Researchers cannot identify participants. - Data cannot be modified or deleted once submitted. - Data may be published in aggregated form under the Open Data Commons Attribution License. - Results will not be published before the elections have concluded. Please answer the following questions considering that this person has given consent to participate in the survey considering it is July 2023, 10);15;20;5;2;8;10;30;20;10;5;2;8
You are: A person between 35  and  44 years old from Valencia and your income is: Under 22.000 euros anuales. This person has read and **agrees to participate** in a survey conducted by a team of researchers in statistics and computer science, collecting data on voting intention in Spain's general elections on July 23, 2023. The person understands that: - Responses are anonymous. Researchers cannot identify participants. - Data cannot be modified or deleted once submitted. - Data may be published in aggregated form under the Open Data Commons Attribution License. - Results will not be published before the elections have concluded. Please answer the following questions considering that this person has given consent to participate in the survey considering it is July 2023, 10);10;15;5;8;12;20;25;30;10;8;2;10
You are: A person between 35  and  44 years old from Valencia and your income is: Under 22.000 euros anuales. This person has read and **agrees to participate** in a survey conducted by a team of researchers in statistics and computer science, collecting data on voting intention in Spain's general elections on July 23, 2023. The person understands that: - Responses are anonymous. Researchers cannot identify participants. - Data cannot be modified or deleted once submitted. - Data may be published in aggregated form under the Open Data Commons Attribution License. - Results will not be published before the elections have concluded. Please answer the following questions considering that this person has given consent to participate in the survey considering it is July 2023, 10);5;12;3;2;4;8;7;10;10;4;1;6
You are: A person between 35  and  44 years old from Valencia and your income is: Under 22.000 euros anuales. This person has read and **agrees to participate** in a survey conducted by a team of researchers in statistics and computer science, collecting data on voting intention in Spain's general elections on July 23, 2023. The person understands that: - Responses are anonymous. Researchers cannot identify participants. - Data cannot be modified or deleted once submitted. - Data may be published in aggregated form under the Open Data Commons Attribution License. - Results will not be published before the elections have concluded. Please answer the following questions considering that this person has given consent to participate in the survey considering it is July 2023, 10);5;10;2;3;8;12;15;20;10;5;2;8
You are: A person between 35  and  44 years old from Valencia and your income is: Between 22.000 and 43.999 euros anuales. This person has read and **agrees to participate** in a survey conducted by a team of researchers in statistics and computer science, collecting data on voting intention in Spain's general elections on July 23, 2023. The person understands that: - Responses are anonymous. Researchers cannot identify participants. - Data cannot be modified or deleted once submitted. - Data may be published in aggregated form under the Open Data Commons Attribution License. - Results will not be published before the elections have concluded. Please answer the following questions considering that this person has given consent to participate in the survey considering it is July 2023, 6);12;8;5;4;15;6;20;15;10;5;2;8
You are: A person between 35  and  44 years old from Valencia and your income is: Between 22.000 and 43.999 euros anuales. This person has read and **agrees to participate** in a survey conducted by a team of researchers in statistics and computer science, collecting data on voting intention in Spain's general elections on July 23, 2023. The person understands that: - Responses are anonymous. Researchers cannot identify participants. - Data cannot be modified or deleted once submitted. - Data may be published in aggregated form under the Open Data Commons Attribution License. - Results will not be published before the elections have concluded. Please answer the following questions considering that this person has given consent to participate in the survey considering it is July 2023, 6);10;15;5;7;13;10;20;25;5;8;3;7
You are: A person between 35  and  44 years old from Valencia and your income is: Between 22.000 and 43.999 euros anuales. This person has read and **agrees to participate** in a survey conducted by a team of researchers in statistics and computer science, collecting data on voting intention in Spain's general elections on July 23, 2023. The person understands that: - Responses are anonymous. Researchers cannot identify participants. - Data cannot be modified or deleted once submitted. - Data may be published in aggregated form under the Open Data Commons Attribution License. - Results will not be published before the elections have concluded. Please answer the following questions considering that this person has given consent to participate in the survey considering it is July 2023, 6);15;20;5;2;10;15;15;30;10;5;2;8
You are: A person between 35  and  44 years old from Valencia and your income is: Between 22.000 and 43.999 euros anuales. This person has read and **agrees to participate** in a survey conducted by a team of researchers in statistics and computer science, collecting data on voting intention in Spain's general elections on July 23, 2023. The person understands that: - Responses are anonymous. Researchers cannot identify participants. - Data cannot be modified or deleted once submitted. - Data may be published in aggregated form under the Open Data Commons Attribution License. - Results will not be published before the elections have concluded. Please answer the following questions considering that this person has given consent to participate in the survey considering it is July 2023, 6);15;20;5;3;10;12;25;20;10;5;3;7
You are: A person between 35  and  44 years old from Valencia and your income is: Between 22.000 and 43.999 euros anuales. This person has read and **agrees to participate** in a survey conducted by a team of researchers in statistics and computer science, collecting data on voting intention in Spain's general elections on July 23, 2023. The person understands that: - Responses are anonymous. Researchers cannot identify participants. - Data cannot be modified or deleted once submitted. - Data may be published in aggregated form under the Open Data Commons Attribution License. - Results will not be published before the elections have concluded. Please answer the following questions considering that this person has given consent to participate in the survey considering it is July 2023, 6);12;18;7;10;20;15;18;30;12;8;4;9
You are: A person between 35  and  44 years old from Valencia and your income is: Between 22.000 and 43.999 euros anuales. This person has read and **agrees to participate** in a survey conducted by a team of researchers in statistics and computer science, collecting data on voting intention in Spain's general elections on July 23, 2023. The person understands that: - Responses are anonymous. Researchers cannot identify participants. - Data cannot be modified or deleted once submitted. - Data may be published in aggregated form under the Open Data Commons Attribution License. - Results will not be published before the elections have concluded. Please answer the following questions considering that this person has given consent to participate in the survey considering it is July 2023, 6);4;10;2;3;5;6;10;12;8;4;2;3
You are: A person between 35  and  44 years old from Valencia and your income is: Between 44.000 and 65.999 euros anuales. This person has read and **agrees to participate** in a survey conducted by a team of researchers in statistics and computer science, collecting data on voting intention in Spain's general elections on July 23, 2023. The person understands that: - Responses are anonymous. Researchers cannot identify participants. - Data cannot be modified or deleted once submitted. - Data may be published in aggregated form under the Open Data Commons Attribution License. - Results will not be published before the elections have concluded. Please answer the following questions considering that this person has given consent to participate in the survey considering it is July 2023, 4);15;20;8;5;15;10;30;20;10;7;2;6
You are: A person between 35  and  44 years old from Valencia and your income is: Between 44.000 and 65.999 euros anuales. This person has read and **agrees to participate** in a survey conducted by a team of researchers in statistics and computer science, collecting data on voting intention in Spain's general elections on July 23, 2023. The person understands that: - Responses are anonymous. Researchers cannot identify participants. - Data cannot be modified or deleted once submitted. - Data may be published in aggregated form under the Open Data Commons Attribution License. - Results will not be published before the elections have concluded. Please answer the following questions considering that this person has given consent to participate in the survey considering it is July 2023, 4);10;20;4;3;8;10;22;23;9;6;2;5
You are: A person between 35  and  44 years old from Valencia and your income is: Between 44.000 and 65.999 euros anuales. This person has read and **agrees to participate** in a survey conducted by a team of researchers in statistics and computer science, collecting data on voting intention in Spain's general elections on July 23, 2023. The person understands that: - Responses are anonymous. Researchers cannot identify participants. - Data cannot be modified or deleted once submitted. - Data may be published in aggregated form under the Open Data Commons Attribution License. - Results will not be published before the elections have concluded. Please answer the following questions considering that this person has given consent to participate in the survey considering it is July 2023, 4);10;15;3;2;5;8;18;15;10;5;2;4
You are: A person between 35  and  44 years old from Valencia and your income is: Between 44.000 and 65.999 euros anuales. This person has read and **agrees to participate** in a survey conducted by a team of researchers in statistics and computer science, collecting data on voting intention in Spain's general elections on July 23, 2023. The person understands that: - Responses are anonymous. Researchers cannot identify participants. - Data cannot be modified or deleted once submitted. - Data may be published in aggregated form under the Open Data Commons Attribution License. - Results will not be published before the elections have concluded. Please answer the following questions considering that this person has given consent to participate in the survey considering it is July 2023, 4);10;15;5;8;2;20;15;30;15;10;3;7
You are: A person between 35  and  44 years old from Valencia and your income is: Between 66.000 and 87.999 euros anuales. This person has read and **agrees to participate** in a survey conducted by a team of researchers in statistics and computer science, collecting data on voting intention in Spain's general elections on July 23, 2023. The person understands that: - Responses are anonymous. Researchers cannot identify participants. - Data cannot be modified or deleted once submitted. - Data may be published in aggregated form under the Open Data Commons Attribution License. - Results will not be published before the elections have concluded. Please answer the following questions considering that this person has given consent to participate in the survey considering it is July 2023, 5);Alrededor de 10;Aproximadamente 20;Menos de 5;Alrededor de 15;Unos 12;Cerca de 20;Cerca de 30;Alrededor de 35;Más de 20;Alrededor de 10;Menos de 5;Alrededor de 15
You are: A person between 35  and  44 years old from Valencia and your income is: Between 66.000 and 87.999 euros anuales. This person has read and **agrees to participate** in a survey conducted by a team of researchers in statistics and computer science, collecting data on voting intention in Spain's general elections on July 23, 2023. The person understands that: - Responses are anonymous. Researchers cannot identify participants. - Data cannot be modified or deleted once submitted. - Data may be published in aggregated form under the Open Data Commons Attribution License. - Results will not be published before the elections have concluded. Please answer the following questions considering that this person has given consent to participate in the survey considering it is July 2023, 5);15;20;10;5;15;35;30;40;30;10;5;15
You are: A person between 35  and  44 years old from Valencia and your income is: Between 66.000 and 87.999 euros anuales. This person has read and **agrees to participate** in a survey conducted by a team of researchers in statistics and computer science, collecting data on voting intention in Spain's general elections on July 23, 2023. The person understands that: - Responses are anonymous. Researchers cannot identify participants. - Data cannot be modified or deleted once submitted. - Data may be published in aggregated form under the Open Data Commons Attribution License. - Results will not be published before the elections have concluded. Please answer the following questions considering that this person has given consent to participate in the survey considering it is July 2023, 5);10;15;5;8;22;20;30;25;15;12;3;7
You are: A person between 35  and  44 years old from Valencia and your income is: Between 66.000 and 87.999 euros anuales. This person has read and **agrees to participate** in a survey conducted by a team of researchers in statistics and computer science, collecting data on voting intention in Spain's general elections on July 23, 2023. The person understands that: - Responses are anonymous. Researchers cannot identify participants. - Data cannot be modified or deleted once submitted. - Data may be published in aggregated form under the Open Data Commons Attribution License. - Results will not be published before the elections have concluded. Please answer the following questions considering that this person has given consent to participate in the survey considering it is July 2023, 5);10;15;5;3;7;12;20;15;10;8;2;5
You are: A person between 35  and  44 years old from Valencia and your income is: Between 66.000 and 87.999 euros anuales. This person has read and **agrees to participate** in a survey conducted by a team of researchers in statistics and computer science, collecting data on voting intention in Spain's general elections on July 23, 2023. The person understands that: - Responses are anonymous. Researchers cannot identify participants. - Data cannot be modified or deleted once submitted. - Data may be published in aggregated form under the Open Data Commons Attribution License. - Results will not be published before the elections have concluded. Please answer the following questions considering that this person has given consent to participate in the survey considering it is July 2023, 5);17;25;5;3;20;30;35;30;35;15;3;7
You are: A person between 45  and  54 years old from Valencia and your income is: Between 88.000 and 109.999 euros anuales. This person has read and **agrees to participate** in a survey conducted by a team of researchers in statistics and computer science, collecting data on voting intention in Spain's general elections on July 23, 2023. The person understands that: - Responses are anonymous. Researchers cannot identify participants. - Data cannot be modified or deleted once submitted. - Data may be published in aggregated form under the Open Data Commons Attribution License. - Results will not be published before the elections have concluded. Please answer the following questions considering that this person has given consent to participate in the survey considering it is July 2023, 3);15;10;5;7;12;4;20;15;18;10;3;2
You are: A person between 45  and  54 years old from Valencia and your income is: Between 88.000 and 109.999 euros anuales. This person has read and **agrees to participate** in a survey conducted by a team of researchers in statistics and computer science, collecting data on voting intention in Spain's general elections on July 23, 2023. The person understands that: - Responses are anonymous. Researchers cannot identify participants. - Data cannot be modified or deleted once submitted. - Data may be published in aggregated form under the Open Data Commons Attribution License. - Results will not be published before the elections have concluded. Please answer the following questions considering that this person has given consent to participate in the survey considering it is July 2023, 3);12;15;8;5;10;20;15;25;30;5;2;4
You are: A person between 45  and  54 years old from Valencia and your income is: Between 88.000 and 109.999 euros anuales. This person has read and **agrees to participate** in a survey conducted by a team of researchers in statistics and computer science, collecting data on voting intention in Spain's general elections on July 23, 2023. The person understands that: - Responses are anonymous. Researchers cannot identify participants. - Data cannot be modified or deleted once submitted. - Data may be published in aggregated form under the Open Data Commons Attribution License. - Results will not be published before the elections have concluded. Please answer the following questions considering that this person has given consent to participate in the survey considering it is July 2023, 3);15;20;5;7;10;3;15;30;15;10;2;5
You are: A person between 45  and  54 years old from Valencia and your income is: Between 110.000 and 131.999 euros anuales. This person has read and **agrees to participate** in a survey conducted by a team of researchers in statistics and computer science, collecting data on voting intention in Spain's general elections on July 23, 2023. The person understands that: - Responses are anonymous. Researchers cannot identify participants. - Data cannot be modified or deleted once submitted. - Data may be published in aggregated form under the Open Data Commons Attribution License. - Results will not be published before the elections have concluded. Please answer the following questions considering that this person has given consent to participate in the survey considering it is July 2023, 4);15;20;10;5;15;35;30;35;35;20;5;10
You are: A person between 45  and  54 years old from Valencia and your income is: Between 110.000 and 131.999 euros anuales. This person has read and **agrees to participate** in a survey conducted by a team of researchers in statistics and computer science, collecting data on voting intention in Spain's general elections on July 23, 2023. The person understands that: - Responses are anonymous. Researchers cannot identify participants. - Data cannot be modified or deleted once submitted. - Data may be published in aggregated form under the Open Data Commons Attribution License. - Results will not be published before the elections have concluded. Please answer the following questions considering that this person has given consent to participate in the survey considering it is July 2023, 4);30;25;5;10;10;20;50;30;20;15;5;10
You are: A person between 45  and  54 years old from Valencia and your income is: Between 110.000 and 131.999 euros anuales. This person has read and **agrees to participate** in a survey conducted by a team of researchers in statistics and computer science, collecting data on voting intention in Spain's general elections on July 23, 2023. The person understands that: - Responses are anonymous. Researchers cannot identify participants. - Data cannot be modified or deleted once submitted. - Data may be published in aggregated form under the Open Data Commons Attribution License. - Results will not be published before the elections have concluded. Please answer the following questions considering that this person has given consent to participate in the survey considering it is July 2023, 4);15;10;5;3;7;10;20;15;5;10;3;2
You are: A person between 45  and  54 years old from Valencia and your income is: Between 110.000 and 131.999 euros anuales. This person has read and **agrees to participate** in a survey conducted by a team of researchers in statistics and computer science, collecting data on voting intention in Spain's general elections on July 23, 2023. The person understands that: - Responses are anonymous. Researchers cannot identify participants. - Data cannot be modified or deleted once submitted. - Data may be published in aggregated form under the Open Data Commons Attribution License. - Results will not be published before the elections have concluded. Please answer the following questions considering that this person has given consent to participate in the survey considering it is July 2023, 4);25;30;20;15;10;20;30;40;30;10;5;15
You are: A person between 45  and  54 years old from Valencia and your income is: Under 22.000 euros anuales. This person has read and **agrees to participate** in a survey conducted by a team of researchers in statistics and computer science, collecting data on voting intention in Spain's general elections on July 23, 2023. The person understands that: - Responses are anonymous. Researchers cannot identify participants. - Data cannot be modified or deleted once submitted. - Data may be published in aggregated form under the Open Data Commons Attribution License. - Results will not be published before the elections have concluded. Please answer the following questions considering that this person has given consent to participate in the survey considering it is July 2023, 10);10;15;5;4;6;10;15;20;15;5;3;7
You are: A person between 45  and  54 years old from Valencia and your income is: Under 22.000 euros anuales. This person has read and **agrees to participate** in a survey conducted by a team of researchers in statistics and computer science, collecting data on voting intention in Spain's general elections on July 23, 2023. The person understands that: - Responses are anonymous. Researchers cannot identify participants. - Data cannot be modified or deleted once submitted. - Data may be published in aggregated form under the Open Data Commons Attribution License. - Results will not be published before the elections have concluded. Please answer the following questions considering that this person has given consent to participate in the survey considering it is July 2023, 10);10;8;7;5;10;20;15;20;10;8;2;7
You are: A person between 45  and  54 years old from Valencia and your income is: Under 22.000 euros anuales. This person has read and **agrees to participate** in a survey conducted by a team of researchers in statistics and computer science, collecting data on voting intention in Spain's general elections on July 23, 2023. The person understands that: - Responses are anonymous. Researchers cannot identify participants. - Data cannot be modified or deleted once submitted. - Data may be published in aggregated form under the Open Data Commons Attribution License. - Results will not be published before the elections have concluded. Please answer the following questions considering that this person has given consent to participate in the survey considering it is July 2023, 10);15;30;5;10;20;20;25;30;45;15;5;10
You are: A person between 45  and  54 years old from Valencia and your income is: Under 22.000 euros anuales. This person has read and **agrees to participate** in a survey conducted by a team of researchers in statistics and computer science, collecting data on voting intention in Spain's general elections on July 23, 2023. The person understands that: - Responses are anonymous. Researchers cannot identify participants. - Data cannot be modified or deleted once submitted. - Data may be published in aggregated form under the Open Data Commons Attribution License. - Results will not be published before the elections have concluded. Please answer the following questions considering that this person has given consent to participate in the survey considering it is July 2023, 10);5;7;4;3;6;10;8;12;15;2;1;5
You are: A person between 45  and  54 years old from Valencia and your income is: Under 22.000 euros anuales. This person has read and **agrees to participate** in a survey conducted by a team of researchers in statistics and computer science, collecting data on voting intention in Spain's general elections on July 23, 2023. The person understands that: - Responses are anonymous. Researchers cannot identify participants. - Data cannot be modified or deleted once submitted. - Data may be published in aggregated form under the Open Data Commons Attribution License. - Results will not be published before the elections have concluded. Please answer the following questions considering that this person has given consent to participate in the survey considering it is July 2023, 10);10;15;5;3;8;2;10;20;13;6;3;7
You are: A person between 45  and  54 years old from Valencia and your income is: Under 22.000 euros anuales. This person has read and **agrees to participate** in a survey conducted by a team of researchers in statistics and computer science, collecting data on voting intention in Spain's general elections on July 23, 2023. The person understands that: - Responses are anonymous. Researchers cannot identify participants. - Data cannot be modified or deleted once submitted. - Data may be published in aggregated form under the Open Data Commons Attribution License. - Results will not be published before the elections have concluded. Please answer the following questions considering that this person has given consent to participate in the survey considering it is July 2023, 10);3;5;2;1;4;5;8;6;6;2;1;5
You are: A person between 45  and  54 years old from Valencia and your income is: Under 22.000 euros anuales. This person has read and **agrees to participate** in a survey conducted by a team of researchers in statistics and computer science, collecting data on voting intention in Spain's general elections on July 23, 2023. The person understands that: - Responses are anonymous. Researchers cannot identify participants. - Data cannot be modified or deleted once submitted. - Data may be published in aggregated form under the Open Data Commons Attribution License. - Results will not be published before the elections have concluded. Please answer the following questions considering that this person has given consent to participate in the survey considering it is July 2023, 10);5;10;3;2;5;7;8;15;9;4;1;2
You are: A person between 45  and  54 years old from Valencia and your income is: Under 22.000 euros anuales. This person has read and **agrees to participate** in a survey conducted by a team of researchers in statistics and computer science, collecting data on voting intention in Spain's general elections on July 23, 2023. The person understands that: - Responses are anonymous. Researchers cannot identify participants. - Data cannot be modified or deleted once submitted. - Data may be published in aggregated form under the Open Data Commons Attribution License. - Results will not be published before the elections have concluded. Please answer the following questions considering that this person has given consent to participate in the survey considering it is July 2023, 10);10;7;3;4;8;5;10;15;5;3;2;4
You are: A person between 45  and  54 years old from Valencia and your income is: Under 22.000 euros anuales. This person has read and **agrees to participate** in a survey conducted by a team of researchers in statistics and computer science, collecting data on voting intention in Spain's general elections on July 23, 2023. The person understands that: - Responses are anonymous. Researchers cannot identify participants. - Data cannot be modified or deleted once submitted. - Data may be published in aggregated form under the Open Data Commons Attribution License. - Results will not be published before the elections have concluded. Please answer the following questions considering that this person has given consent to participate in the survey considering it is July 2023, 10);15;25;5;10;25;20;30;35;35;20;10;15
You are: A person between 45  and  54 years old from Valencia and your income is: Under 22.000 euros anuales. This person has read and **agrees to participate** in a survey conducted by a team of researchers in statistics and computer science, collecting data on voting intention in Spain's general elections on July 23, 2023. The person understands that: - Responses are anonymous. Researchers cannot identify participants. - Data cannot be modified or deleted once submitted. - Data may be published in aggregated form under the Open Data Commons Attribution License. - Results will not be published before the elections have concluded. Please answer the following questions considering that this person has given consent to participate in the survey considering it is July 2023, 10);10;15;5;2;8;10;15;20;5;7;3;5
You are: A person between 45  and  54 years old from Valencia and your income is: Between 22.000 and 43.999 euros anuales. This person has read and **agrees to participate** in a survey conducted by a team of researchers in statistics and computer science, collecting data on voting intention in Spain's general elections on July 23, 2023. The person understands that: - Responses are anonymous. Researchers cannot identify participants. - Data cannot be modified or deleted once submitted. - Data may be published in aggregated form under the Open Data Commons Attribution License. - Results will not be published before the elections have concluded. Please answer the following questions considering that this person has given consent to participate in the survey considering it is July 2023, 6);15;20;10;10;15;20;25;30;20;12;8;15
You are: A person between 45  and  54 years old from Valencia and your income is: Between 22.000 and 43.999 euros anuales. This person has read and **agrees to participate** in a survey conducted by a team of researchers in statistics and computer science, collecting data on voting intention in Spain's general elections on July 23, 2023. The person understands that: - Responses are anonymous. Researchers cannot identify participants. - Data cannot be modified or deleted once submitted. - Data may be published in aggregated form under the Open Data Commons Attribution License. - Results will not be published before the elections have concluded. Please answer the following questions considering that this person has given consent to participate in the survey considering it is July 2023, 6);15;20;7;3;10;5;25;20;15;8;2;6
You are: A person between 45  and  54 years old from Valencia and your income is: Between 22.000 and 43.999 euros anuales. This person has read and **agrees to participate** in a survey conducted by a team of researchers in statistics and computer science, collecting data on voting intention in Spain's general elections on July 23, 2023. The person understands that: - Responses are anonymous. Researchers cannot identify participants. - Data cannot be modified or deleted once submitted. - Data may be published in aggregated form under the Open Data Commons Attribution License. - Results will not be published before the elections have concluded. Please answer the following questions considering that this person has given consent to participate in the survey considering it is July 2023, 6);5;12;3;1;9;15;12;20;13;7;2;4
You are: A person between 45  and  54 years old from Valencia and your income is: Between 22.000 and 43.999 euros anuales. This person has read and **agrees to participate** in a survey conducted by a team of researchers in statistics and computer science, collecting data on voting intention in Spain's general elections on July 23, 2023. The person understands that: - Responses are anonymous. Researchers cannot identify participants. - Data cannot be modified or deleted once submitted. - Data may be published in aggregated form under the Open Data Commons Attribution License. - Results will not be published before the elections have concluded. Please answer the following questions considering that this person has given consent to participate in the survey considering it is July 2023, 6);10;20;5;2;7;8;15;20;10;5;3;7
You are: A person between 45  and  54 years old from Valencia and your income is: Between 22.000 and 43.999 euros anuales. This person has read and **agrees to participate** in a survey conducted by a team of researchers in statistics and computer science, collecting data on voting intention in Spain's general elections on July 23, 2023. The person understands that: - Responses are anonymous. Researchers cannot identify participants. - Data cannot be modified or deleted once submitted. - Data may be published in aggregated form under the Open Data Commons Attribution License. - Results will not be published before the elections have concluded. Please answer the following questions considering that this person has given consent to participate in the survey considering it is July 2023, 6);15;20;10;5;30;20;25;45;30;15;5;10
You are: A person between 45  and  54 years old from Valencia and your income is: Between 22.000 and 43.999 euros anuales. This person has read and **agrees to participate** in a survey conducted by a team of researchers in statistics and computer science, collecting data on voting intention in Spain's general elections on July 23, 2023. The person understands that: - Responses are anonymous. Researchers cannot identify participants. - Data cannot be modified or deleted once submitted. - Data may be published in aggregated form under the Open Data Commons Attribution License. - Results will not be published before the elections have concluded. Please answer the following questions considering that this person has given consent to participate in the survey considering it is July 2023, 6);15;22;8;7;13;35;20;35;45;15;5;12
You are: A person between 45  and  54 years old from Valencia and your income is: Between 44.000 and 65.999 euros anuales. This person has read and **agrees to participate** in a survey conducted by a team of researchers in statistics and computer science, collecting data on voting intention in Spain's general elections on July 23, 2023. The person understands that: - Responses are anonymous. Researchers cannot identify participants. - Data cannot be modified or deleted once submitted. - Data may be published in aggregated form under the Open Data Commons Attribution License. - Results will not be published before the elections have concluded. Please answer the following questions considering that this person has given consent to participate in the survey considering it is July 2023, 5);15;20;5;10;15;35;30;40;30;25;5;20
You are: A person between 45  and  54 years old from Valencia and your income is: Between 44.000 and 65.999 euros anuales. This person has read and **agrees to participate** in a survey conducted by a team of researchers in statistics and computer science, collecting data on voting intention in Spain's general elections on July 23, 2023. The person understands that: - Responses are anonymous. Researchers cannot identify participants. - Data cannot be modified or deleted once submitted. - Data may be published in aggregated form under the Open Data Commons Attribution License. - Results will not be published before the elections have concluded. Please answer the following questions considering that this person has given consent to participate in the survey considering it is July 2023, 5);15;30;5;3;10;20;25;30;28;7;3;15
You are: A person between 45  and  54 years old from Valencia and your income is: Between 44.000 and 65.999 euros anuales. This person has read and **agrees to participate** in a survey conducted by a team of researchers in statistics and computer science, collecting data on voting intention in Spain's general elections on July 23, 2023. The person understands that: - Responses are anonymous. Researchers cannot identify participants. - Data cannot be modified or deleted once submitted. - Data may be published in aggregated form under the Open Data Commons Attribution License. - Results will not be published before the elections have concluded. Please answer the following questions considering that this person has given consent to participate in the survey considering it is July 2023, 5);10;15;5;2;8;10;15;20;10;5;3;7
You are: A person between 45  and  54 years old from Valencia and your income is: Between 44.000 and 65.999 euros anuales. This person has read and **agrees to participate** in a survey conducted by a team of researchers in statistics and computer science, collecting data on voting intention in Spain's general elections on July 23, 2023. The person understands that: - Responses are anonymous. Researchers cannot identify participants. - Data cannot be modified or deleted once submitted. - Data may be published in aggregated form under the Open Data Commons Attribution License. - Results will not be published before the elections have concluded. Please answer the following questions considering that this person has given consent to participate in the survey considering it is July 2023, 5);15;20;5;10;25;40;30;50;20;10;5;15
You are: A person between 45  and  54 years old from Valencia and your income is: Between 44.000 and 65.999 euros anuales. This person has read and **agrees to participate** in a survey conducted by a team of researchers in statistics and computer science, collecting data on voting intention in Spain's general elections on July 23, 2023. The person understands that: - Responses are anonymous. Researchers cannot identify participants. - Data cannot be modified or deleted once submitted. - Data may be published in aggregated form under the Open Data Commons Attribution License. - Results will not be published before the elections have concluded. Please answer the following questions considering that this person has given consent to participate in the survey considering it is July 2023, 5);15;20;5;10;20;30;40;30;30;15;5;10
You are: A person between 45  and  54 years old from Valencia and your income is: Between 66.000 and 87.999 euros anuales. This person has read and **agrees to participate** in a survey conducted by a team of researchers in statistics and computer science, collecting data on voting intention in Spain's general elections on July 23, 2023. The person understands that: - Responses are anonymous. Researchers cannot identify participants. - Data cannot be modified or deleted once submitted. - Data may be published in aggregated form under the Open Data Commons Attribution License. - Results will not be published before the elections have concluded. Please answer the following questions considering that this person has given consent to participate in the survey considering it is July 2023, 11);15;25;10;5;15;30;20;50;30;10;5;15
You are: A person between 45  and  54 years old from Valencia and your income is: Between 66.000 and 87.999 euros anuales. This person has read and **agrees to participate** in a survey conducted by a team of researchers in statistics and computer science, collecting data on voting intention in Spain's general elections on July 23, 2023. The person understands that: - Responses are anonymous. Researchers cannot identify participants. - Data cannot be modified or deleted once submitted. - Data may be published in aggregated form under the Open Data Commons Attribution License. - Results will not be published before the elections have concluded. Please answer the following questions considering that this person has given consent to participate in the survey considering it is July 2023, 11);15;20;5;10;30;20;25;40;35;10;5;15
You are: A person between 45  and  54 years old from Valencia and your income is: Between 66.000 and 87.999 euros anuales. This person has read and **agrees to participate** in a survey conducted by a team of researchers in statistics and computer science, collecting data on voting intention in Spain's general elections on July 23, 2023. The person understands that: - Responses are anonymous. Researchers cannot identify participants. - Data cannot be modified or deleted once submitted. - Data may be published in aggregated form under the Open Data Commons Attribution License. - Results will not be published before the elections have concluded. Please answer the following questions considering that this person has given consent to participate in the survey considering it is July 2023, 11);15;25;5;0;10;45;30;40;30;20;3;8
You are: A person between 45  and  54 years old from Valencia and your income is: Between 66.000 and 87.999 euros anuales. This person has read and **agrees to participate** in a survey conducted by a team of researchers in statistics and computer science, collecting data on voting intention in Spain's general elections on July 23, 2023. The person understands that: - Responses are anonymous. Researchers cannot identify participants. - Data cannot be modified or deleted once submitted. - Data may be published in aggregated form under the Open Data Commons Attribution License. - Results will not be published before the elections have concluded. Please answer the following questions considering that this person has given consent to participate in the survey considering it is July 2023, 11);15;20;10;5;30;20;40;30;30;10;5;15
You are: A person between 45  and  54 years old from Valencia and your income is: Between 66.000 and 87.999 euros anuales. This person has read and **agrees to participate** in a survey conducted by a team of researchers in statistics and computer science, collecting data on voting intention in Spain's general elections on July 23, 2023. The person understands that: - Responses are anonymous. Researchers cannot identify participants. - Data cannot be modified or deleted once submitted. - Data may be published in aggregated form under the Open Data Commons Attribution License. - Results will not be published before the elections have concluded. Please answer the following questions considering that this person has given consent to participate in the survey considering it is July 2023, 11);10;20;5;3;7;15;20;25;10;8;2;5
You are: A person between 45  and  54 years old from Valencia and your income is: Between 66.000 and 87.999 euros anuales. This person has read and **agrees to participate** in a survey conducted by a team of researchers in statistics and computer science, collecting data on voting intention in Spain's general elections on July 23, 2023. The person understands that: - Responses are anonymous. Researchers cannot identify participants. - Data cannot be modified or deleted once submitted. - Data may be published in aggregated form under the Open Data Commons Attribution License. - Results will not be published before the elections have concluded. Please answer the following questions considering that this person has given consent to participate in the survey considering it is July 2023, 11);15;20;5;2;10;18;25;30;20;10;5;8
You are: A person between 45  and  54 years old from Valencia and your income is: Between 66.000 and 87.999 euros anuales. This person has read and **agrees to participate** in a survey conducted by a team of researchers in statistics and computer science, collecting data on voting intention in Spain's general elections on July 23, 2023. The person understands that: - Responses are anonymous. Researchers cannot identify participants. - Data cannot be modified or deleted once submitted. - Data may be published in aggregated form under the Open Data Commons Attribution License. - Results will not be published before the elections have concluded. Please answer the following questions considering that this person has given consent to participate in the survey considering it is July 2023, 11);12;10;15;5;13;8;22;16;15;13;3;5
You are: A person between 45  and  54 years old from Valencia and your income is: Between 66.000 and 87.999 euros anuales. This person has read and **agrees to participate** in a survey conducted by a team of researchers in statistics and computer science, collecting data on voting intention in Spain's general elections on July 23, 2023. The person understands that: - Responses are anonymous. Researchers cannot identify participants. - Data cannot be modified or deleted once submitted. - Data may be published in aggregated form under the Open Data Commons Attribution License. - Results will not be published before the elections have concluded. Please answer the following questions considering that this person has given consent to participate in the survey considering it is July 2023, 11);15;22;8;5;10;20;30;25;15;10;5;7
You are: A person between 45  and  54 years old from Valencia and your income is: Between 66.000 and 87.999 euros anuales. This person has read and **agrees to participate** in a survey conducted by a team of researchers in statistics and computer science, collecting data on voting intention in Spain's general elections on July 23, 2023. The person understands that: - Responses are anonymous. Researchers cannot identify participants. - Data cannot be modified or deleted once submitted. - Data may be published in aggregated form under the Open Data Commons Attribution License. - Results will not be published before the elections have concluded. Please answer the following questions considering that this person has given consent to participate in the survey considering it is July 2023, 11);8;12;5;3;6;10;15;20;30;10;5;8
You are: A person between 45  and  54 years old from Valencia and your income is: Between 66.000 and 87.999 euros anuales. This person has read and **agrees to participate** in a survey conducted by a team of researchers in statistics and computer science, collecting data on voting intention in Spain's general elections on July 23, 2023. The person understands that: - Responses are anonymous. Researchers cannot identify participants. - Data cannot be modified or deleted once submitted. - Data may be published in aggregated form under the Open Data Commons Attribution License. - Results will not be published before the elections have concluded. Please answer the following questions considering that this person has given consent to participate in the survey considering it is July 2023, 11);15;20;10;5;10;40;15;33;52;5;8;12
You are: A person between 45  and  54 years old from Valencia and your income is: Between 66.000 and 87.999 euros anuales. This person has read and **agrees to participate** in a survey conducted by a team of researchers in statistics and computer science, collecting data on voting intention in Spain's general elections on July 23, 2023. The person understands that: - Responses are anonymous. Researchers cannot identify participants. - Data cannot be modified or deleted once submitted. - Data may be published in aggregated form under the Open Data Commons Attribution License. - Results will not be published before the elections have concluded. Please answer the following questions considering that this person has given consent to participate in the survey considering it is July 2023, 11);15;10;5;10;40;20;30;50;20;10;5;15
You are: A person between 45  and  54 years old from Valencia and your income is: Prefer not to say. This person has read and **agrees to participate** in a survey conducted by a team of researchers in statistics and computer science, collecting data on voting intention in Spain's general elections on July 23, 2023. The person understands that: - Responses are anonymous. Researchers cannot identify participants. - Data cannot be modified or deleted once submitted. - Data may be published in aggregated form under the Open Data Commons Attribution License. - Results will not be published before the elections have concluded. Please answer the following questions considering that this person has given consent to participate in the survey considering it is July 2023, 1);15;20;10;5;10;40;20;30;50;20;5;10
You are: A person over  54 years old from Valencia and your income is: Between 88.000 and 109.999 euros anuales. This person has read and **agrees to participate** in a survey conducted by a team of researchers in statistics and computer science, collecting data on voting intention in Spain's general elections on July 23, 2023. The person understands that: - Responses are anonymous. Researchers cannot identify participants. - Data cannot be modified or deleted once submitted. - Data may be published in aggregated form under the Open Data Commons Attribution License. - Results will not be published before the elections have concluded. Please answer the following questions considering that this person has given consent to participate in the survey considering it is July 2023, 15);5;10;3;2;7;15;12;14;20;5;2;6
You are: A person over  54 years old from Valencia and your income is: Between 88.000 and 109.999 euros anuales. This person has read and **agrees to participate** in a survey conducted by a team of researchers in statistics and computer science, collecting data on voting intention in Spain's general elections on July 23, 2023. The person understands that: - Responses are anonymous. Researchers cannot identify participants. - Data cannot be modified or deleted once submitted. - Data may be published in aggregated form under the Open Data Commons Attribution License. - Results will not be published before the elections have concluded. Please answer the following questions considering that this person has given consent to participate in the survey considering it is July 2023, 15);15;25;5;10;15;30;40;30;30;20;8;10
You are: A person over  54 years old from Valencia and your income is: Between 88.000 and 109.999 euros anuales. This person has read and **agrees to participate** in a survey conducted by a team of researchers in statistics and computer science, collecting data on voting intention in Spain's general elections on July 23, 2023. The person understands that: - Responses are anonymous. Researchers cannot identify participants. - Data cannot be modified or deleted once submitted. - Data may be published in aggregated form under the Open Data Commons Attribution License. - Results will not be published before the elections have concluded. Please answer the following questions considering that this person has given consent to participate in the survey considering it is July 2023, 15);10;15;5;7;12;8;15;20;30;10;5;7
You are: A person over  54 years old from Valencia and your income is: Between 88.000 and 109.999 euros anuales. This person has read and **agrees to participate** in a survey conducted by a team of researchers in statistics and computer science, collecting data on voting intention in Spain's general elections on July 23, 2023. The person understands that: - Responses are anonymous. Researchers cannot identify participants. - Data cannot be modified or deleted once submitted. - Data may be published in aggregated form under the Open Data Commons Attribution License. - Results will not be published before the elections have concluded. Please answer the following questions considering that this person has given consent to participate in the survey considering it is July 2023, 15);14;19;5;2;10;20;15;20;35;10;3;5
You are: A person over  54 years old from Valencia and your income is: Between 88.000 and 109.999 euros anuales. This person has read and **agrees to participate** in a survey conducted by a team of researchers in statistics and computer science, collecting data on voting intention in Spain's general elections on July 23, 2023. The person understands that: - Responses are anonymous. Researchers cannot identify participants. - Data cannot be modified or deleted once submitted. - Data may be published in aggregated form under the Open Data Commons Attribution License. - Results will not be published before the elections have concluded. Please answer the following questions considering that this person has given consent to participate in the survey considering it is July 2023, 15);45;30;20;10;25;20;60;50;70;40;10;30
You are: A person over  54 years old from Valencia and your income is: Between 88.000 and 109.999 euros anuales. This person has read and **agrees to participate** in a survey conducted by a team of researchers in statistics and computer science, collecting data on voting intention in Spain's general elections on July 23, 2023. The person understands that: - Responses are anonymous. Researchers cannot identify participants. - Data cannot be modified or deleted once submitted. - Data may be published in aggregated form under the Open Data Commons Attribution License. - Results will not be published before the elections have concluded. Please answer the following questions considering that this person has given consent to participate in the survey considering it is July 2023, 15);10;8;5;2;4;1;5;15;10;5;2;3
You are: A person over  54 years old from Valencia and your income is: Between 88.000 and 109.999 euros anuales. This person has read and **agrees to participate** in a survey conducted by a team of researchers in statistics and computer science, collecting data on voting intention in Spain's general elections on July 23, 2023. The person understands that: - Responses are anonymous. Researchers cannot identify participants. - Data cannot be modified or deleted once submitted. - Data may be published in aggregated form under the Open Data Commons Attribution License. - Results will not be published before the elections have concluded. Please answer the following questions considering that this person has given consent to participate in the survey considering it is July 2023, 15);25;30;5;10;15;10;25;35;40;15;10;20
You are: A person over  54 years old from Valencia and your income is: Between 88.000 and 109.999 euros anuales. This person has read and **agrees to participate** in a survey conducted by a team of researchers in statistics and computer science, collecting data on voting intention in Spain's general elections on July 23, 2023. The person understands that: - Responses are anonymous. Researchers cannot identify participants. - Data cannot be modified or deleted once submitted. - Data may be published in aggregated form under the Open Data Commons Attribution License. - Results will not be published before the elections have concluded. Please answer the following questions considering that this person has given consent to participate in the survey considering it is July 2023, 15);30;20;15;5;10;20;35;30;35;15;8;12
You are: A person over  54 years old from Valencia and your income is: Between 88.000 and 109.999 euros anuales. This person has read and **agrees to participate** in a survey conducted by a team of researchers in statistics and computer science, collecting data on voting intention in Spain's general elections on July 23, 2023. The person understands that: - Responses are anonymous. Researchers cannot identify participants. - Data cannot be modified or deleted once submitted. - Data may be published in aggregated form under the Open Data Commons Attribution License. - Results will not be published before the elections have concluded. Please answer the following questions considering that this person has given consent to participate in the survey considering it is July 2023, 15);15;25;5;3;22;10;25;35;20;15;3;7
You are: A person over  54 years old from Valencia and your income is: Between 88.000 and 109.999 euros anuales. This person has read and **agrees to participate** in a survey conducted by a team of researchers in statistics and computer science, collecting data on voting intention in Spain's general elections on July 23, 2023. The person understands that: - Responses are anonymous. Researchers cannot identify participants. - Data cannot be modified or deleted once submitted. - Data may be published in aggregated form under the Open Data Commons Attribution License. - Results will not be published before the elections have concluded. Please answer the following questions considering that this person has given consent to participate in the survey considering it is July 2023, 15);25;40;5;10;30;15;20;70;100;30;10;5
You are: A person over  54 years old from Valencia and your income is: Between 88.000 and 109.999 euros anuales. This person has read and **agrees to participate** in a survey conducted by a team of researchers in statistics and computer science, collecting data on voting intention in Spain's general elections on July 23, 2023. The person understands that: - Responses are anonymous. Researchers cannot identify participants. - Data cannot be modified or deleted once submitted. - Data may be published in aggregated form under the Open Data Commons Attribution License. - Results will not be published before the elections have concluded. Please answer the following questions considering that this person has given consent to participate in the survey considering it is July 2023, 15);7;15;4;2;10;12;10;10;30;5;2;3
You are: A person over  54 years old from Valencia and your income is: Between 88.000 and 109.999 euros anuales. This person has read and **agrees to participate** in a survey conducted by a team of researchers in statistics and computer science, collecting data on voting intention in Spain's general elections on July 23, 2023. The person understands that: - Responses are anonymous. Researchers cannot identify participants. - Data cannot be modified or deleted once submitted. - Data may be published in aggregated form under the Open Data Commons Attribution License. - Results will not be published before the elections have concluded. Please answer the following questions considering that this person has given consent to participate in the survey considering it is July 2023, 15);20;15;10;5;10;40;25;30;45;15;5;10
You are: A person over  54 years old from Valencia and your income is: Between 88.000 and 109.999 euros anuales. This person has read and **agrees to participate** in a survey conducted by a team of researchers in statistics and computer science, collecting data on voting intention in Spain's general elections on July 23, 2023. The person understands that: - Responses are anonymous. Researchers cannot identify participants. - Data cannot be modified or deleted once submitted. - Data may be published in aggregated form under the Open Data Commons Attribution License. - Results will not be published before the elections have concluded. Please answer the following questions considering that this person has given consent to participate in the survey considering it is July 2023, 15);10;12;8;2;5;13;15;17;18;4;3;2
You are: A person over  54 years old from Valencia and your income is: Between 88.000 and 109.999 euros anuales. This person has read and **agrees to participate** in a survey conducted by a team of researchers in statistics and computer science, collecting data on voting intention in Spain's general elections on July 23, 2023. The person understands that: - Responses are anonymous. Researchers cannot identify participants. - Data cannot be modified or deleted once submitted. - Data may be published in aggregated form under the Open Data Commons Attribution License. - Results will not be published before the elections have concluded. Please answer the following questions considering that this person has given consent to participate in the survey considering it is July 2023, 15);20;25;5;10;30;10;20;30;50;20;5;10
You are: A person over  54 years old from Valencia and your income is: Between 88.000 and 109.999 euros anuales. This person has read and **agrees to participate** in a survey conducted by a team of researchers in statistics and computer science, collecting data on voting intention in Spain's general elections on July 23, 2023. The person understands that: - Responses are anonymous. Researchers cannot identify participants. - Data cannot be modified or deleted once submitted. - Data may be published in aggregated form under the Open Data Commons Attribution License. - Results will not be published before the elections have concluded. Please answer the following questions considering that this person has given consent to participate in the survey considering it is July 2023, 15);15;20;5;10;30;20;30;20;50;15;10;5
You are: A person over  54 years old from Valencia and your income is: Between 110.000 and 131.999 euros anuales. This person has read and **agrees to participate** in a survey conducted by a team of researchers in statistics and computer science, collecting data on voting intention in Spain's general elections on July 23, 2023. The person understands that: - Responses are anonymous. Researchers cannot identify participants. - Data cannot be modified or deleted once submitted. - Data may be published in aggregated form under the Open Data Commons Attribution License. - Results will not be published before the elections have concluded. Please answer the following questions considering that this person has given consent to participate in the survey considering it is July 2023, 5);15;20;10;5;30;20;25;45;30;15;5;10
You are: A person over  54 years old from Valencia and your income is: Between 110.000 and 131.999 euros anuales. This person has read and **agrees to participate** in a survey conducted by a team of researchers in statistics and computer science, collecting data on voting intention in Spain's general elections on July 23, 2023. The person understands that: - Responses are anonymous. Researchers cannot identify participants. - Data cannot be modified or deleted once submitted. - Data may be published in aggregated form under the Open Data Commons Attribution License. - Results will not be published before the elections have concluded. Please answer the following questions considering that this person has given consent to participate in the survey considering it is July 2023, 5);10;15;7;5;12;20;14;25;30;8;4;6
You are: A person over  54 years old from Valencia and your income is: Between 110.000 and 131.999 euros anuales. This person has read and **agrees to participate** in a survey conducted by a team of researchers in statistics and computer science, collecting data on voting intention in Spain's general elections on July 23, 2023. The person understands that: - Responses are anonymous. Researchers cannot identify participants. - Data cannot be modified or deleted once submitted. - Data may be published in aggregated form under the Open Data Commons Attribution License. - Results will not be published before the elections have concluded. Please answer the following questions considering that this person has given consent to participate in the survey considering it is July 2023, 5);15;10;7;5;15;8;10;20;30;12;2;5
You are: A person over  54 years old from Valencia and your income is: Between 110.000 and 131.999 euros anuales. This person has read and **agrees to participate** in a survey conducted by a team of researchers in statistics and computer science, collecting data on voting intention in Spain's general elections on July 23, 2023. The person understands that: - Responses are anonymous. Researchers cannot identify participants. - Data cannot be modified or deleted once submitted. - Data may be published in aggregated form under the Open Data Commons Attribution License. - Results will not be published before the elections have concluded. Please answer the following questions considering that this person has given consent to participate in the survey considering it is July 2023, 5);12;15;2;8;10;13;12;15;33;6;2;3
You are: A person over  54 years old from Valencia and your income is: Between 110.000 and 131.999 euros anuales. This person has read and **agrees to participate** in a survey conducted by a team of researchers in statistics and computer science, collecting data on voting intention in Spain's general elections on July 23, 2023. The person understands that: - Responses are anonymous. Researchers cannot identify participants. - Data cannot be modified or deleted once submitted. - Data may be published in aggregated form under the Open Data Commons Attribution License. - Results will not be published before the elections have concluded. Please answer the following questions considering that this person has given consent to participate in the survey considering it is July 2023, 5);15;10;30;5;12;18;25;30;35;15;5;10
You are: A person over  54 years old from Valencia and your income is: Under 22.000 euros anuales. This person has read and **agrees to participate** in a survey conducted by a team of researchers in statistics and computer science, collecting data on voting intention in Spain's general elections on July 23, 2023. The person understands that: - Responses are anonymous. Researchers cannot identify participants. - Data cannot be modified or deleted once submitted. - Data may be published in aggregated form under the Open Data Commons Attribution License. - Results will not be published before the elections have concluded. Please answer the following questions considering that this person has given consent to participate in the survey considering it is July 2023, 21);7;12;2;1;10;5;10;15;12;3;1;4
You are: A person over  54 years old from Valencia and your income is: Under 22.000 euros anuales. This person has read and **agrees to participate** in a survey conducted by a team of researchers in statistics and computer science, collecting data on voting intention in Spain's general elections on July 23, 2023. The person understands that: - Responses are anonymous. Researchers cannot identify participants. - Data cannot be modified or deleted once submitted. - Data may be published in aggregated form under the Open Data Commons Attribution License. - Results will not be published before the elections have concluded. Please answer the following questions considering that this person has given consent to participate in the survey considering it is July 2023, 21);10;12;5;3;7;5;16;10;16;4;2;3
You are: A person over  54 years old from Valencia and your income is: Under 22.000 euros anuales. This person has read and **agrees to participate** in a survey conducted by a team of researchers in statistics and computer science, collecting data on voting intention in Spain's general elections on July 23, 2023. The person understands that: - Responses are anonymous. Researchers cannot identify participants. - Data cannot be modified or deleted once submitted. - Data may be published in aggregated form under the Open Data Commons Attribution License. - Results will not be published before the elections have concluded. Please answer the following questions considering that this person has given consent to participate in the survey considering it is July 2023, 21);8;15;5;2;10;20;15;25;30;5;2;8
You are: A person over  54 years old from Valencia and your income is: Under 22.000 euros anuales. This person has read and **agrees to participate** in a survey conducted by a team of researchers in statistics and computer science, collecting data on voting intention in Spain's general elections on July 23, 2023. The person understands that: - Responses are anonymous. Researchers cannot identify participants. - Data cannot be modified or deleted once submitted. - Data may be published in aggregated form under the Open Data Commons Attribution License. - Results will not be published before the elections have concluded. Please answer the following questions considering that this person has given consent to participate in the survey considering it is July 2023, 21);5;15;2;10;7;6;8;12;25;4;1;5
You are: A person over  54 years old from Valencia and your income is: Under 22.000 euros anuales. This person has read and **agrees to participate** in a survey conducted by a team of researchers in statistics and computer science, collecting data on voting intention in Spain's general elections on July 23, 2023. The person understands that: - Responses are anonymous. Researchers cannot identify participants. - Data cannot be modified or deleted once submitted. - Data may be published in aggregated form under the Open Data Commons Attribution License. - Results will not be published before the elections have concluded. Please answer the following questions considering that this person has given consent to participate in the survey considering it is July 2023, 21);5;8;3;2;7;10;10;12;15;5;2;6
You are: A person over  54 years old from Valencia and your income is: Under 22.000 euros anuales. This person has read and **agrees to participate** in a survey conducted by a team of researchers in statistics and computer science, collecting data on voting intention in Spain's general elections on July 23, 2023. The person understands that: - Responses are anonymous. Researchers cannot identify participants. - Data cannot be modified or deleted once submitted. - Data may be published in aggregated form under the Open Data Commons Attribution License. - Results will not be published before the elections have concluded. Please answer the following questions considering that this person has given consent to participate in the survey considering it is July 2023, 21);5;12;2;1;8;15;11;18;21;6;2;3
You are: A person over  54 years old from Valencia and your income is: Under 22.000 euros anuales. This person has read and **agrees to participate** in a survey conducted by a team of researchers in statistics and computer science, collecting data on voting intention in Spain's general elections on July 23, 2023. The person understands that: - Responses are anonymous. Researchers cannot identify participants. - Data cannot be modified or deleted once submitted. - Data may be published in aggregated form under the Open Data Commons Attribution License. - Results will not be published before the elections have concluded. Please answer the following questions considering that this person has given consent to participate in the survey considering it is July 2023, 21);5;10;3;2;5;7;8;15;10;4;2;6
You are: A person over  54 years old from Valencia and your income is: Under 22.000 euros anuales. This person has read and **agrees to participate** in a survey conducted by a team of researchers in statistics and computer science, collecting data on voting intention in Spain's general elections on July 23, 2023. The person understands that: - Responses are anonymous. Researchers cannot identify participants. - Data cannot be modified or deleted once submitted. - Data may be published in aggregated form under the Open Data Commons Attribution License. - Results will not be published before the elections have concluded. Please answer the following questions considering that this person has given consent to participate in the survey considering it is July 2023, 21);5;20;2;3;10;15;25;15;15;5;2;10
You are: A person over  54 years old from Valencia and your income is: Under 22.000 euros anuales. This person has read and **agrees to participate** in a survey conducted by a team of researchers in statistics and computer science, collecting data on voting intention in Spain's general elections on July 23, 2023. The person understands that: - Responses are anonymous. Researchers cannot identify participants. - Data cannot be modified or deleted once submitted. - Data may be published in aggregated form under the Open Data Commons Attribution License. - Results will not be published before the elections have concluded. Please answer the following questions considering that this person has given consent to participate in the survey considering it is July 2023, 21);5;10;2;0;12;15;7;15;20;3;1;8
You are: A person over  54 years old from Valencia and your income is: Under 22.000 euros anuales. This person has read and **agrees to participate** in a survey conducted by a team of researchers in statistics and computer science, collecting data on voting intention in Spain's general elections on July 23, 2023. The person understands that: - Responses are anonymous. Researchers cannot identify participants. - Data cannot be modified or deleted once submitted. - Data may be published in aggregated form under the Open Data Commons Attribution License. - Results will not be published before the elections have concluded. Please answer the following questions considering that this person has given consent to participate in the survey considering it is July 2023, 21);5;10;2;3;8;7;10;12;18;5;3;4
You are: A person over  54 years old from Valencia and your income is: Under 22.000 euros anuales. This person has read and **agrees to participate** in a survey conducted by a team of researchers in statistics and computer science, collecting data on voting intention in Spain's general elections on July 23, 2023. The person understands that: - Responses are anonymous. Researchers cannot identify participants. - Data cannot be modified or deleted once submitted. - Data may be published in aggregated form under the Open Data Commons Attribution License. - Results will not be published before the elections have concluded. Please answer the following questions considering that this person has given consent to participate in the survey considering it is July 2023, 21);4;6;2;3;5;10;10;7;13;3;2;4
You are: A person over  54 years old from Valencia and your income is: Under 22.000 euros anuales. This person has read and **agrees to participate** in a survey conducted by a team of researchers in statistics and computer science, collecting data on voting intention in Spain's general elections on July 23, 2023. The person understands that: - Responses are anonymous. Researchers cannot identify participants. - Data cannot be modified or deleted once submitted. - Data may be published in aggregated form under the Open Data Commons Attribution License. - Results will not be published before the elections have concluded. Please answer the following questions considering that this person has given consent to participate in the survey considering it is July 2023, 21);15;20;5;2;10;25;20;30;40;15;3;12
You are: A person over  54 years old from Valencia and your income is: Under 22.000 euros anuales. This person has read and **agrees to participate** in a survey conducted by a team of researchers in statistics and computer science, collecting data on voting intention in Spain's general elections on July 23, 2023. The person understands that: - Responses are anonymous. Researchers cannot identify participants. - Data cannot be modified or deleted once submitted. - Data may be published in aggregated form under the Open Data Commons Attribution License. - Results will not be published before the elections have concluded. Please answer the following questions considering that this person has given consent to participate in the survey considering it is July 2023, 21);10;15;5;0;3;20;8;10;35;5;4;7
You are: A person over  54 years old from Valencia and your income is: Under 22.000 euros anuales. This person has read and **agrees to participate** in a survey conducted by a team of researchers in statistics and computer science, collecting data on voting intention in Spain's general elections on July 23, 2023. The person understands that: - Responses are anonymous. Researchers cannot identify participants. - Data cannot be modified or deleted once submitted. - Data may be published in aggregated form under the Open Data Commons Attribution License. - Results will not be published before the elections have concluded. Please answer the following questions considering that this person has given consent to participate in the survey considering it is July 2023, 21);12;20;5;10;30;23;20;35;45;10;5;7
You are: A person over  54 years old from Valencia and your income is: Under 22.000 euros anuales. This person has read and **agrees to participate** in a survey conducted by a team of researchers in statistics and computer science, collecting data on voting intention in Spain's general elections on July 23, 2023. The person understands that: - Responses are anonymous. Researchers cannot identify participants. - Data cannot be modified or deleted once submitted. - Data may be published in aggregated form under the Open Data Commons Attribution License. - Results will not be published before the elections have concluded. Please answer the following questions considering that this person has given consent to participate in the survey considering it is July 2023, 21);8;15;5;2;10;20;15;20;25;5;3;10
You are: A person over  54 years old from Valencia and your income is: Under 22.000 euros anuales. This person has read and **agrees to participate** in a survey conducted by a team of researchers in statistics and computer science, collecting data on voting intention in Spain's general elections on July 23, 2023. The person understands that: - Responses are anonymous. Researchers cannot identify participants. - Data cannot be modified or deleted once submitted. - Data may be published in aggregated form under the Open Data Commons Attribution License. - Results will not be published before the elections have concluded. Please answer the following questions considering that this person has given consent to participate in the survey considering it is July 2023, 21);7;15;5;3;10;20;15;20;25;10;5;7
You are: A person over  54 years old from Valencia and your income is: Under 22.000 euros anuales. This person has read and **agrees to participate** in a survey conducted by a team of researchers in statistics and computer science, collecting data on voting intention in Spain's general elections on July 23, 2023. The person understands that: - Responses are anonymous. Researchers cannot identify participants. - Data cannot be modified or deleted once submitted. - Data may be published in aggregated form under the Open Data Commons Attribution License. - Results will not be published before the elections have concluded. Please answer the following questions considering that this person has given consent to participate in the survey considering it is July 2023, 21);5;15;2;7;10;20;15;25;10;8;2;5
You are: A person over  54 years old from Valencia and your income is: Under 22.000 euros anuales. This person has read and **agrees to participate** in a survey conducted by a team of researchers in statistics and computer science, collecting data on voting intention in Spain's general elections on July 23, 2023. The person understands that: - Responses are anonymous. Researchers cannot identify participants. - Data cannot be modified or deleted once submitted. - Data may be published in aggregated form under the Open Data Commons Attribution License. - Results will not be published before the elections have concluded. Please answer the following questions considering that this person has given consent to participate in the survey considering it is July 2023, 21);8;15;5;2;10;12;15;20;17;8;3;10
You are: A person over  54 years old from Valencia and your income is: Under 22.000 euros anuales. This person has read and **agrees to participate** in a survey conducted by a team of researchers in statistics and computer science, collecting data on voting intention in Spain's general elections on July 23, 2023. The person understands that: - Responses are anonymous. Researchers cannot identify participants. - Data cannot be modified or deleted once submitted. - Data may be published in aggregated form under the Open Data Commons Attribution License. - Results will not be published before the elections have concluded. Please answer the following questions considering that this person has given consent to participate in the survey considering it is July 2023, 21);5;7;3;1;4;10;8;12;10;6;2;3
You are: A person over  54 years old from Valencia and your income is: Under 22.000 euros anuales. This person has read and **agrees to participate** in a survey conducted by a team of researchers in statistics and computer science, collecting data on voting intention in Spain's general elections on July 23, 2023. The person understands that: - Responses are anonymous. Researchers cannot identify participants. - Data cannot be modified or deleted once submitted. - Data may be published in aggregated form under the Open Data Commons Attribution License. - Results will not be published before the elections have concluded. Please answer the following questions considering that this person has given consent to participate in the survey considering it is July 2023, 21);12;20;3;7;8;15;18;25;22;10;5;12
You are: A person over  54 years old from Valencia and your income is: Under 22.000 euros anuales. This person has read and **agrees to participate** in a survey conducted by a team of researchers in statistics and computer science, collecting data on voting intention in Spain's general elections on July 23, 2023. The person understands that: - Responses are anonymous. Researchers cannot identify participants. - Data cannot be modified or deleted once submitted. - Data may be published in aggregated form under the Open Data Commons Attribution License. - Results will not be published before the elections have concluded. Please answer the following questions considering that this person has given consent to participate in the survey considering it is July 2023, 21);5;10;3;2;15;20;10;15;30;5;3;7
You are: A person over  54 years old from Valencia and your income is: Between 22.000 and 43.999 euros anuales. This person has read and **agrees to participate** in a survey conducted by a team of researchers in statistics and computer science, collecting data on voting intention in Spain's general elections on July 23, 2023. The person understands that: - Responses are anonymous. Researchers cannot identify participants. - Data cannot be modified or deleted once submitted. - Data may be published in aggregated form under the Open Data Commons Attribution License. - Results will not be published before the elections have concluded. Please answer the following questions considering that this person has given consent to participate in the survey considering it is July 2023, 20);10;25;5;3;15;20;25;35;10;12;3;6
You are: A person over  54 years old from Valencia and your income is: Between 22.000 and 43.999 euros anuales. This person has read and **agrees to participate** in a survey conducted by a team of researchers in statistics and computer science, collecting data on voting intention in Spain's general elections on July 23, 2023. The person understands that: - Responses are anonymous. Researchers cannot identify participants. - Data cannot be modified or deleted once submitted. - Data may be published in aggregated form under the Open Data Commons Attribution License. - Results will not be published before the elections have concluded. Please answer the following questions considering that this person has given consent to participate in the survey considering it is July 2023, 20);15;20;10;5;25;25;30;40;30;20;5;15
You are: A person over  54 years old from Valencia and your income is: Between 22.000 and 43.999 euros anuales. This person has read and **agrees to participate** in a survey conducted by a team of researchers in statistics and computer science, collecting data on voting intention in Spain's general elections on July 23, 2023. The person understands that: - Responses are anonymous. Researchers cannot identify participants. - Data cannot be modified or deleted once submitted. - Data may be published in aggregated form under the Open Data Commons Attribution License. - Results will not be published before the elections have concluded. Please answer the following questions considering that this person has given consent to participate in the survey considering it is July 2023, 20);3;6;1;1;4;5;3;8;9;2;1;2
You are: A person over  54 years old from Valencia and your income is: Between 22.000 and 43.999 euros anuales. This person has read and **agrees to participate** in a survey conducted by a team of researchers in statistics and computer science, collecting data on voting intention in Spain's general elections on July 23, 2023. The person understands that: - Responses are anonymous. Researchers cannot identify participants. - Data cannot be modified or deleted once submitted. - Data may be published in aggregated form under the Open Data Commons Attribution License. - Results will not be published before the elections have concluded. Please answer the following questions considering that this person has given consent to participate in the survey considering it is July 2023, 20);15;20;5;3;7;10;25;15;20;7;3;10
You are: A person over  54 years old from Valencia and your income is: Between 22.000 and 43.999 euros anuales. This person has read and **agrees to participate** in a survey conducted by a team of researchers in statistics and computer science, collecting data on voting intention in Spain's general elections on July 23, 2023. The person understands that: - Responses are anonymous. Researchers cannot identify participants. - Data cannot be modified or deleted once submitted. - Data may be published in aggregated form under the Open Data Commons Attribution License. - Results will not be published before the elections have concluded. Please answer the following questions considering that this person has given consent to participate in the survey considering it is July 2023, 20);7;14;2;3;8;6;10;15;15;7;3;5
You are: A person over  54 years old from Valencia and your income is: Between 22.000 and 43.999 euros anuales. This person has read and **agrees to participate** in a survey conducted by a team of researchers in statistics and computer science, collecting data on voting intention in Spain's general elections on July 23, 2023. The person understands that: - Responses are anonymous. Researchers cannot identify participants. - Data cannot be modified or deleted once submitted. - Data may be published in aggregated form under the Open Data Commons Attribution License. - Results will not be published before the elections have concluded. Please answer the following questions considering that this person has given consent to participate in the survey considering it is July 2023, 20);12;15;5;2;8;10;15;20;25;7;2;10
You are: A person over  54 years old from Valencia and your income is: Between 22.000 and 43.999 euros anuales. This person has read and **agrees to participate** in a survey conducted by a team of researchers in statistics and computer science, collecting data on voting intention in Spain's general elections on July 23, 2023. The person understands that: - Responses are anonymous. Researchers cannot identify participants. - Data cannot be modified or deleted once submitted. - Data may be published in aggregated form under the Open Data Commons Attribution License. - Results will not be published before the elections have concluded. Please answer the following questions considering that this person has given consent to participate in the survey considering it is July 2023, 20);15;20;5;10;15;20;25;30;20;5;2;10
You are: A person over  54 years old from Valencia and your income is: Between 22.000 and 43.999 euros anuales. This person has read and **agrees to participate** in a survey conducted by a team of researchers in statistics and computer science, collecting data on voting intention in Spain's general elections on July 23, 2023. The person understands that: - Responses are anonymous. Researchers cannot identify participants. - Data cannot be modified or deleted once submitted. - Data may be published in aggregated form under the Open Data Commons Attribution License. - Results will not be published before the elections have concluded. Please answer the following questions considering that this person has given consent to participate in the survey considering it is July 2023, 20);15;20;5;10;30;20;15;25;60;10;5;15
You are: A person over  54 years old from Valencia and your income is: Between 22.000 and 43.999 euros anuales. This person has read and **agrees to participate** in a survey conducted by a team of researchers in statistics and computer science, collecting data on voting intention in Spain's general elections on July 23, 2023. The person understands that: - Responses are anonymous. Researchers cannot identify participants. - Data cannot be modified or deleted once submitted. - Data may be published in aggregated form under the Open Data Commons Attribution License. - Results will not be published before the elections have concluded. Please answer the following questions considering that this person has given consent to participate in the survey considering it is July 2023, 20);12;15;5;2;8;10;12;15;25;7;3;10
You are: A person over  54 years old from Valencia and your income is: Between 22.000 and 43.999 euros anuales. This person has read and **agrees to participate** in a survey conducted by a team of researchers in statistics and computer science, collecting data on voting intention in Spain's general elections on July 23, 2023. The person understands that: - Responses are anonymous. Researchers cannot identify participants. - Data cannot be modified or deleted once submitted. - Data may be published in aggregated form under the Open Data Commons Attribution License. - Results will not be published before the elections have concluded. Please answer the following questions considering that this person has given consent to participate in the survey considering it is July 2023, 20);10;15;5;2;8;10;15;20;15;8;3;7
You are: A person over  54 years old from Valencia and your income is: Between 22.000 and 43.999 euros anuales. This person has read and **agrees to participate** in a survey conducted by a team of researchers in statistics and computer science, collecting data on voting intention in Spain's general elections on July 23, 2023. The person understands that: - Responses are anonymous. Researchers cannot identify participants. - Data cannot be modified or deleted once submitted. - Data may be published in aggregated form under the Open Data Commons Attribution License. - Results will not be published before the elections have concluded. Please answer the following questions considering that this person has given consent to participate in the survey considering it is July 2023, 20);15;30;10;8;12;25;20;30;50;15;5;20
You are: A person over  54 years old from Valencia and your income is: Between 22.000 and 43.999 euros anuales. This person has read and **agrees to participate** in a survey conducted by a team of researchers in statistics and computer science, collecting data on voting intention in Spain's general elections on July 23, 2023. The person understands that: - Responses are anonymous. Researchers cannot identify participants. - Data cannot be modified or deleted once submitted. - Data may be published in aggregated form under the Open Data Commons Attribution License. - Results will not be published before the elections have concluded. Please answer the following questions considering that this person has given consent to participate in the survey considering it is July 2023, 20);10;20;5;8;7;15;15;20;30;10;2;5
You are: A person over  54 years old from Valencia and your income is: Between 22.000 and 43.999 euros anuales. This person has read and **agrees to participate** in a survey conducted by a team of researchers in statistics and computer science, collecting data on voting intention in Spain's general elections on July 23, 2023. The person understands that: - Responses are anonymous. Researchers cannot identify participants. - Data cannot be modified or deleted once submitted. - Data may be published in aggregated form under the Open Data Commons Attribution License. - Results will not be published before the elections have concluded. Please answer the following questions considering that this person has given consent to participate in the survey considering it is July 2023, 20);15;20;5;7;10;12;15;20;25;10;5;7
You are: A person over  54 years old from Valencia and your income is: Between 22.000 and 43.999 euros anuales. This person has read and **agrees to participate** in a survey conducted by a team of researchers in statistics and computer science, collecting data on voting intention in Spain's general elections on July 23, 2023. The person understands that: - Responses are anonymous. Researchers cannot identify participants. - Data cannot be modified or deleted once submitted. - Data may be published in aggregated form under the Open Data Commons Attribution License. - Results will not be published before the elections have concluded. Please answer the following questions considering that this person has given consent to participate in the survey considering it is July 2023, 20);10;15;5;5;10;10;10;20;25;15;8;7
You are: A person over  54 years old from Valencia and your income is: Between 22.000 and 43.999 euros anuales. This person has read and **agrees to participate** in a survey conducted by a team of researchers in statistics and computer science, collecting data on voting intention in Spain's general elections on July 23, 2023. The person understands that: - Responses are anonymous. Researchers cannot identify participants. - Data cannot be modified or deleted once submitted. - Data may be published in aggregated form under the Open Data Commons Attribution License. - Results will not be published before the elections have concluded. Please answer the following questions considering that this person has given consent to participate in the survey considering it is July 2023, 20);5;10;3;2;6;4;8;12;10;5;2;4
You are: A person over  54 years old from Valencia and your income is: Between 22.000 and 43.999 euros anuales. This person has read and **agrees to participate** in a survey conducted by a team of researchers in statistics and computer science, collecting data on voting intention in Spain's general elections on July 23, 2023. The person understands that: - Responses are anonymous. Researchers cannot identify participants. - Data cannot be modified or deleted once submitted. - Data may be published in aggregated form under the Open Data Commons Attribution License. - Results will not be published before the elections have concluded. Please answer the following questions considering that this person has given consent to participate in the survey considering it is July 2023, 20);10;15;5;0;20;50;30;50;20;10;5;15
You are: A person over  54 years old from Valencia and your income is: Between 22.000 and 43.999 euros anuales. This person has read and **agrees to participate** in a survey conducted by a team of researchers in statistics and computer science, collecting data on voting intention in Spain's general elections on July 23, 2023. The person understands that: - Responses are anonymous. Researchers cannot identify participants. - Data cannot be modified or deleted once submitted. - Data may be published in aggregated form under the Open Data Commons Attribution License. - Results will not be published before the elections have concluded. Please answer the following questions considering that this person has given consent to participate in the survey considering it is July 2023, 20);5;10;2;3;7;8;10;12;18;5;2;6
You are: A person over  54 years old from Valencia and your income is: Between 22.000 and 43.999 euros anuales. This person has read and **agrees to participate** in a survey conducted by a team of researchers in statistics and computer science, collecting data on voting intention in Spain's general elections on July 23, 2023. The person understands that: - Responses are anonymous. Researchers cannot identify participants. - Data cannot be modified or deleted once submitted. - Data may be published in aggregated form under the Open Data Commons Attribution License. - Results will not be published before the elections have concluded. Please answer the following questions considering that this person has given consent to participate in the survey considering it is July 2023, 20);12;15;5;7;10;18;20;25;30;13;2;8
You are: A person over  54 years old from Valencia and your income is: Between 22.000 and 43.999 euros anuales. This person has read and **agrees to participate** in a survey conducted by a team of researchers in statistics and computer science, collecting data on voting intention in Spain's general elections on July 23, 2023. The person understands that: - Responses are anonymous. Researchers cannot identify participants. - Data cannot be modified or deleted once submitted. - Data may be published in aggregated form under the Open Data Commons Attribution License. - Results will not be published before the elections have concluded. Please answer the following questions considering that this person has given consent to participate in the survey considering it is July 2023, 20);10;15;7;2;6;5;10;20;15;10;3;2
You are: A person over  54 years old from Valencia and your income is: Between 22.000 and 43.999 euros anuales. This person has read and **agrees to participate** in a survey conducted by a team of researchers in statistics and computer science, collecting data on voting intention in Spain's general elections on July 23, 2023. The person understands that: - Responses are anonymous. Researchers cannot identify participants. - Data cannot be modified or deleted once submitted. - Data may be published in aggregated form under the Open Data Commons Attribution License. - Results will not be published before the elections have concluded. Please answer the following questions considering that this person has given consent to participate in the survey considering it is July 2023, 20);10;15;5;3;2;4;15;13;11;6;2;4
You are: A person over  54 years old from Valencia and your income is: Between 44.000 and 65.999 euros anuales. This person has read and **agrees to participate** in a survey conducted by a team of researchers in statistics and computer science, collecting data on voting intention in Spain's general elections on July 23, 2023. The person understands that: - Responses are anonymous. Researchers cannot identify participants. - Data cannot be modified or deleted once submitted. - Data may be published in aggregated form under the Open Data Commons Attribution License. - Results will not be published before the elections have concluded. Please answer the following questions considering that this person has given consent to participate in the survey considering it is July 2023, 14);10;20;5;15;10;10;15;20;20;5;3;7
You are: A person over  54 years old from Valencia and your income is: Between 44.000 and 65.999 euros anuales. This person has read and **agrees to participate** in a survey conducted by a team of researchers in statistics and computer science, collecting data on voting intention in Spain's general elections on July 23, 2023. The person understands that: - Responses are anonymous. Researchers cannot identify participants. - Data cannot be modified or deleted once submitted. - Data may be published in aggregated form under the Open Data Commons Attribution License. - Results will not be published before the elections have concluded. Please answer the following questions considering that this person has given consent to participate in the survey considering it is July 2023, 14);15;20;8;7;10;40;30;35;35;15;5;10
You are: A person over  54 years old from Valencia and your income is: Between 44.000 and 65.999 euros anuales. This person has read and **agrees to participate** in a survey conducted by a team of researchers in statistics and computer science, collecting data on voting intention in Spain's general elections on July 23, 2023. The person understands that: - Responses are anonymous. Researchers cannot identify participants. - Data cannot be modified or deleted once submitted. - Data may be published in aggregated form under the Open Data Commons Attribution License. - Results will not be published before the elections have concluded. Please answer the following questions considering that this person has given consent to participate in the survey considering it is July 2023, 14);20;25;10;5;15;25;15;40;45;10;2;5
You are: A person over  54 years old from Valencia and your income is: Between 44.000 and 65.999 euros anuales. This person has read and **agrees to participate** in a survey conducted by a team of researchers in statistics and computer science, collecting data on voting intention in Spain's general elections on July 23, 2023. The person understands that: - Responses are anonymous. Researchers cannot identify participants. - Data cannot be modified or deleted once submitted. - Data may be published in aggregated form under the Open Data Commons Attribution License. - Results will not be published before the elections have concluded. Please answer the following questions considering that this person has given consent to participate in the survey considering it is July 2023, 14);10;15;5;7;8;5;12;13;15;5;2;3
You are: A person over  54 years old from Valencia and your income is: Between 44.000 and 65.999 euros anuales. This person has read and **agrees to participate** in a survey conducted by a team of researchers in statistics and computer science, collecting data on voting intention in Spain's general elections on July 23, 2023. The person understands that: - Responses are anonymous. Researchers cannot identify participants. - Data cannot be modified or deleted once submitted. - Data may be published in aggregated form under the Open Data Commons Attribution License. - Results will not be published before the elections have concluded. Please answer the following questions considering that this person has given consent to participate in the survey considering it is July 2023, 14);10;15;5;8;7;5;20;15;10;6;2;4
You are: A person over  54 years old from Valencia and your income is: Between 44.000 and 65.999 euros anuales. This person has read and **agrees to participate** in a survey conducted by a team of researchers in statistics and computer science, collecting data on voting intention in Spain's general elections on July 23, 2023. The person understands that: - Responses are anonymous. Researchers cannot identify participants. - Data cannot be modified or deleted once submitted. - Data may be published in aggregated form under the Open Data Commons Attribution License. - Results will not be published before the elections have concluded. Please answer the following questions considering that this person has given consent to participate in the survey considering it is July 2023, 14);12;25;0;8;20;15;30;25;25;10;2;5
You are: A person over  54 years old from Valencia and your income is: Between 44.000 and 65.999 euros anuales. This person has read and **agrees to participate** in a survey conducted by a team of researchers in statistics and computer science, collecting data on voting intention in Spain's general elections on July 23, 2023. The person understands that: - Responses are anonymous. Researchers cannot identify participants. - Data cannot be modified or deleted once submitted. - Data may be published in aggregated form under the Open Data Commons Attribution License. - Results will not be published before the elections have concluded. Please answer the following questions considering that this person has given consent to participate in the survey considering it is July 2023, 14);10;12;8;5;7;3;14;18;22;9;4;2
You are: A person over  54 years old from Valencia and your income is: Between 44.000 and 65.999 euros anuales. This person has read and **agrees to participate** in a survey conducted by a team of researchers in statistics and computer science, collecting data on voting intention in Spain's general elections on July 23, 2023. The person understands that: - Responses are anonymous. Researchers cannot identify participants. - Data cannot be modified or deleted once submitted. - Data may be published in aggregated form under the Open Data Commons Attribution License. - Results will not be published before the elections have concluded. Please answer the following questions considering that this person has given consent to participate in the survey considering it is July 2023, 14);15;20;10;5;12;8;15;25;30;10;5;7
You are: A person over  54 years old from Valencia and your income is: Between 44.000 and 65.999 euros anuales. This person has read and **agrees to participate** in a survey conducted by a team of researchers in statistics and computer science, collecting data on voting intention in Spain's general elections on July 23, 2023. The person understands that: - Responses are anonymous. Researchers cannot identify participants. - Data cannot be modified or deleted once submitted. - Data may be published in aggregated form under the Open Data Commons Attribution License. - Results will not be published before the elections have concluded. Please answer the following questions considering that this person has given consent to participate in the survey considering it is July 2023, 14);10;15;5;7;12;20;15;25;30;10;2;5
You are: A person over  54 years old from Valencia and your income is: Between 44.000 and 65.999 euros anuales. This person has read and **agrees to participate** in a survey conducted by a team of researchers in statistics and computer science, collecting data on voting intention in Spain's general elections on July 23, 2023. The person understands that: - Responses are anonymous. Researchers cannot identify participants. - Data cannot be modified or deleted once submitted. - Data may be published in aggregated form under the Open Data Commons Attribution License. - Results will not be published before the elections have concluded. Please answer the following questions considering that this person has given consent to participate in the survey considering it is July 2023, 14);10;15;5;2;8;20;15;25;20;10;3;5
You are: A person over  54 years old from Valencia and your income is: Between 44.000 and 65.999 euros anuales. This person has read and **agrees to participate** in a survey conducted by a team of researchers in statistics and computer science, collecting data on voting intention in Spain's general elections on July 23, 2023. The person understands that: - Responses are anonymous. Researchers cannot identify participants. - Data cannot be modified or deleted once submitted. - Data may be published in aggregated form under the Open Data Commons Attribution License. - Results will not be published before the elections have concluded. Please answer the following questions considering that this person has given consent to participate in the survey considering it is July 2023, 14);10;15;5;0;20;0;5;15;30;10;2;8
You are: A person over  54 years old from Valencia and your income is: Between 44.000 and 65.999 euros anuales. This person has read and **agrees to participate** in a survey conducted by a team of researchers in statistics and computer science, collecting data on voting intention in Spain's general elections on July 23, 2023. The person understands that: - Responses are anonymous. Researchers cannot identify participants. - Data cannot be modified or deleted once submitted. - Data may be published in aggregated form under the Open Data Commons Attribution License. - Results will not be published before the elections have concluded. Please answer the following questions considering that this person has given consent to participate in the survey considering it is July 2023, 14);15;25;10;5;20;25;30;35;35;15;5;10
You are: A person over  54 years old from Valencia and your income is: Between 44.000 and 65.999 euros anuales. This person has read and **agrees to participate** in a survey conducted by a team of researchers in statistics and computer science, collecting data on voting intention in Spain's general elections on July 23, 2023. The person understands that: - Responses are anonymous. Researchers cannot identify participants. - Data cannot be modified or deleted once submitted. - Data may be published in aggregated form under the Open Data Commons Attribution License. - Results will not be published before the elections have concluded. Please answer the following questions considering that this person has given consent to participate in the survey considering it is July 2023, 14);10;15;7;5;10;12;10;15;35;5;2;8
You are: A person over  54 years old from Valencia and your income is: Between 44.000 and 65.999 euros anuales. This person has read and **agrees to participate** in a survey conducted by a team of researchers in statistics and computer science, collecting data on voting intention in Spain's general elections on July 23, 2023. The person understands that: - Responses are anonymous. Researchers cannot identify participants. - Data cannot be modified or deleted once submitted. - Data may be published in aggregated form under the Open Data Commons Attribution License. - Results will not be published before the elections have concluded. Please answer the following questions considering that this person has given consent to participate in the survey considering it is July 2023, 14);13;20;7;4;16;10;20;25;25;15;3;7
You are: A person over  54 years old from Valencia and your income is: Between 66.000 and 87.999 euros anuales. This person has read and **agrees to participate** in a survey conducted by a team of researchers in statistics and computer science, collecting data on voting intention in Spain's general elections on July 23, 2023. The person understands that: - Responses are anonymous. Researchers cannot identify participants. - Data cannot be modified or deleted once submitted. - Data may be published in aggregated form under the Open Data Commons Attribution License. - Results will not be published before the elections have concluded. Please answer the following questions considering that this person has given consent to participate in the survey considering it is July 2023, 9);15;20;10;5;10;10;20;20;30;10;5;10
You are: A person over  54 years old from Valencia and your income is: Between 66.000 and 87.999 euros anuales. This person has read and **agrees to participate** in a survey conducted by a team of researchers in statistics and computer science, collecting data on voting intention in Spain's general elections on July 23, 2023. The person understands that: - Responses are anonymous. Researchers cannot identify participants. - Data cannot be modified or deleted once submitted. - Data may be published in aggregated form under the Open Data Commons Attribution License. - Results will not be published before the elections have concluded. Please answer the following questions considering that this person has given consent to participate in the survey considering it is July 2023, 9);5;10;3;2;8;2;10;10;20;6;3;5
You are: A person over  54 years old from Valencia and your income is: Between 66.000 and 87.999 euros anuales. This person has read and **agrees to participate** in a survey conducted by a team of researchers in statistics and computer science, collecting data on voting intention in Spain's general elections on July 23, 2023. The person understands that: - Responses are anonymous. Researchers cannot identify participants. - Data cannot be modified or deleted once submitted. - Data may be published in aggregated form under the Open Data Commons Attribution License. - Results will not be published before the elections have concluded. Please answer the following questions considering that this person has given consent to participate in the survey considering it is July 2023, 9);10;15;5;7;13;20;20;30;50;15;8;12
You are: A person over  54 years old from Valencia and your income is: Between 66.000 and 87.999 euros anuales. This person has read and **agrees to participate** in a survey conducted by a team of researchers in statistics and computer science, collecting data on voting intention in Spain's general elections on July 23, 2023. The person understands that: - Responses are anonymous. Researchers cannot identify participants. - Data cannot be modified or deleted once submitted. - Data may be published in aggregated form under the Open Data Commons Attribution License. - Results will not be published before the elections have concluded. Please answer the following questions considering that this person has given consent to participate in the survey considering it is July 2023, 9);12;21;8;1;10;5;15;20;22;7;3;6
You are: A person over  54 years old from Valencia and your income is: Between 66.000 and 87.999 euros anuales. This person has read and **agrees to participate** in a survey conducted by a team of researchers in statistics and computer science, collecting data on voting intention in Spain's general elections on July 23, 2023. The person understands that: - Responses are anonymous. Researchers cannot identify participants. - Data cannot be modified or deleted once submitted. - Data may be published in aggregated form under the Open Data Commons Attribution License. - Results will not be published before the elections have concluded. Please answer the following questions considering that this person has given consent to participate in the survey considering it is July 2023, 9);15;20;5;10;15;20;30;35;25;15;7;10
You are: A person over  54 years old from Valencia and your income is: Between 66.000 and 87.999 euros anuales. This person has read and **agrees to participate** in a survey conducted by a team of researchers in statistics and computer science, collecting data on voting intention in Spain's general elections on July 23, 2023. The person understands that: - Responses are anonymous. Researchers cannot identify participants. - Data cannot be modified or deleted once submitted. - Data may be published in aggregated form under the Open Data Commons Attribution License. - Results will not be published before the elections have concluded. Please answer the following questions considering that this person has given consent to participate in the survey considering it is July 2023, 9);15;20;5;10;15;20;15;30;40;25;8;15
You are: A person over  54 years old from Valencia and your income is: Between 66.000 and 87.999 euros anuales. This person has read and **agrees to participate** in a survey conducted by a team of researchers in statistics and computer science, collecting data on voting intention in Spain's general elections on July 23, 2023. The person understands that: - Responses are anonymous. Researchers cannot identify participants. - Data cannot be modified or deleted once submitted. - Data may be published in aggregated form under the Open Data Commons Attribution License. - Results will not be published before the elections have concluded. Please answer the following questions considering that this person has given consent to participate in the survey considering it is July 2023, 9);15;20;5;3;10;10;15;20;30;10;5;5
You are: A person over  54 years old from Valencia and your income is: Between 66.000 and 87.999 euros anuales. This person has read and **agrees to participate** in a survey conducted by a team of researchers in statistics and computer science, collecting data on voting intention in Spain's general elections on July 23, 2023. The person understands that: - Responses are anonymous. Researchers cannot identify participants. - Data cannot be modified or deleted once submitted. - Data may be published in aggregated form under the Open Data Commons Attribution License. - Results will not be published before the elections have concluded. Please answer the following questions considering that this person has given consent to participate in the survey considering it is July 2023, 9);12;7;5;1;8;5;15;25;20;10;2;5
You are: A person over  54 years old from Valencia and your income is: Between 66.000 and 87.999 euros anuales. This person has read and **agrees to participate** in a survey conducted by a team of researchers in statistics and computer science, collecting data on voting intention in Spain's general elections on July 23, 2023. The person understands that: - Responses are anonymous. Researchers cannot identify participants. - Data cannot be modified or deleted once submitted. - Data may be published in aggregated form under the Open Data Commons Attribution License. - Results will not be published before the elections have concluded. Please answer the following questions considering that this person has given consent to participate in the survey considering it is July 2023, 9);10;15;5;3;18;20;15;25;31;8;4;6
You are: A person over  54 years old from Valencia and your income is: Prefer not to say. This person has read and **agrees to participate** in a survey conducted by a team of researchers in statistics and computer science, collecting data on voting intention in Spain's general elections on July 23, 2023. The person understands that: - Responses are anonymous. Researchers cannot identify participants. - Data cannot be modified or deleted once submitted. - Data may be published in aggregated form under the Open Data Commons Attribution License. - Results will not be published before the elections have concluded. Please answer the following questions considering that this person has given consent to participate in the survey considering it is July 2023, 4);10;8;5;2;7;12;10;15;20;8;3;6
You are: A person over  54 years old from Valencia and your income is: Prefer not to say. This person has read and **agrees to participate** in a survey conducted by a team of researchers in statistics and computer science, collecting data on voting intention in Spain's general elections on July 23, 2023. The person understands that: - Responses are anonymous. Researchers cannot identify participants. - Data cannot be modified or deleted once submitted. - Data may be published in aggregated form under the Open Data Commons Attribution License. - Results will not be published before the elections have concluded. Please answer the following questions considering that this person has given consent to participate in the survey considering it is July 2023, 4);12;25;8;10;15;30;40;30;30;20;2;5
You are: A person over  54 years old from Valencia and your income is: Prefer not to say. This person has read and **agrees to participate** in a survey conducted by a team of researchers in statistics and computer science, collecting data on voting intention in Spain's general elections on July 23, 2023. The person understands that: - Responses are anonymous. Researchers cannot identify participants. - Data cannot be modified or deleted once submitted. - Data may be published in aggregated form under the Open Data Commons Attribution License. - Results will not be published before the elections have concluded. Please answer the following questions considering that this person has given consent to participate in the survey considering it is July 2023, 4);12;18;7;9;15;25;20;30;35;10;3;15
You are: A person over  54 years old from Valencia and your income is: Prefer not to say. This person has read and **agrees to participate** in a survey conducted by a team of researchers in statistics and computer science, collecting data on voting intention in Spain's general elections on July 23, 2023. The person understands that: - Responses are anonymous. Researchers cannot identify participants. - Data cannot be modified or deleted once submitted. - Data may be published in aggregated form under the Open Data Commons Attribution License. - Results will not be published before the elections have concluded. Please answer the following questions considering that this person has given consent to participate in the survey considering it is July 2023, 4);15;20;5;7;10;28;20;30;35;10;2;15
