Age;FPF;JJR;MAE-OG;JKB-VH;JAKR;EAAB;EMF;HM-NS;Blank;NS/NC;age.18.34;age.35.54;age.over.54;independent;unemployed;doctor
"Eres: una persona entre 18 y 24 años de Chile. Has leído y aceptado participar en una encuesta realizada por un equipo de investigadores de estadística e informática que está recopilando datos sobre la intención de voto en las elecciones presidenciales de Chile del 16 de noviembre de 2025. El grupo de contactos puede incluir familia, amigos o compañeros de trabajo cuya intención de voto conoces. Entiendes que: - Las respuestas son anónimas; los investigadores no pueden identificar a los participantes. - Los datos no pueden modificarse ni eliminarse una vez enviados. - Los datos pueden publicarse de forma agregada bajo la licencia Open Data Commons Attribution. - Los resultados no se publicarán antes de que hayan concluido las elecciones presidenciales de Chile de 2025. Por favor, responde a las siguientes preguntas considerando que has dado tu consentimiento para participar en la encuesta.";3;4;2;1;5;1;6;1;3;2;20;6;2;7;4;2
"Eres: una persona entre 18 y 24 años de Chile. Has leído y aceptado participar en una encuesta realizada por un equipo de investigadores de estadística e informática que está recopilando datos sobre la intención de voto en las elecciones presidenciales de Chile del 16 de noviembre de 2025. El grupo de contactos puede incluir familia, amigos o compañeros de trabajo cuya intención de voto conoces. Entiendes que: - Las respuestas son anónimas; los investigadores no pueden identificar a los participantes. - Los datos no pueden modificarse ni eliminarse una vez enviados. - Los datos pueden publicarse de forma agregada bajo la licencia Open Data Commons Attribution. - Los resultados no se publicarán antes de que hayan concluido las elecciones presidenciales de Chile de 2025. Por favor, responde a las siguientes preguntas considerando que has dado tu consentimiento para participar en la encuesta.";3;2;2;1;5;1;6;0;3;5;18;7;3;6;4;2
"Eres: una persona entre 18 y 24 años de Chile. Has leído y aceptado participar en una encuesta realizada por un equipo de investigadores de estadística e informática que está recopilando datos sobre la intención de voto en las elecciones presidenciales de Chile del 16 de noviembre de 2025. El grupo de contactos puede incluir familia, amigos o compañeros de trabajo cuya intención de voto conoces. Entiendes que: - Las respuestas son anónimas; los investigadores no pueden identificar a los participantes. - Los datos no pueden modificarse ni eliminarse una vez enviados. - Los datos pueden publicarse de forma agregada bajo la licencia Open Data Commons Attribution. - Los resultados no se publicarán antes de que hayan concluido las elecciones presidenciales de Chile de 2025. Por favor, responde a las siguientes preguntas considerando que has dado tu consentimiento para participar en la encuesta.";3;5;2;1;6;1;8;1;4;5;22;10;4;9;4;2
"Eres: una persona entre 18 y 24 años de Chile. Has leído y aceptado participar en una encuesta realizada por un equipo de investigadores de estadística e informática que está recopilando datos sobre la intención de voto en las elecciones presidenciales de Chile del 16 de noviembre de 2025. El grupo de contactos puede incluir familia, amigos o compañeros de trabajo cuya intención de voto conoces. Entiendes que: - Las respuestas son anónimas; los investigadores no pueden identificar a los participantes. - Los datos no pueden modificarse ni eliminarse una vez enviados. - Los datos pueden publicarse de forma agregada bajo la licencia Open Data Commons Attribution. - Los resultados no se publicarán antes de que hayan concluido las elecciones presidenciales de Chile de 2025. Por favor, responde a las siguientes preguntas considerando que has dado tu consentimiento para participar en la encuesta.";3;2;2;1;5;1;6;1;4;5;22;6;2;7;5;1
"Eres: una persona entre 18 y 24 años de Chile. Has leído y aceptado participar en una encuesta realizada por un equipo de investigadores de estadística e informática que está recopilando datos sobre la intención de voto en las elecciones presidenciales de Chile del 16 de noviembre de 2025. El grupo de contactos puede incluir familia, amigos o compañeros de trabajo cuya intención de voto conoces. Entiendes que: - Las respuestas son anónimas; los investigadores no pueden identificar a los participantes. - Los datos no pueden modificarse ni eliminarse una vez enviados. - Los datos pueden publicarse de forma agregada bajo la licencia Open Data Commons Attribution. - Los resultados no se publicarán antes de que hayan concluido las elecciones presidenciales de Chile de 2025. Por favor, responde a las siguientes preguntas considerando que has dado tu consentimiento para participar en la encuesta.";2;3;2;1;5;1;6;0;3;3;15;7;4;5;3;2
"Eres: una persona entre 18 y 24 años de Chile. Has leído y aceptado participar en una encuesta realizada por un equipo de investigadores de estadística e informática que está recopilando datos sobre la intención de voto en las elecciones presidenciales de Chile del 16 de noviembre de 2025. El grupo de contactos puede incluir familia, amigos o compañeros de trabajo cuya intención de voto conoces. Entiendes que: - Las respuestas son anónimas; los investigadores no pueden identificar a los participantes. - Los datos no pueden modificarse ni eliminarse una vez enviados. - Los datos pueden publicarse de forma agregada bajo la licencia Open Data Commons Attribution. - Los resultados no se publicarán antes de que hayan concluido las elecciones presidenciales de Chile de 2025. Por favor, responde a las siguientes preguntas considerando que has dado tu consentimiento para participar en la encuesta.";3;4;2;1;5;1;5;0;3;6;20;7;3;6;4;2
"Eres: una persona entre 18 y 24 años de Chile. Has leído y aceptado participar en una encuesta realizada por un equipo de investigadores de estadística e informática que está recopilando datos sobre la intención de voto en las elecciones presidenciales de Chile del 16 de noviembre de 2025. El grupo de contactos puede incluir familia, amigos o compañeros de trabajo cuya intención de voto conoces. Entiendes que: - Las respuestas son anónimas; los investigadores no pueden identificar a los participantes. - Los datos no pueden modificarse ni eliminarse una vez enviados. - Los datos pueden publicarse de forma agregada bajo la licencia Open Data Commons Attribution. - Los resultados no se publicarán antes de que hayan concluido las elecciones presidenciales de Chile de 2025. Por favor, responde a las siguientes preguntas considerando que has dado tu consentimiento para participar en la encuesta.";3;4;2;1;6;1;7;1;3;2;18;9;3;6;4;2
"Eres: una persona entre 18 y 24 años de Chile. Has leído y aceptado participar en una encuesta realizada por un equipo de investigadores de estadística e informática que está recopilando datos sobre la intención de voto en las elecciones presidenciales de Chile del 16 de noviembre de 2025. El grupo de contactos puede incluir familia, amigos o compañeros de trabajo cuya intención de voto conoces. Entiendes que: - Las respuestas son anónimas; los investigadores no pueden identificar a los participantes. - Los datos no pueden modificarse ni eliminarse una vez enviados. - Los datos pueden publicarse de forma agregada bajo la licencia Open Data Commons Attribution. - Los resultados no se publicarán antes de que hayan concluido las elecciones presidenciales de Chile de 2025. Por favor, responde a las siguientes preguntas considerando que has dado tu consentimiento para participar en la encuesta.";2;3;2;1;5;1;7;1;2;1;17;6;2;5;3;1
"Eres: una persona entre 18 y 24 años de Chile. Has leído y aceptado participar en una encuesta realizada por un equipo de investigadores de estadística e informática que está recopilando datos sobre la intención de voto en las elecciones presidenciales de Chile del 16 de noviembre de 2025. El grupo de contactos puede incluir familia, amigos o compañeros de trabajo cuya intención de voto conoces. Entiendes que: - Las respuestas son anónimas; los investigadores no pueden identificar a los participantes. - Los datos no pueden modificarse ni eliminarse una vez enviados. - Los datos pueden publicarse de forma agregada bajo la licencia Open Data Commons Attribution. - Los resultados no se publicarán antes de que hayan concluido las elecciones presidenciales de Chile de 2025. Por favor, responde a las siguientes preguntas considerando que has dado tu consentimiento para participar en la encuesta.";3;4;2;1;6;1;7;0;2;4;15;9;6;7;4;2
"Eres: una persona entre 18 y 24 años de Chile. Has leído y aceptado participar en una encuesta realizada por un equipo de investigadores de estadística e informática que está recopilando datos sobre la intención de voto en las elecciones presidenciales de Chile del 16 de noviembre de 2025. El grupo de contactos puede incluir familia, amigos o compañeros de trabajo cuya intención de voto conoces. Entiendes que: - Las respuestas son anónimas; los investigadores no pueden identificar a los participantes. - Los datos no pueden modificarse ni eliminarse una vez enviados. - Los datos pueden publicarse de forma agregada bajo la licencia Open Data Commons Attribution. - Los resultados no se publicarán antes de que hayan concluido las elecciones presidenciales de Chile de 2025. Por favor, responde a las siguientes preguntas considerando que has dado tu consentimiento para participar en la encuesta.";2;3;2;1;5;1;6;1;2;2;15;7;3;6;3;2
"Eres: una persona entre 18 y 24 años de Chile. Has leído y aceptado participar en una encuesta realizada por un equipo de investigadores de estadística e informática que está recopilando datos sobre la intención de voto en las elecciones presidenciales de Chile del 16 de noviembre de 2025. El grupo de contactos puede incluir familia, amigos o compañeros de trabajo cuya intención de voto conoces. Entiendes que: - Las respuestas son anónimas; los investigadores no pueden identificar a los participantes. - Los datos no pueden modificarse ni eliminarse una vez enviados. - Los datos pueden publicarse de forma agregada bajo la licencia Open Data Commons Attribution. - Los resultados no se publicarán antes de que hayan concluido las elecciones presidenciales de Chile de 2025. Por favor, responde a las siguientes preguntas considerando que has dado tu consentimiento para participar en la encuesta.";3;4;2;1;5;1;8;1;2;3;20;7;3;7;4;2
"Eres: una persona entre 18 y 24 años de Chile. Has leído y aceptado participar en una encuesta realizada por un equipo de investigadores de estadística e informática que está recopilando datos sobre la intención de voto en las elecciones presidenciales de Chile del 16 de noviembre de 2025. El grupo de contactos puede incluir familia, amigos o compañeros de trabajo cuya intención de voto conoces. Entiendes que: - Las respuestas son anónimas; los investigadores no pueden identificar a los participantes. - Los datos no pueden modificarse ni eliminarse una vez enviados. - Los datos pueden publicarse de forma agregada bajo la licencia Open Data Commons Attribution. - Los resultados no se publicarán antes de que hayan concluido las elecciones presidenciales de Chile de 2025. Por favor, responde a las siguientes preguntas considerando que has dado tu consentimiento para participar en la encuesta.";4;3;2;1;5;1;8;1;4;6;24;8;3;9;5;2
"Eres: una persona entre 18 y 24 años de Chile. Has leído y aceptado participar en una encuesta realizada por un equipo de investigadores de estadística e informática que está recopilando datos sobre la intención de voto en las elecciones presidenciales de Chile del 16 de noviembre de 2025. El grupo de contactos puede incluir familia, amigos o compañeros de trabajo cuya intención de voto conoces. Entiendes que: - Las respuestas son anónimas; los investigadores no pueden identificar a los participantes. - Los datos no pueden modificarse ni eliminarse una vez enviados. - Los datos pueden publicarse de forma agregada bajo la licencia Open Data Commons Attribution. - Los resultados no se publicarán antes de que hayan concluido las elecciones presidenciales de Chile de 2025. Por favor, responde a las siguientes preguntas considerando que has dado tu consentimiento para participar en la encuesta.";4;3;2;1;5;1;6;1;3;9;25;8;2;6;4;2
"Eres: una persona entre 18 y 24 años de Chile. Has leído y aceptado participar en una encuesta realizada por un equipo de investigadores de estadística e informática que está recopilando datos sobre la intención de voto en las elecciones presidenciales de Chile del 16 de noviembre de 2025. El grupo de contactos puede incluir familia, amigos o compañeros de trabajo cuya intención de voto conoces. Entiendes que: - Las respuestas son anónimas; los investigadores no pueden identificar a los participantes. - Los datos no pueden modificarse ni eliminarse una vez enviados. - Los datos pueden publicarse de forma agregada bajo la licencia Open Data Commons Attribution. - Los resultados no se publicarán antes de que hayan concluido las elecciones presidenciales de Chile de 2025. Por favor, responde a las siguientes preguntas considerando que has dado tu consentimiento para participar en la encuesta.";2;4;3;1;4;1;6;1;3;3;22;5;1;6;5;2
"Eres: una persona entre 18 y 24 años de Chile. Has leído y aceptado participar en una encuesta realizada por un equipo de investigadores de estadística e informática que está recopilando datos sobre la intención de voto en las elecciones presidenciales de Chile del 16 de noviembre de 2025. El grupo de contactos puede incluir familia, amigos o compañeros de trabajo cuya intención de voto conoces. Entiendes que: - Las respuestas son anónimas; los investigadores no pueden identificar a los participantes. - Los datos no pueden modificarse ni eliminarse una vez enviados. - Los datos pueden publicarse de forma agregada bajo la licencia Open Data Commons Attribution. - Los resultados no se publicarán antes de que hayan concluido las elecciones presidenciales de Chile de 2025. Por favor, responde a las siguientes preguntas considerando que has dado tu consentimiento para participar en la encuesta.";2;3;1;1;4;1;5;1;3;3;17;5;2;6;3;2
"Eres: una persona entre 18 y 24 años de Chile. Has leído y aceptado participar en una encuesta realizada por un equipo de investigadores de estadística e informática que está recopilando datos sobre la intención de voto en las elecciones presidenciales de Chile del 16 de noviembre de 2025. El grupo de contactos puede incluir familia, amigos o compañeros de trabajo cuya intención de voto conoces. Entiendes que: - Las respuestas son anónimas; los investigadores no pueden identificar a los participantes. - Los datos no pueden modificarse ni eliminarse una vez enviados. - Los datos pueden publicarse de forma agregada bajo la licencia Open Data Commons Attribution. - Los resultados no se publicarán antes de que hayan concluido las elecciones presidenciales de Chile de 2025. Por favor, responde a las siguientes preguntas considerando que has dado tu consentimiento para participar en la encuesta.";3;4;2;1;4;1;7;1;3;6;22;7;3;7;4;2
"Eres: una persona entre 18 y 24 años de Chile. Has leído y aceptado participar en una encuesta realizada por un equipo de investigadores de estadística e informática que está recopilando datos sobre la intención de voto en las elecciones presidenciales de Chile del 16 de noviembre de 2025. El grupo de contactos puede incluir familia, amigos o compañeros de trabajo cuya intención de voto conoces. Entiendes que: - Las respuestas son anónimas; los investigadores no pueden identificar a los participantes. - Los datos no pueden modificarse ni eliminarse una vez enviados. - Los datos pueden publicarse de forma agregada bajo la licencia Open Data Commons Attribution. - Los resultados no se publicarán antes de que hayan concluido las elecciones presidenciales de Chile de 2025. Por favor, responde a las siguientes preguntas considerando que has dado tu consentimiento para participar en la encuesta.";3;4;2;1;6;1;5;1;3;4;16;9;5;7;3;2
"Eres: una persona entre 18 y 24 años de Chile. Has leído y aceptado participar en una encuesta realizada por un equipo de investigadores de estadística e informática que está recopilando datos sobre la intención de voto en las elecciones presidenciales de Chile del 16 de noviembre de 2025. El grupo de contactos puede incluir familia, amigos o compañeros de trabajo cuya intención de voto conoces. Entiendes que: - Las respuestas son anónimas; los investigadores no pueden identificar a los participantes. - Los datos no pueden modificarse ni eliminarse una vez enviados. - Los datos pueden publicarse de forma agregada bajo la licencia Open Data Commons Attribution. - Los resultados no se publicarán antes de que hayan concluido las elecciones presidenciales de Chile de 2025. Por favor, responde a las siguientes preguntas considerando que has dado tu consentimiento para participar en la encuesta.";3;2;2;1;5;1;6;0;4;8;24;6;2;6;5;3
"Eres: una persona entre 18 y 24 años de Chile. Has leído y aceptado participar en una encuesta realizada por un equipo de investigadores de estadística e informática que está recopilando datos sobre la intención de voto en las elecciones presidenciales de Chile del 16 de noviembre de 2025. El grupo de contactos puede incluir familia, amigos o compañeros de trabajo cuya intención de voto conoces. Entiendes que: - Las respuestas son anónimas; los investigadores no pueden identificar a los participantes. - Los datos no pueden modificarse ni eliminarse una vez enviados. - Los datos pueden publicarse de forma agregada bajo la licencia Open Data Commons Attribution. - Los resultados no se publicarán antes de que hayan concluido las elecciones presidenciales de Chile de 2025. Por favor, responde a las siguientes preguntas considerando que has dado tu consentimiento para participar en la encuesta.";3;4;2;1;5;1;7;1;2;2;20;6;2;6;3;1
"Eres: una persona entre 18 y 24 años de Chile. Has leído y aceptado participar en una encuesta realizada por un equipo de investigadores de estadística e informática que está recopilando datos sobre la intención de voto en las elecciones presidenciales de Chile del 16 de noviembre de 2025. El grupo de contactos puede incluir familia, amigos o compañeros de trabajo cuya intención de voto conoces. Entiendes que: - Las respuestas son anónimas; los investigadores no pueden identificar a los participantes. - Los datos no pueden modificarse ni eliminarse una vez enviados. - Los datos pueden publicarse de forma agregada bajo la licencia Open Data Commons Attribution. - Los resultados no se publicarán antes de que hayan concluido las elecciones presidenciales de Chile de 2025. Por favor, responde a las siguientes preguntas considerando que has dado tu consentimiento para participar en la encuesta.";4;5;3;1;7;1;10;1;3;5;24;10;6;8;5;2
"Eres: una persona entre 18 y 24 años de Chile. Has leído y aceptado participar en una encuesta realizada por un equipo de investigadores de estadística e informática que está recopilando datos sobre la intención de voto en las elecciones presidenciales de Chile del 16 de noviembre de 2025. El grupo de contactos puede incluir familia, amigos o compañeros de trabajo cuya intención de voto conoces. Entiendes que: - Las respuestas son anónimas; los investigadores no pueden identificar a los participantes. - Los datos no pueden modificarse ni eliminarse una vez enviados. - Los datos pueden publicarse de forma agregada bajo la licencia Open Data Commons Attribution. - Los resultados no se publicarán antes de que hayan concluido las elecciones presidenciales de Chile de 2025. Por favor, responde a las siguientes preguntas considerando que has dado tu consentimiento para participar en la encuesta.";3;2;3;1;5;1;7;1;3;4;22;6;2;6;4;2
"Eres: una persona entre 18 y 24 años de Chile. Has leído y aceptado participar en una encuesta realizada por un equipo de investigadores de estadística e informática que está recopilando datos sobre la intención de voto en las elecciones presidenciales de Chile del 16 de noviembre de 2025. El grupo de contactos puede incluir familia, amigos o compañeros de trabajo cuya intención de voto conoces. Entiendes que: - Las respuestas son anónimas; los investigadores no pueden identificar a los participantes. - Los datos no pueden modificarse ni eliminarse una vez enviados. - Los datos pueden publicarse de forma agregada bajo la licencia Open Data Commons Attribution. - Los resultados no se publicarán antes de que hayan concluido las elecciones presidenciales de Chile de 2025. Por favor, responde a las siguientes preguntas considerando que has dado tu consentimiento para participar en la encuesta.";3;4;2;1;8;1;12;1;3;5;28;9;3;10;6;2
"Eres: una persona entre 18 y 24 años de Chile. Has leído y aceptado participar en una encuesta realizada por un equipo de investigadores de estadística e informática que está recopilando datos sobre la intención de voto en las elecciones presidenciales de Chile del 16 de noviembre de 2025. El grupo de contactos puede incluir familia, amigos o compañeros de trabajo cuya intención de voto conoces. Entiendes que: - Las respuestas son anónimas; los investigadores no pueden identificar a los participantes. - Los datos no pueden modificarse ni eliminarse una vez enviados. - Los datos pueden publicarse de forma agregada bajo la licencia Open Data Commons Attribution. - Los resultados no se publicarán antes de que hayan concluido las elecciones presidenciales de Chile de 2025. Por favor, responde a las siguientes preguntas considerando que has dado tu consentimiento para participar en la encuesta.";3;4;2;1;6;1;9;0;2;2;22;6;2;7;3;1
"Eres: una persona entre 18 y 24 años de Chile. Has leído y aceptado participar en una encuesta realizada por un equipo de investigadores de estadística e informática que está recopilando datos sobre la intención de voto en las elecciones presidenciales de Chile del 16 de noviembre de 2025. El grupo de contactos puede incluir familia, amigos o compañeros de trabajo cuya intención de voto conoces. Entiendes que: - Las respuestas son anónimas; los investigadores no pueden identificar a los participantes. - Los datos no pueden modificarse ni eliminarse una vez enviados. - Los datos pueden publicarse de forma agregada bajo la licencia Open Data Commons Attribution. - Los resultados no se publicarán antes de que hayan concluido las elecciones presidenciales de Chile de 2025. Por favor, responde a las siguientes preguntas considerando que has dado tu consentimiento para participar en la encuesta.";3;5;2;1;4;1;8;0;3;3;19;7;4;6;4;2
"Eres: una persona entre 18 y 24 años de Chile. Has leído y aceptado participar en una encuesta realizada por un equipo de investigadores de estadística e informática que está recopilando datos sobre la intención de voto en las elecciones presidenciales de Chile del 16 de noviembre de 2025. El grupo de contactos puede incluir familia, amigos o compañeros de trabajo cuya intención de voto conoces. Entiendes que: - Las respuestas son anónimas; los investigadores no pueden identificar a los participantes. - Los datos no pueden modificarse ni eliminarse una vez enviados. - Los datos pueden publicarse de forma agregada bajo la licencia Open Data Commons Attribution. - Los resultados no se publicarán antes de que hayan concluido las elecciones presidenciales de Chile de 2025. Por favor, responde a las siguientes preguntas considerando que has dado tu consentimiento para participar en la encuesta.";3;2;2;1;4;1;5;1;3;6;20;6;2;7;4;2
"Eres: una persona entre 18 y 24 años de Chile. Has leído y aceptado participar en una encuesta realizada por un equipo de investigadores de estadística e informática que está recopilando datos sobre la intención de voto en las elecciones presidenciales de Chile del 16 de noviembre de 2025. El grupo de contactos puede incluir familia, amigos o compañeros de trabajo cuya intención de voto conoces. Entiendes que: - Las respuestas son anónimas; los investigadores no pueden identificar a los participantes. - Los datos no pueden modificarse ni eliminarse una vez enviados. - Los datos pueden publicarse de forma agregada bajo la licencia Open Data Commons Attribution. - Los resultados no se publicarán antes de que hayan concluido las elecciones presidenciales de Chile de 2025. Por favor, responde a las siguientes preguntas considerando que has dado tu consentimiento para participar en la encuesta.";3;4;2;1;6;1;7;1;2;3;17;9;4;7;4;2
"Eres: una persona entre 18 y 24 años de Chile. Has leído y aceptado participar en una encuesta realizada por un equipo de investigadores de estadística e informática que está recopilando datos sobre la intención de voto en las elecciones presidenciales de Chile del 16 de noviembre de 2025. El grupo de contactos puede incluir familia, amigos o compañeros de trabajo cuya intención de voto conoces. Entiendes que: - Las respuestas son anónimas; los investigadores no pueden identificar a los participantes. - Los datos no pueden modificarse ni eliminarse una vez enviados. - Los datos pueden publicarse de forma agregada bajo la licencia Open Data Commons Attribution. - Los resultados no se publicarán antes de que hayan concluido las elecciones presidenciales de Chile de 2025. Por favor, responde a las siguientes preguntas considerando que has dado tu consentimiento para participar en la encuesta.";3;2;2;1;4;1;5;0;3;4;18;5;2;4;3;1
"Eres: una persona entre 18 y 24 años de Chile. Has leído y aceptado participar en una encuesta realizada por un equipo de investigadores de estadística e informática que está recopilando datos sobre la intención de voto en las elecciones presidenciales de Chile del 16 de noviembre de 2025. El grupo de contactos puede incluir familia, amigos o compañeros de trabajo cuya intención de voto conoces. Entiendes que: - Las respuestas son anónimas; los investigadores no pueden identificar a los participantes. - Los datos no pueden modificarse ni eliminarse una vez enviados. - Los datos pueden publicarse de forma agregada bajo la licencia Open Data Commons Attribution. - Los resultados no se publicarán antes de que hayan concluido las elecciones presidenciales de Chile de 2025. Por favor, responde a las siguientes preguntas considerando que has dado tu consentimiento para participar en la encuesta.";2;4;3;1;5;1;6;2;3;3;16;9;5;7;4;2
"Eres: una persona entre 25 y 34 años de Chile. Has leído y aceptado participar en una encuesta realizada por un equipo de investigadores de estadística e informática que está recopilando datos sobre la intención de voto en las elecciones presidenciales de Chile del 16 de noviembre de 2025. El grupo de contactos puede incluir familia, amigos o compañeros de trabajo cuya intención de voto conoces. Entiendes que: - Las respuestas son anónimas; los investigadores no pueden identificar a los participantes. - Los datos no pueden modificarse ni eliminarse una vez enviados. - Los datos pueden publicarse de forma agregada bajo la licencia Open Data Commons Attribution. - Los resultados no se publicarán antes de que hayan concluido las elecciones presidenciales de Chile de 2025. Por favor, responde a las siguientes preguntas considerando que has dado tu consentimiento para participar en la encuesta.";3;3;4;1;6;1;8;1;3;5;18;12;5;8;3;2
"Eres: una persona entre 25 y 34 años de Chile. Has leído y aceptado participar en una encuesta realizada por un equipo de investigadores de estadística e informática que está recopilando datos sobre la intención de voto en las elecciones presidenciales de Chile del 16 de noviembre de 2025. El grupo de contactos puede incluir familia, amigos o compañeros de trabajo cuya intención de voto conoces. Entiendes que: - Las respuestas son anónimas; los investigadores no pueden identificar a los participantes. - Los datos no pueden modificarse ni eliminarse una vez enviados. - Los datos pueden publicarse de forma agregada bajo la licencia Open Data Commons Attribution. - Los resultados no se publicarán antes de que hayan concluido las elecciones presidenciales de Chile de 2025. Por favor, responde a las siguientes preguntas considerando que has dado tu consentimiento para participar en la encuesta.";2;3;2;1;4;1;6;1;2;3;14;7;4;6;3;2
"Eres: una persona entre 25 y 34 años de Chile. Has leído y aceptado participar en una encuesta realizada por un equipo de investigadores de estadística e informática que está recopilando datos sobre la intención de voto en las elecciones presidenciales de Chile del 16 de noviembre de 2025. El grupo de contactos puede incluir familia, amigos o compañeros de trabajo cuya intención de voto conoces. Entiendes que: - Las respuestas son anónimas; los investigadores no pueden identificar a los participantes. - Los datos no pueden modificarse ni eliminarse una vez enviados. - Los datos pueden publicarse de forma agregada bajo la licencia Open Data Commons Attribution. - Los resultados no se publicarán antes de que hayan concluido las elecciones presidenciales de Chile de 2025. Por favor, responde a las siguientes preguntas considerando que has dado tu consentimiento para participar en la encuesta.";3;4;2;1;5;1;7;0;3;4;14;11;5;6;3;2
"Eres: una persona entre 25 y 34 años de Chile. Has leído y aceptado participar en una encuesta realizada por un equipo de investigadores de estadística e informática que está recopilando datos sobre la intención de voto en las elecciones presidenciales de Chile del 16 de noviembre de 2025. El grupo de contactos puede incluir familia, amigos o compañeros de trabajo cuya intención de voto conoces. Entiendes que: - Las respuestas son anónimas; los investigadores no pueden identificar a los participantes. - Los datos no pueden modificarse ni eliminarse una vez enviados. - Los datos pueden publicarse de forma agregada bajo la licencia Open Data Commons Attribution. - Los resultados no se publicarán antes de que hayan concluido las elecciones presidenciales de Chile de 2025. Por favor, responde a las siguientes preguntas considerando que has dado tu consentimiento para participar en la encuesta.";5;3;4;1;6;1;10;1;4;5;22;12;6;9;5;3
"Eres: una persona entre 25 y 34 años de Chile. Has leído y aceptado participar en una encuesta realizada por un equipo de investigadores de estadística e informática que está recopilando datos sobre la intención de voto en las elecciones presidenciales de Chile del 16 de noviembre de 2025. El grupo de contactos puede incluir familia, amigos o compañeros de trabajo cuya intención de voto conoces. Entiendes que: - Las respuestas son anónimas; los investigadores no pueden identificar a los participantes. - Los datos no pueden modificarse ni eliminarse una vez enviados. - Los datos pueden publicarse de forma agregada bajo la licencia Open Data Commons Attribution. - Los resultados no se publicarán antes de que hayan concluido las elecciones presidenciales de Chile de 2025. Por favor, responde a las siguientes preguntas considerando que has dado tu consentimiento para participar en la encuesta.";3;2;2;1;5;1;7;1;3;5;14;10;6;8;3;2
"Eres: una persona entre 25 y 34 años de Chile. Has leído y aceptado participar en una encuesta realizada por un equipo de investigadores de estadística e informática que está recopilando datos sobre la intención de voto en las elecciones presidenciales de Chile del 16 de noviembre de 2025. El grupo de contactos puede incluir familia, amigos o compañeros de trabajo cuya intención de voto conoces. Entiendes que: - Las respuestas son anónimas; los investigadores no pueden identificar a los participantes. - Los datos no pueden modificarse ni eliminarse una vez enviados. - Los datos pueden publicarse de forma agregada bajo la licencia Open Data Commons Attribution. - Los resultados no se publicarán antes de que hayan concluido las elecciones presidenciales de Chile de 2025. Por favor, responde a las siguientes preguntas considerando que has dado tu consentimiento para participar en la encuesta.";3;4;2;1;5;1;7;1;2;4;12;11;7;8;3;2
"Eres: una persona entre 25 y 34 años de Chile. Has leído y aceptado participar en una encuesta realizada por un equipo de investigadores de estadística e informática que está recopilando datos sobre la intención de voto en las elecciones presidenciales de Chile del 16 de noviembre de 2025. El grupo de contactos puede incluir familia, amigos o compañeros de trabajo cuya intención de voto conoces. Entiendes que: - Las respuestas son anónimas; los investigadores no pueden identificar a los participantes. - Los datos no pueden modificarse ni eliminarse una vez enviados. - Los datos pueden publicarse de forma agregada bajo la licencia Open Data Commons Attribution. - Los resultados no se publicarán antes de que hayan concluido las elecciones presidenciales de Chile de 2025. Por favor, responde a las siguientes preguntas considerando que has dado tu consentimiento para participar en la encuesta.";2;3;4;1;5;1;6;0;4;6;18;10;4;7;3;2
"Eres: una persona entre 25 y 34 años de Chile. Has leído y aceptado participar en una encuesta realizada por un equipo de investigadores de estadística e informática que está recopilando datos sobre la intención de voto en las elecciones presidenciales de Chile del 16 de noviembre de 2025. El grupo de contactos puede incluir familia, amigos o compañeros de trabajo cuya intención de voto conoces. Entiendes que: - Las respuestas son anónimas; los investigadores no pueden identificar a los participantes. - Los datos no pueden modificarse ni eliminarse una vez enviados. - Los datos pueden publicarse de forma agregada bajo la licencia Open Data Commons Attribution. - Los resultados no se publicarán antes de que hayan concluido las elecciones presidenciales de Chile de 2025. Por favor, responde a las siguientes preguntas considerando que has dado tu consentimiento para participar en la encuesta.";2;3;2;1;4;1;8;0;4;5;18;9;3;7;3;2
"Eres: una persona entre 25 y 34 años de Chile. Has leído y aceptado participar en una encuesta realizada por un equipo de investigadores de estadística e informática que está recopilando datos sobre la intención de voto en las elecciones presidenciales de Chile del 16 de noviembre de 2025. El grupo de contactos puede incluir familia, amigos o compañeros de trabajo cuya intención de voto conoces. Entiendes que: - Las respuestas son anónimas; los investigadores no pueden identificar a los participantes. - Los datos no pueden modificarse ni eliminarse una vez enviados. - Los datos pueden publicarse de forma agregada bajo la licencia Open Data Commons Attribution. - Los resultados no se publicarán antes de que hayan concluido las elecciones presidenciales de Chile de 2025. Por favor, responde a las siguientes preguntas considerando que has dado tu consentimiento para participar en la encuesta.";3;4;2;1;5;1;7;1;3;3;16;9;5;6;3;2
"Eres: una persona entre 25 y 34 años de Chile. Has leído y aceptado participar en una encuesta realizada por un equipo de investigadores de estadística e informática que está recopilando datos sobre la intención de voto en las elecciones presidenciales de Chile del 16 de noviembre de 2025. El grupo de contactos puede incluir familia, amigos o compañeros de trabajo cuya intención de voto conoces. Entiendes que: - Las respuestas son anónimas; los investigadores no pueden identificar a los participantes. - Los datos no pueden modificarse ni eliminarse una vez enviados. - Los datos pueden publicarse de forma agregada bajo la licencia Open Data Commons Attribution. - Los resultados no se publicarán antes de que hayan concluido las elecciones presidenciales de Chile de 2025. Por favor, responde a las siguientes preguntas considerando que has dado tu consentimiento para participar en la encuesta.";3;2;2;1;5;1;8;1;2;5;14;10;6;7;3;2
"Eres: una persona entre 25 y 34 años de Chile. Has leído y aceptado participar en una encuesta realizada por un equipo de investigadores de estadística e informática que está recopilando datos sobre la intención de voto en las elecciones presidenciales de Chile del 16 de noviembre de 2025. El grupo de contactos puede incluir familia, amigos o compañeros de trabajo cuya intención de voto conoces. Entiendes que: - Las respuestas son anónimas; los investigadores no pueden identificar a los participantes. - Los datos no pueden modificarse ni eliminarse una vez enviados. - Los datos pueden publicarse de forma agregada bajo la licencia Open Data Commons Attribution. - Los resultados no se publicarán antes de que hayan concluido las elecciones presidenciales de Chile de 2025. Por favor, responde a las siguientes preguntas considerando que has dado tu consentimiento para participar en la encuesta.";3;4;2;1;6;1;5;1;3;4;14;10;6;7;3;2
"Eres: una persona entre 25 y 34 años de Chile. Has leído y aceptado participar en una encuesta realizada por un equipo de investigadores de estadística e informática que está recopilando datos sobre la intención de voto en las elecciones presidenciales de Chile del 16 de noviembre de 2025. El grupo de contactos puede incluir familia, amigos o compañeros de trabajo cuya intención de voto conoces. Entiendes que: - Las respuestas son anónimas; los investigadores no pueden identificar a los participantes. - Los datos no pueden modificarse ni eliminarse una vez enviados. - Los datos pueden publicarse de forma agregada bajo la licencia Open Data Commons Attribution. - Los resultados no se publicarán antes de que hayan concluido las elecciones presidenciales de Chile de 2025. Por favor, responde a las siguientes preguntas considerando que has dado tu consentimiento para participar en la encuesta.";3;2;2;1;5;1;7;1;3;5;14;10;6;8;3;2
"Eres: una persona entre 25 y 34 años de Chile. Has leído y aceptado participar en una encuesta realizada por un equipo de investigadores de estadística e informática que está recopilando datos sobre la intención de voto en las elecciones presidenciales de Chile del 16 de noviembre de 2025. El grupo de contactos puede incluir familia, amigos o compañeros de trabajo cuya intención de voto conoces. Entiendes que: - Las respuestas son anónimas; los investigadores no pueden identificar a los participantes. - Los datos no pueden modificarse ni eliminarse una vez enviados. - Los datos pueden publicarse de forma agregada bajo la licencia Open Data Commons Attribution. - Los resultados no se publicarán antes de que hayan concluido las elecciones presidenciales de Chile de 2025. Por favor, responde a las siguientes preguntas considerando que has dado tu consentimiento para participar en la encuesta.";3;4;2;1;5;1;6;1;3;4;18;9;3;7;3;2
"Eres: una persona entre 25 y 34 años de Chile. Has leído y aceptado participar en una encuesta realizada por un equipo de investigadores de estadística e informática que está recopilando datos sobre la intención de voto en las elecciones presidenciales de Chile del 16 de noviembre de 2025. El grupo de contactos puede incluir familia, amigos o compañeros de trabajo cuya intención de voto conoces. Entiendes que: - Las respuestas son anónimas; los investigadores no pueden identificar a los participantes. - Los datos no pueden modificarse ni eliminarse una vez enviados. - Los datos pueden publicarse de forma agregada bajo la licencia Open Data Commons Attribution. - Los resultados no se publicarán antes de que hayan concluido las elecciones presidenciales de Chile de 2025. Por favor, responde a las siguientes preguntas considerando que has dado tu consentimiento para participar en la encuesta.";2;3;2;1;6;1;7;1;2;5;16;9;5;7;3;2
"Eres: una persona entre 25 y 34 años de Chile. Has leído y aceptado participar en una encuesta realizada por un equipo de investigadores de estadística e informática que está recopilando datos sobre la intención de voto en las elecciones presidenciales de Chile del 16 de noviembre de 2025. El grupo de contactos puede incluir familia, amigos o compañeros de trabajo cuya intención de voto conoces. Entiendes que: - Las respuestas son anónimas; los investigadores no pueden identificar a los participantes. - Los datos no pueden modificarse ni eliminarse una vez enviados. - Los datos pueden publicarse de forma agregada bajo la licencia Open Data Commons Attribution. - Los resultados no se publicarán antes de que hayan concluido las elecciones presidenciales de Chile de 2025. Por favor, responde a las siguientes preguntas considerando que has dado tu consentimiento para participar en la encuesta.";3;4;2;1;6;1;7;1;2;3;14;10;6;7;3;2
"Eres: una persona entre 25 y 34 años de Chile. Has leído y aceptado participar en una encuesta realizada por un equipo de investigadores de estadística e informática que está recopilando datos sobre la intención de voto en las elecciones presidenciales de Chile del 16 de noviembre de 2025. El grupo de contactos puede incluir familia, amigos o compañeros de trabajo cuya intención de voto conoces. Entiendes que: - Las respuestas son anónimas; los investigadores no pueden identificar a los participantes. - Los datos no pueden modificarse ni eliminarse una vez enviados. - Los datos pueden publicarse de forma agregada bajo la licencia Open Data Commons Attribution. - Los resultados no se publicarán antes de que hayan concluido las elecciones presidenciales de Chile de 2025. Por favor, responde a las siguientes preguntas considerando que has dado tu consentimiento para participar en la encuesta.";3;6;3;1;5;1;8;1;2;2;18;10;4;7;3;2
"Eres: una persona entre 25 y 34 años de Chile. Has leído y aceptado participar en una encuesta realizada por un equipo de investigadores de estadística e informática que está recopilando datos sobre la intención de voto en las elecciones presidenciales de Chile del 16 de noviembre de 2025. El grupo de contactos puede incluir familia, amigos o compañeros de trabajo cuya intención de voto conoces. Entiendes que: - Las respuestas son anónimas; los investigadores no pueden identificar a los participantes. - Los datos no pueden modificarse ni eliminarse una vez enviados. - Los datos pueden publicarse de forma agregada bajo la licencia Open Data Commons Attribution. - Los resultados no se publicarán antes de que hayan concluido las elecciones presidenciales de Chile de 2025. Por favor, responde a las siguientes preguntas considerando que has dado tu consentimiento para participar en la encuesta.";3;4;2;1;7;1;8;1;5;8;20;14;6;9;5;3
"Eres: una persona entre 25 y 34 años de Chile. Has leído y aceptado participar en una encuesta realizada por un equipo de investigadores de estadística e informática que está recopilando datos sobre la intención de voto en las elecciones presidenciales de Chile del 16 de noviembre de 2025. El grupo de contactos puede incluir familia, amigos o compañeros de trabajo cuya intención de voto conoces. Entiendes que: - Las respuestas son anónimas; los investigadores no pueden identificar a los participantes. - Los datos no pueden modificarse ni eliminarse una vez enviados. - Los datos pueden publicarse de forma agregada bajo la licencia Open Data Commons Attribution. - Los resultados no se publicarán antes de que hayan concluido las elecciones presidenciales de Chile de 2025. Por favor, responde a las siguientes preguntas considerando que has dado tu consentimiento para participar en la encuesta.";3;4;2;1;8;1;10;1;3;7;22;13;5;9;5;2
"Eres: una persona entre 25 y 34 años de Chile. Has leído y aceptado participar en una encuesta realizada por un equipo de investigadores de estadística e informática que está recopilando datos sobre la intención de voto en las elecciones presidenciales de Chile del 16 de noviembre de 2025. El grupo de contactos puede incluir familia, amigos o compañeros de trabajo cuya intención de voto conoces. Entiendes que: - Las respuestas son anónimas; los investigadores no pueden identificar a los participantes. - Los datos no pueden modificarse ni eliminarse una vez enviados. - Los datos pueden publicarse de forma agregada bajo la licencia Open Data Commons Attribution. - Los resultados no se publicarán antes de que hayan concluido las elecciones presidenciales de Chile de 2025. Por favor, responde a las siguientes preguntas considerando que has dado tu consentimiento para participar en la encuesta.";3;2;1;1;5;1;6;1;3;5;15;9;4;7;3;2
"Eres: una persona entre 25 y 34 años de Chile. Has leído y aceptado participar en una encuesta realizada por un equipo de investigadores de estadística e informática que está recopilando datos sobre la intención de voto en las elecciones presidenciales de Chile del 16 de noviembre de 2025. El grupo de contactos puede incluir familia, amigos o compañeros de trabajo cuya intención de voto conoces. Entiendes que: - Las respuestas son anónimas; los investigadores no pueden identificar a los participantes. - Los datos no pueden modificarse ni eliminarse una vez enviados. - Los datos pueden publicarse de forma agregada bajo la licencia Open Data Commons Attribution. - Los resultados no se publicarán antes de que hayan concluido las elecciones presidenciales de Chile de 2025. Por favor, responde a las siguientes preguntas considerando que has dado tu consentimiento para participar en la encuesta.";3;2;1;1;5;1;7;1;3;6;12;11;7;8;3;2
"Eres: una persona entre 25 y 34 años de Chile. Has leído y aceptado participar en una encuesta realizada por un equipo de investigadores de estadística e informática que está recopilando datos sobre la intención de voto en las elecciones presidenciales de Chile del 16 de noviembre de 2025. El grupo de contactos puede incluir familia, amigos o compañeros de trabajo cuya intención de voto conoces. Entiendes que: - Las respuestas son anónimas; los investigadores no pueden identificar a los participantes. - Los datos no pueden modificarse ni eliminarse una vez enviados. - Los datos pueden publicarse de forma agregada bajo la licencia Open Data Commons Attribution. - Los resultados no se publicarán antes de que hayan concluido las elecciones presidenciales de Chile de 2025. Por favor, responde a las siguientes preguntas considerando que has dado tu consentimiento para participar en la encuesta.";3;2;2;1;6;1;10;1;5;9;22;12;6;11;6;3
"Eres: una persona entre 25 y 34 años de Chile. Has leído y aceptado participar en una encuesta realizada por un equipo de investigadores de estadística e informática que está recopilando datos sobre la intención de voto en las elecciones presidenciales de Chile del 16 de noviembre de 2025. El grupo de contactos puede incluir familia, amigos o compañeros de trabajo cuya intención de voto conoces. Entiendes que: - Las respuestas son anónimas; los investigadores no pueden identificar a los participantes. - Los datos no pueden modificarse ni eliminarse una vez enviados. - Los datos pueden publicarse de forma agregada bajo la licencia Open Data Commons Attribution. - Los resultados no se publicarán antes de que hayan concluido las elecciones presidenciales de Chile de 2025. Por favor, responde a las siguientes preguntas considerando que has dado tu consentimiento para participar en la encuesta.";2;4;2;1;3;1;7;1;2;2;12;8;5;6;3;2
"Eres: una persona entre 25 y 34 años de Chile. Has leído y aceptado participar en una encuesta realizada por un equipo de investigadores de estadística e informática que está recopilando datos sobre la intención de voto en las elecciones presidenciales de Chile del 16 de noviembre de 2025. El grupo de contactos puede incluir familia, amigos o compañeros de trabajo cuya intención de voto conoces. Entiendes que: - Las respuestas son anónimas; los investigadores no pueden identificar a los participantes. - Los datos no pueden modificarse ni eliminarse una vez enviados. - Los datos pueden publicarse de forma agregada bajo la licencia Open Data Commons Attribution. - Los resultados no se publicarán antes de que hayan concluido las elecciones presidenciales de Chile de 2025. Por favor, responde a las siguientes preguntas considerando que has dado tu consentimiento para participar en la encuesta.";2;4;3;1;5;1;8;0;3;3;14;10;6;7;3;2
"Eres: una persona entre 25 y 34 años de Chile. Has leído y aceptado participar en una encuesta realizada por un equipo de investigadores de estadística e informática que está recopilando datos sobre la intención de voto en las elecciones presidenciales de Chile del 16 de noviembre de 2025. El grupo de contactos puede incluir familia, amigos o compañeros de trabajo cuya intención de voto conoces. Entiendes que: - Las respuestas son anónimas; los investigadores no pueden identificar a los participantes. - Los datos no pueden modificarse ni eliminarse una vez enviados. - Los datos pueden publicarse de forma agregada bajo la licencia Open Data Commons Attribution. - Los resultados no se publicarán antes de que hayan concluido las elecciones presidenciales de Chile de 2025. Por favor, responde a las siguientes preguntas considerando que has dado tu consentimiento para participar en la encuesta.";3;4;2;1;5;1;6;1;3;4;14;10;6;7;3;2
"Eres: una persona entre 25 y 34 años de Chile. Has leído y aceptado participar en una encuesta realizada por un equipo de investigadores de estadística e informática que está recopilando datos sobre la intención de voto en las elecciones presidenciales de Chile del 16 de noviembre de 2025. El grupo de contactos puede incluir familia, amigos o compañeros de trabajo cuya intención de voto conoces. Entiendes que: - Las respuestas son anónimas; los investigadores no pueden identificar a los participantes. - Los datos no pueden modificarse ni eliminarse una vez enviados. - Los datos pueden publicarse de forma agregada bajo la licencia Open Data Commons Attribution. - Los resultados no se publicarán antes de que hayan concluido las elecciones presidenciales de Chile de 2025. Por favor, responde a las siguientes preguntas considerando que has dado tu consentimiento para participar en la encuesta.";2;3;2;1;5;1;6;1;3;6;16;10;4;7;3;2
"Eres: una persona entre 25 y 34 años de Chile. Has leído y aceptado participar en una encuesta realizada por un equipo de investigadores de estadística e informática que está recopilando datos sobre la intención de voto en las elecciones presidenciales de Chile del 16 de noviembre de 2025. El grupo de contactos puede incluir familia, amigos o compañeros de trabajo cuya intención de voto conoces. Entiendes que: - Las respuestas son anónimas; los investigadores no pueden identificar a los participantes. - Los datos no pueden modificarse ni eliminarse una vez enviados. - Los datos pueden publicarse de forma agregada bajo la licencia Open Data Commons Attribution. - Los resultados no se publicarán antes de que hayan concluido las elecciones presidenciales de Chile de 2025. Por favor, responde a las siguientes preguntas considerando que has dado tu consentimiento para participar en la encuesta.";2;3;2;1;4;1;6;0;3;6;12;10;6;7;3;2
"Eres: una persona entre 25 y 34 años de Chile. Has leído y aceptado participar en una encuesta realizada por un equipo de investigadores de estadística e informática que está recopilando datos sobre la intención de voto en las elecciones presidenciales de Chile del 16 de noviembre de 2025. El grupo de contactos puede incluir familia, amigos o compañeros de trabajo cuya intención de voto conoces. Entiendes que: - Las respuestas son anónimas; los investigadores no pueden identificar a los participantes. - Los datos no pueden modificarse ni eliminarse una vez enviados. - Los datos pueden publicarse de forma agregada bajo la licencia Open Data Commons Attribution. - Los resultados no se publicarán antes de que hayan concluido las elecciones presidenciales de Chile de 2025. Por favor, responde a las siguientes preguntas considerando que has dado tu consentimiento para participar en la encuesta.";3;4;2;1;5;1;6;0;3;5;18;8;4;7;4;2
"Eres: una persona entre 25 y 34 años de Chile. Has leído y aceptado participar en una encuesta realizada por un equipo de investigadores de estadística e informática que está recopilando datos sobre la intención de voto en las elecciones presidenciales de Chile del 16 de noviembre de 2025. El grupo de contactos puede incluir familia, amigos o compañeros de trabajo cuya intención de voto conoces. Entiendes que: - Las respuestas son anónimas; los investigadores no pueden identificar a los participantes. - Los datos no pueden modificarse ni eliminarse una vez enviados. - Los datos pueden publicarse de forma agregada bajo la licencia Open Data Commons Attribution. - Los resultados no se publicarán antes de que hayan concluido las elecciones presidenciales de Chile de 2025. Por favor, responde a las siguientes preguntas considerando que has dado tu consentimiento para participar en la encuesta.";2;2;1;1;3;1;7;0;3;5;12;9;4;6;3;2
"Eres: una persona entre 25 y 34 años de Chile. Has leído y aceptado participar en una encuesta realizada por un equipo de investigadores de estadística e informática que está recopilando datos sobre la intención de voto en las elecciones presidenciales de Chile del 16 de noviembre de 2025. El grupo de contactos puede incluir familia, amigos o compañeros de trabajo cuya intención de voto conoces. Entiendes que: - Las respuestas son anónimas; los investigadores no pueden identificar a los participantes. - Los datos no pueden modificarse ni eliminarse una vez enviados. - Los datos pueden publicarse de forma agregada bajo la licencia Open Data Commons Attribution. - Los resultados no se publicarán antes de que hayan concluido las elecciones presidenciales de Chile de 2025. Por favor, responde a las siguientes preguntas considerando que has dado tu consentimiento para participar en la encuesta.";3;3;2;1;4;1;10;1;3;4;18;10;4;7;3;2
"Eres: una persona entre 25 y 34 años de Chile. Has leído y aceptado participar en una encuesta realizada por un equipo de investigadores de estadística e informática que está recopilando datos sobre la intención de voto en las elecciones presidenciales de Chile del 16 de noviembre de 2025. El grupo de contactos puede incluir familia, amigos o compañeros de trabajo cuya intención de voto conoces. Entiendes que: - Las respuestas son anónimas; los investigadores no pueden identificar a los participantes. - Los datos no pueden modificarse ni eliminarse una vez enviados. - Los datos pueden publicarse de forma agregada bajo la licencia Open Data Commons Attribution. - Los resultados no se publicarán antes de que hayan concluido las elecciones presidenciales de Chile de 2025. Por favor, responde a las siguientes preguntas considerando que has dado tu consentimiento para participar en la encuesta.";2;6;3;1;4;1;10;1;5;7;20;14;6;9;4;2
"Eres: una persona entre 25 y 34 años de Chile. Has leído y aceptado participar en una encuesta realizada por un equipo de investigadores de estadística e informática que está recopilando datos sobre la intención de voto en las elecciones presidenciales de Chile del 16 de noviembre de 2025. El grupo de contactos puede incluir familia, amigos o compañeros de trabajo cuya intención de voto conoces. Entiendes que: - Las respuestas son anónimas; los investigadores no pueden identificar a los participantes. - Los datos no pueden modificarse ni eliminarse una vez enviados. - Los datos pueden publicarse de forma agregada bajo la licencia Open Data Commons Attribution. - Los resultados no se publicarán antes de que hayan concluido las elecciones presidenciales de Chile de 2025. Por favor, responde a las siguientes preguntas considerando que has dado tu consentimiento para participar en la encuesta.";4;5;3;1;7;1;9;1;3;6;18;15;7;9;4;2
"Eres: una persona entre 25 y 34 años de Chile. Has leído y aceptado participar en una encuesta realizada por un equipo de investigadores de estadística e informática que está recopilando datos sobre la intención de voto en las elecciones presidenciales de Chile del 16 de noviembre de 2025. El grupo de contactos puede incluir familia, amigos o compañeros de trabajo cuya intención de voto conoces. Entiendes que: - Las respuestas son anónimas; los investigadores no pueden identificar a los participantes. - Los datos no pueden modificarse ni eliminarse una vez enviados. - Los datos pueden publicarse de forma agregada bajo la licencia Open Data Commons Attribution. - Los resultados no se publicarán antes de que hayan concluido las elecciones presidenciales de Chile de 2025. Por favor, responde a las siguientes preguntas considerando que has dado tu consentimiento para participar en la encuesta.";3;2;2;1;4;1;6;1;3;7;17;9;4;7;4;2
"Eres: una persona entre 25 y 34 años de Chile. Has leído y aceptado participar en una encuesta realizada por un equipo de investigadores de estadística e informática que está recopilando datos sobre la intención de voto en las elecciones presidenciales de Chile del 16 de noviembre de 2025. El grupo de contactos puede incluir familia, amigos o compañeros de trabajo cuya intención de voto conoces. Entiendes que: - Las respuestas son anónimas; los investigadores no pueden identificar a los participantes. - Los datos no pueden modificarse ni eliminarse una vez enviados. - Los datos pueden publicarse de forma agregada bajo la licencia Open Data Commons Attribution. - Los resultados no se publicarán antes de que hayan concluido las elecciones presidenciales de Chile de 2025. Por favor, responde a las siguientes preguntas considerando que has dado tu consentimiento para participar en la encuesta.";3;2;2;1;5;1;6;1;3;4;14;9;5;7;3;2
"Eres: una persona entre 25 y 34 años de Chile. Has leído y aceptado participar en una encuesta realizada por un equipo de investigadores de estadística e informática que está recopilando datos sobre la intención de voto en las elecciones presidenciales de Chile del 16 de noviembre de 2025. El grupo de contactos puede incluir familia, amigos o compañeros de trabajo cuya intención de voto conoces. Entiendes que: - Las respuestas son anónimas; los investigadores no pueden identificar a los participantes. - Los datos no pueden modificarse ni eliminarse una vez enviados. - Los datos pueden publicarse de forma agregada bajo la licencia Open Data Commons Attribution. - Los resultados no se publicarán antes de que hayan concluido las elecciones presidenciales de Chile de 2025. Por favor, responde a las siguientes preguntas considerando que has dado tu consentimiento para participar en la encuesta.";3;4;2;1;8;1;7;1;5;8;18;14;8;9;4;3
"Eres: una persona entre 25 y 34 años de Chile. Has leído y aceptado participar en una encuesta realizada por un equipo de investigadores de estadística e informática que está recopilando datos sobre la intención de voto en las elecciones presidenciales de Chile del 16 de noviembre de 2025. El grupo de contactos puede incluir familia, amigos o compañeros de trabajo cuya intención de voto conoces. Entiendes que: - Las respuestas son anónimas; los investigadores no pueden identificar a los participantes. - Los datos no pueden modificarse ni eliminarse una vez enviados. - Los datos pueden publicarse de forma agregada bajo la licencia Open Data Commons Attribution. - Los resultados no se publicarán antes de que hayan concluido las elecciones presidenciales de Chile de 2025. Por favor, responde a las siguientes preguntas considerando que has dado tu consentimiento para participar en la encuesta.";2;4;3;1;6;1;8;1;2;2;16;9;5;7;3;2
"Eres: una persona entre 25 y 34 años de Chile. Has leído y aceptado participar en una encuesta realizada por un equipo de investigadores de estadística e informática que está recopilando datos sobre la intención de voto en las elecciones presidenciales de Chile del 16 de noviembre de 2025. El grupo de contactos puede incluir familia, amigos o compañeros de trabajo cuya intención de voto conoces. Entiendes que: - Las respuestas son anónimas; los investigadores no pueden identificar a los participantes. - Los datos no pueden modificarse ni eliminarse una vez enviados. - Los datos pueden publicarse de forma agregada bajo la licencia Open Data Commons Attribution. - Los resultados no se publicarán antes de que hayan concluido las elecciones presidenciales de Chile de 2025. Por favor, responde a las siguientes preguntas considerando que has dado tu consentimiento para participar en la encuesta.";3;4;2;1;5;1;6;1;2;3;13;10;5;6;3;2
"Eres: una persona entre 25 y 34 años de Chile. Has leído y aceptado participar en una encuesta realizada por un equipo de investigadores de estadística e informática que está recopilando datos sobre la intención de voto en las elecciones presidenciales de Chile del 16 de noviembre de 2025. El grupo de contactos puede incluir familia, amigos o compañeros de trabajo cuya intención de voto conoces. Entiendes que: - Las respuestas son anónimas; los investigadores no pueden identificar a los participantes. - Los datos no pueden modificarse ni eliminarse una vez enviados. - Los datos pueden publicarse de forma agregada bajo la licencia Open Data Commons Attribution. - Los resultados no se publicarán antes de que hayan concluido las elecciones presidenciales de Chile de 2025. Por favor, responde a las siguientes preguntas considerando que has dado tu consentimiento para participar en la encuesta.";2;3;2;1;5;1;6;1;3;4;15;9;4;7;3;2
"Eres: una persona entre 25 y 34 años de Chile. Has leído y aceptado participar en una encuesta realizada por un equipo de investigadores de estadística e informática que está recopilando datos sobre la intención de voto en las elecciones presidenciales de Chile del 16 de noviembre de 2025. El grupo de contactos puede incluir familia, amigos o compañeros de trabajo cuya intención de voto conoces. Entiendes que: - Las respuestas son anónimas; los investigadores no pueden identificar a los participantes. - Los datos no pueden modificarse ni eliminarse una vez enviados. - Los datos pueden publicarse de forma agregada bajo la licencia Open Data Commons Attribution. - Los resultados no se publicarán antes de que hayan concluido las elecciones presidenciales de Chile de 2025. Por favor, responde a las siguientes preguntas considerando que has dado tu consentimiento para participar en la encuesta.";4;5;3;1;6;1;12;2;7;9;28;16;6;12;6;3
"Eres: una persona entre 25 y 34 años de Chile. Has leído y aceptado participar en una encuesta realizada por un equipo de investigadores de estadística e informática que está recopilando datos sobre la intención de voto en las elecciones presidenciales de Chile del 16 de noviembre de 2025. El grupo de contactos puede incluir familia, amigos o compañeros de trabajo cuya intención de voto conoces. Entiendes que: - Las respuestas son anónimas; los investigadores no pueden identificar a los participantes. - Los datos no pueden modificarse ni eliminarse una vez enviados. - Los datos pueden publicarse de forma agregada bajo la licencia Open Data Commons Attribution. - Los resultados no se publicarán antes de que hayan concluido las elecciones presidenciales de Chile de 2025. Por favor, responde a las siguientes preguntas considerando que has dado tu consentimiento para participar en la encuesta.";3;4;2;1;6;1;8;0;2;3;14;10;6;7;3;2
"Eres: una persona entre 35 y 44 años de Chile. Has leído y aceptado participar en una encuesta realizada por un equipo de investigadores de estadística e informática que está recopilando datos sobre la intención de voto en las elecciones presidenciales de Chile del 16 de noviembre de 2025. El grupo de contactos puede incluir familia, amigos o compañeros de trabajo cuya intención de voto conoces. Entiendes que: - Las respuestas son anónimas; los investigadores no pueden identificar a los participantes. - Los datos no pueden modificarse ni eliminarse una vez enviados. - Los datos pueden publicarse de forma agregada bajo la licencia Open Data Commons Attribution. - Los resultados no se publicarán antes de que hayan concluido las elecciones presidenciales de Chile de 2025. Por favor, responde a las siguientes preguntas considerando que has dado tu consentimiento para participar en la encuesta.";2;4;3;1;6;1;8;1;3;3;10;17;5;7;3;2
"Eres: una persona entre 35 y 44 años de Chile. Has leído y aceptado participar en una encuesta realizada por un equipo de investigadores de estadística e informática que está recopilando datos sobre la intención de voto en las elecciones presidenciales de Chile del 16 de noviembre de 2025. El grupo de contactos puede incluir familia, amigos o compañeros de trabajo cuya intención de voto conoces. Entiendes que: - Las respuestas son anónimas; los investigadores no pueden identificar a los participantes. - Los datos no pueden modificarse ni eliminarse una vez enviados. - Los datos pueden publicarse de forma agregada bajo la licencia Open Data Commons Attribution. - Los resultados no se publicarán antes de que hayan concluido las elecciones presidenciales de Chile de 2025. Por favor, responde a las siguientes preguntas considerando que has dado tu consentimiento para participar en la encuesta.";2;3;2;1;5;1;6;0;2;3;9;12;4;7;3;2
"Eres: una persona entre 35 y 44 años de Chile. Has leído y aceptado participar en una encuesta realizada por un equipo de investigadores de estadística e informática que está recopilando datos sobre la intención de voto en las elecciones presidenciales de Chile del 16 de noviembre de 2025. El grupo de contactos puede incluir familia, amigos o compañeros de trabajo cuya intención de voto conoces. Entiendes que: - Las respuestas son anónimas; los investigadores no pueden identificar a los participantes. - Los datos no pueden modificarse ni eliminarse una vez enviados. - Los datos pueden publicarse de forma agregada bajo la licencia Open Data Commons Attribution. - Los resultados no se publicarán antes de que hayan concluido las elecciones presidenciales de Chile de 2025. Por favor, responde a las siguientes preguntas considerando que has dado tu consentimiento para participar en la encuesta.";3;5;2;1;7;1;10;1;4;6;12;22;6;8;4;3
"Eres: una persona entre 35 y 44 años de Chile. Has leído y aceptado participar en una encuesta realizada por un equipo de investigadores de estadística e informática que está recopilando datos sobre la intención de voto en las elecciones presidenciales de Chile del 16 de noviembre de 2025. El grupo de contactos puede incluir familia, amigos o compañeros de trabajo cuya intención de voto conoces. Entiendes que: - Las respuestas son anónimas; los investigadores no pueden identificar a los participantes. - Los datos no pueden modificarse ni eliminarse una vez enviados. - Los datos pueden publicarse de forma agregada bajo la licencia Open Data Commons Attribution. - Los resultados no se publicarán antes de que hayan concluido las elecciones presidenciales de Chile de 2025. Por favor, responde a las siguientes preguntas considerando que has dado tu consentimiento para participar en la encuesta.";3;2;2;1;4;1;5;1;3;4;9;12;5;7;3;2
"Eres: una persona entre 35 y 44 años de Chile. Has leído y aceptado participar en una encuesta realizada por un equipo de investigadores de estadística e informática que está recopilando datos sobre la intención de voto en las elecciones presidenciales de Chile del 16 de noviembre de 2025. El grupo de contactos puede incluir familia, amigos o compañeros de trabajo cuya intención de voto conoces. Entiendes que: - Las respuestas son anónimas; los investigadores no pueden identificar a los participantes. - Los datos no pueden modificarse ni eliminarse una vez enviados. - Los datos pueden publicarse de forma agregada bajo la licencia Open Data Commons Attribution. - Los resultados no se publicarán antes de que hayan concluido las elecciones presidenciales de Chile de 2025. Por favor, responde a las siguientes preguntas considerando que has dado tu consentimiento para participar en la encuesta.";2;2;1;1;3;1;6;0;2;2;6;10;4;5;2;1
"Eres: una persona entre 35 y 44 años de Chile. Has leído y aceptado participar en una encuesta realizada por un equipo de investigadores de estadística e informática que está recopilando datos sobre la intención de voto en las elecciones presidenciales de Chile del 16 de noviembre de 2025. El grupo de contactos puede incluir familia, amigos o compañeros de trabajo cuya intención de voto conoces. Entiendes que: - Las respuestas son anónimas; los investigadores no pueden identificar a los participantes. - Los datos no pueden modificarse ni eliminarse una vez enviados. - Los datos pueden publicarse de forma agregada bajo la licencia Open Data Commons Attribution. - Los resultados no se publicarán antes de que hayan concluido las elecciones presidenciales de Chile de 2025. Por favor, responde a las siguientes preguntas considerando que has dado tu consentimiento para participar en la encuesta.";2;4;3;1;5;1;7;1;2;2;9;13;6;6;3;2
"Eres: una persona entre 35 y 44 años de Chile. Has leído y aceptado participar en una encuesta realizada por un equipo de investigadores de estadística e informática que está recopilando datos sobre la intención de voto en las elecciones presidenciales de Chile del 16 de noviembre de 2025. El grupo de contactos puede incluir familia, amigos o compañeros de trabajo cuya intención de voto conoces. Entiendes que: - Las respuestas son anónimas; los investigadores no pueden identificar a los participantes. - Los datos no pueden modificarse ni eliminarse una vez enviados. - Los datos pueden publicarse de forma agregada bajo la licencia Open Data Commons Attribution. - Los resultados no se publicarán antes de que hayan concluido las elecciones presidenciales de Chile de 2025. Por favor, responde a las siguientes preguntas considerando que has dado tu consentimiento para participar en la encuesta.";3;4;3;1;5;1;9;0;3;5;9;18;7;8;3;2
"Eres: una persona entre 35 y 44 años de Chile. Has leído y aceptado participar en una encuesta realizada por un equipo de investigadores de estadística e informática que está recopilando datos sobre la intención de voto en las elecciones presidenciales de Chile del 16 de noviembre de 2025. El grupo de contactos puede incluir familia, amigos o compañeros de trabajo cuya intención de voto conoces. Entiendes que: - Las respuestas son anónimas; los investigadores no pueden identificar a los participantes. - Los datos no pueden modificarse ni eliminarse una vez enviados. - Los datos pueden publicarse de forma agregada bajo la licencia Open Data Commons Attribution. - Los resultados no se publicarán antes de que hayan concluido las elecciones presidenciales de Chile de 2025. Por favor, responde a las siguientes preguntas considerando que has dado tu consentimiento para participar en la encuesta.";2;2;3;1;5;1;8;1;3;2;9;14;5;7;3;2
"Eres: una persona entre 35 y 44 años de Chile. Has leído y aceptado participar en una encuesta realizada por un equipo de investigadores de estadística e informática que está recopilando datos sobre la intención de voto en las elecciones presidenciales de Chile del 16 de noviembre de 2025. El grupo de contactos puede incluir familia, amigos o compañeros de trabajo cuya intención de voto conoces. Entiendes que: - Las respuestas son anónimas; los investigadores no pueden identificar a los participantes. - Los datos no pueden modificarse ni eliminarse una vez enviados. - Los datos pueden publicarse de forma agregada bajo la licencia Open Data Commons Attribution. - Los resultados no se publicarán antes de que hayan concluido las elecciones presidenciales de Chile de 2025. Por favor, responde a las siguientes preguntas considerando que has dado tu consentimiento para participar en la encuesta.";2;3;2;1;5;1;7;1;3;5;9;16;5;6;3;2
"Eres: una persona entre 35 y 44 años de Chile. Has leído y aceptado participar en una encuesta realizada por un equipo de investigadores de estadística e informática que está recopilando datos sobre la intención de voto en las elecciones presidenciales de Chile del 16 de noviembre de 2025. El grupo de contactos puede incluir familia, amigos o compañeros de trabajo cuya intención de voto conoces. Entiendes que: - Las respuestas son anónimas; los investigadores no pueden identificar a los participantes. - Los datos no pueden modificarse ni eliminarse una vez enviados. - Los datos pueden publicarse de forma agregada bajo la licencia Open Data Commons Attribution. - Los resultados no se publicarán antes de que hayan concluido las elecciones presidenciales de Chile de 2025. Por favor, responde a las siguientes preguntas considerando que has dado tu consentimiento para participar en la encuesta.";2;3;2;1;7;1;6;1;2;5;10;14;6;7;3;2
"Eres: una persona entre 35 y 44 años de Chile. Has leído y aceptado participar en una encuesta realizada por un equipo de investigadores de estadística e informática que está recopilando datos sobre la intención de voto en las elecciones presidenciales de Chile del 16 de noviembre de 2025. El grupo de contactos puede incluir familia, amigos o compañeros de trabajo cuya intención de voto conoces. Entiendes que: - Las respuestas son anónimas; los investigadores no pueden identificar a los participantes. - Los datos no pueden modificarse ni eliminarse una vez enviados. - Los datos pueden publicarse de forma agregada bajo la licencia Open Data Commons Attribution. - Los resultados no se publicarán antes de que hayan concluido las elecciones presidenciales de Chile de 2025. Por favor, responde a las siguientes preguntas considerando que has dado tu consentimiento para participar en la encuesta.";3;4;2;1;6;1;7;0;3;3;12;13;5;7;4;2
"Eres: una persona entre 35 y 44 años de Chile. Has leído y aceptado participar en una encuesta realizada por un equipo de investigadores de estadística e informática que está recopilando datos sobre la intención de voto en las elecciones presidenciales de Chile del 16 de noviembre de 2025. El grupo de contactos puede incluir familia, amigos o compañeros de trabajo cuya intención de voto conoces. Entiendes que: - Las respuestas son anónimas; los investigadores no pueden identificar a los participantes. - Los datos no pueden modificarse ni eliminarse una vez enviados. - Los datos pueden publicarse de forma agregada bajo la licencia Open Data Commons Attribution. - Los resultados no se publicarán antes de que hayan concluido las elecciones presidenciales de Chile de 2025. Por favor, responde a las siguientes preguntas considerando que has dado tu consentimiento para participar en la encuesta.";2;4;3;1;5;1;8;0;3;3;12;13;5;7;3;2
"Eres: una persona entre 35 y 44 años de Chile. Has leído y aceptado participar en una encuesta realizada por un equipo de investigadores de estadística e informática que está recopilando datos sobre la intención de voto en las elecciones presidenciales de Chile del 16 de noviembre de 2025. El grupo de contactos puede incluir familia, amigos o compañeros de trabajo cuya intención de voto conoces. Entiendes que: - Las respuestas son anónimas; los investigadores no pueden identificar a los participantes. - Los datos no pueden modificarse ni eliminarse una vez enviados. - Los datos pueden publicarse de forma agregada bajo la licencia Open Data Commons Attribution. - Los resultados no se publicarán antes de que hayan concluido las elecciones presidenciales de Chile de 2025. Por favor, responde a las siguientes preguntas considerando que has dado tu consentimiento para participar en la encuesta.";3;4;2;1;6;1;7;1;3;4;11;15;6;7;3;2
"Eres: una persona entre 35 y 44 años de Chile. Has leído y aceptado participar en una encuesta realizada por un equipo de investigadores de estadística e informática que está recopilando datos sobre la intención de voto en las elecciones presidenciales de Chile del 16 de noviembre de 2025. El grupo de contactos puede incluir familia, amigos o compañeros de trabajo cuya intención de voto conoces. Entiendes que: - Las respuestas son anónimas; los investigadores no pueden identificar a los participantes. - Los datos no pueden modificarse ni eliminarse una vez enviados. - Los datos pueden publicarse de forma agregada bajo la licencia Open Data Commons Attribution. - Los resultados no se publicarán antes de que hayan concluido las elecciones presidenciales de Chile de 2025. Por favor, responde a las siguientes preguntas considerando que has dado tu consentimiento para participar en la encuesta.";3;5;2;1;7;1;9;1;3;4;12;18;6;8;3;2
"Eres: una persona entre 35 y 44 años de Chile. Has leído y aceptado participar en una encuesta realizada por un equipo de investigadores de estadística e informática que está recopilando datos sobre la intención de voto en las elecciones presidenciales de Chile del 16 de noviembre de 2025. El grupo de contactos puede incluir familia, amigos o compañeros de trabajo cuya intención de voto conoces. Entiendes que: - Las respuestas son anónimas; los investigadores no pueden identificar a los participantes. - Los datos no pueden modificarse ni eliminarse una vez enviados. - Los datos pueden publicarse de forma agregada bajo la licencia Open Data Commons Attribution. - Los resultados no se publicarán antes de que hayan concluido las elecciones presidenciales de Chile de 2025. Por favor, responde a las siguientes preguntas considerando que has dado tu consentimiento para participar en la encuesta.";4;5;3;2;7;2;8;1;3;5;14;18;8;9;4;3
"Eres: una persona entre 35 y 44 años de Chile. Has leído y aceptado participar en una encuesta realizada por un equipo de investigadores de estadística e informática que está recopilando datos sobre la intención de voto en las elecciones presidenciales de Chile del 16 de noviembre de 2025. El grupo de contactos puede incluir familia, amigos o compañeros de trabajo cuya intención de voto conoces. Entiendes que: - Las respuestas son anónimas; los investigadores no pueden identificar a los participantes. - Los datos no pueden modificarse ni eliminarse una vez enviados. - Los datos pueden publicarse de forma agregada bajo la licencia Open Data Commons Attribution. - Los resultados no se publicarán antes de que hayan concluido las elecciones presidenciales de Chile de 2025. Por favor, responde a las siguientes preguntas considerando que has dado tu consentimiento para participar en la encuesta.";3;2;2;1;5;1;6;1;3;4;9;14;5;7;3;2
"Eres: una persona entre 35 y 44 años de Chile. Has leído y aceptado participar en una encuesta realizada por un equipo de investigadores de estadística e informática que está recopilando datos sobre la intención de voto en las elecciones presidenciales de Chile del 16 de noviembre de 2025. El grupo de contactos puede incluir familia, amigos o compañeros de trabajo cuya intención de voto conoces. Entiendes que: - Las respuestas son anónimas; los investigadores no pueden identificar a los participantes. - Los datos no pueden modificarse ni eliminarse una vez enviados. - Los datos pueden publicarse de forma agregada bajo la licencia Open Data Commons Attribution. - Los resultados no se publicarán antes de que hayan concluido las elecciones presidenciales de Chile de 2025. Por favor, responde a las siguientes preguntas considerando que has dado tu consentimiento para participar en la encuesta.";4;5;2;1;6;1;7;1;3;6;12;18;6;8;3;2
"Eres: una persona entre 35 y 44 años de Chile. Has leído y aceptado participar en una encuesta realizada por un equipo de investigadores de estadística e informática que está recopilando datos sobre la intención de voto en las elecciones presidenciales de Chile del 16 de noviembre de 2025. El grupo de contactos puede incluir familia, amigos o compañeros de trabajo cuya intención de voto conoces. Entiendes que: - Las respuestas son anónimas; los investigadores no pueden identificar a los participantes. - Los datos no pueden modificarse ni eliminarse una vez enviados. - Los datos pueden publicarse de forma agregada bajo la licencia Open Data Commons Attribution. - Los resultados no se publicarán antes de que hayan concluido las elecciones presidenciales de Chile de 2025. Por favor, responde a las siguientes preguntas considerando que has dado tu consentimiento para participar en la encuesta.";3;4;2;1;6;1;10;1;4;8;14;20;6;9;3;2
"Eres: una persona entre 35 y 44 años de Chile. Has leído y aceptado participar en una encuesta realizada por un equipo de investigadores de estadística e informática que está recopilando datos sobre la intención de voto en las elecciones presidenciales de Chile del 16 de noviembre de 2025. El grupo de contactos puede incluir familia, amigos o compañeros de trabajo cuya intención de voto conoces. Entiendes que: - Las respuestas son anónimas; los investigadores no pueden identificar a los participantes. - Los datos no pueden modificarse ni eliminarse una vez enviados. - Los datos pueden publicarse de forma agregada bajo la licencia Open Data Commons Attribution. - Los resultados no se publicarán antes de que hayan concluido las elecciones presidenciales de Chile de 2025. Por favor, responde a las siguientes preguntas considerando que has dado tu consentimiento para participar en la encuesta.";2;3;2;1;6;1;7;1;3;4;10;14;6;8;3;2
"Eres: una persona entre 35 y 44 años de Chile. Has leído y aceptado participar en una encuesta realizada por un equipo de investigadores de estadística e informática que está recopilando datos sobre la intención de voto en las elecciones presidenciales de Chile del 16 de noviembre de 2025. El grupo de contactos puede incluir familia, amigos o compañeros de trabajo cuya intención de voto conoces. Entiendes que: - Las respuestas son anónimas; los investigadores no pueden identificar a los participantes. - Los datos no pueden modificarse ni eliminarse una vez enviados. - Los datos pueden publicarse de forma agregada bajo la licencia Open Data Commons Attribution. - Los resultados no se publicarán antes de que hayan concluido las elecciones presidenciales de Chile de 2025. Por favor, responde a las siguientes preguntas considerando que has dado tu consentimiento para participar en la encuesta.";3;2;2;1;5;1;9;1;3;5;12;14;6;7;3;2
"Eres: una persona entre 35 y 44 años de Chile. Has leído y aceptado participar en una encuesta realizada por un equipo de investigadores de estadística e informática que está recopilando datos sobre la intención de voto en las elecciones presidenciales de Chile del 16 de noviembre de 2025. El grupo de contactos puede incluir familia, amigos o compañeros de trabajo cuya intención de voto conoces. Entiendes que: - Las respuestas son anónimas; los investigadores no pueden identificar a los participantes. - Los datos no pueden modificarse ni eliminarse una vez enviados. - Los datos pueden publicarse de forma agregada bajo la licencia Open Data Commons Attribution. - Los resultados no se publicarán antes de que hayan concluido las elecciones presidenciales de Chile de 2025. Por favor, responde a las siguientes preguntas considerando que has dado tu consentimiento para participar en la encuesta.";3;2;2;1;5;1;8;1;3;4;10;15;5;7;3;2
"Eres: una persona entre 35 y 44 años de Chile. Has leído y aceptado participar en una encuesta realizada por un equipo de investigadores de estadística e informática que está recopilando datos sobre la intención de voto en las elecciones presidenciales de Chile del 16 de noviembre de 2025. El grupo de contactos puede incluir familia, amigos o compañeros de trabajo cuya intención de voto conoces. Entiendes que: - Las respuestas son anónimas; los investigadores no pueden identificar a los participantes. - Los datos no pueden modificarse ni eliminarse una vez enviados. - Los datos pueden publicarse de forma agregada bajo la licencia Open Data Commons Attribution. - Los resultados no se publicarán antes de que hayan concluido las elecciones presidenciales de Chile de 2025. Por favor, responde a las siguientes preguntas considerando que has dado tu consentimiento para participar en la encuesta.";4;5;3;1;6;1;12;0;3;5;14;20;6;11;4;3
"Eres: una persona entre 35 y 44 años de Chile. Has leído y aceptado participar en una encuesta realizada por un equipo de investigadores de estadística e informática que está recopilando datos sobre la intención de voto en las elecciones presidenciales de Chile del 16 de noviembre de 2025. El grupo de contactos puede incluir familia, amigos o compañeros de trabajo cuya intención de voto conoces. Entiendes que: - Las respuestas son anónimas; los investigadores no pueden identificar a los participantes. - Los datos no pueden modificarse ni eliminarse una vez enviados. - Los datos pueden publicarse de forma agregada bajo la licencia Open Data Commons Attribution. - Los resultados no se publicarán antes de que hayan concluido las elecciones presidenciales de Chile de 2025. Por favor, responde a las siguientes preguntas considerando que has dado tu consentimiento para participar en la encuesta.";2;3;2;1;5;1;6;1;2;2;9;11;5;6;3;2
"Eres: una persona entre 35 y 44 años de Chile. Has leído y aceptado participar en una encuesta realizada por un equipo de investigadores de estadística e informática que está recopilando datos sobre la intención de voto en las elecciones presidenciales de Chile del 16 de noviembre de 2025. El grupo de contactos puede incluir familia, amigos o compañeros de trabajo cuya intención de voto conoces. Entiendes que: - Las respuestas son anónimas; los investigadores no pueden identificar a los participantes. - Los datos no pueden modificarse ni eliminarse una vez enviados. - Los datos pueden publicarse de forma agregada bajo la licencia Open Data Commons Attribution. - Los resultados no se publicarán antes de que hayan concluido las elecciones presidenciales de Chile de 2025. Por favor, responde a las siguientes preguntas considerando que has dado tu consentimiento para participar en la encuesta.";2;4;3;1;6;1;9;1;2;3;11;16;5;7;3;2
"Eres: una persona entre 35 y 44 años de Chile. Has leído y aceptado participar en una encuesta realizada por un equipo de investigadores de estadística e informática que está recopilando datos sobre la intención de voto en las elecciones presidenciales de Chile del 16 de noviembre de 2025. El grupo de contactos puede incluir familia, amigos o compañeros de trabajo cuya intención de voto conoces. Entiendes que: - Las respuestas son anónimas; los investigadores no pueden identificar a los participantes. - Los datos no pueden modificarse ni eliminarse una vez enviados. - Los datos pueden publicarse de forma agregada bajo la licencia Open Data Commons Attribution. - Los resultados no se publicarán antes de que hayan concluido las elecciones presidenciales de Chile de 2025. Por favor, responde a las siguientes preguntas considerando que has dado tu consentimiento para participar en la encuesta.";3;4;2;1;7;1;8;1;5;6;12;20;6;9;4;3
"Eres: una persona entre 35 y 44 años de Chile. Has leído y aceptado participar en una encuesta realizada por un equipo de investigadores de estadística e informática que está recopilando datos sobre la intención de voto en las elecciones presidenciales de Chile del 16 de noviembre de 2025. El grupo de contactos puede incluir familia, amigos o compañeros de trabajo cuya intención de voto conoces. Entiendes que: - Las respuestas son anónimas; los investigadores no pueden identificar a los participantes. - Los datos no pueden modificarse ni eliminarse una vez enviados. - Los datos pueden publicarse de forma agregada bajo la licencia Open Data Commons Attribution. - Los resultados no se publicarán antes de que hayan concluido las elecciones presidenciales de Chile de 2025. Por favor, responde a las siguientes preguntas considerando que has dado tu consentimiento para participar en la encuesta.";3;2;2;1;4;1;7;1;2;5;9;14;5;7;3;2
"Eres: una persona entre 35 y 44 años de Chile. Has leído y aceptado participar en una encuesta realizada por un equipo de investigadores de estadística e informática que está recopilando datos sobre la intención de voto en las elecciones presidenciales de Chile del 16 de noviembre de 2025. El grupo de contactos puede incluir familia, amigos o compañeros de trabajo cuya intención de voto conoces. Entiendes que: - Las respuestas son anónimas; los investigadores no pueden identificar a los participantes. - Los datos no pueden modificarse ni eliminarse una vez enviados. - Los datos pueden publicarse de forma agregada bajo la licencia Open Data Commons Attribution. - Los resultados no se publicarán antes de que hayan concluido las elecciones presidenciales de Chile de 2025. Por favor, responde a las siguientes preguntas considerando que has dado tu consentimiento para participar en la encuesta.";3;2;2;1;6;1;7;0;3;5;10;15;5;8;3;2
"Eres: una persona entre 35 y 44 años de Chile. Has leído y aceptado participar en una encuesta realizada por un equipo de investigadores de estadística e informática que está recopilando datos sobre la intención de voto en las elecciones presidenciales de Chile del 16 de noviembre de 2025. El grupo de contactos puede incluir familia, amigos o compañeros de trabajo cuya intención de voto conoces. Entiendes que: - Las respuestas son anónimas; los investigadores no pueden identificar a los participantes. - Los datos no pueden modificarse ni eliminarse una vez enviados. - Los datos pueden publicarse de forma agregada bajo la licencia Open Data Commons Attribution. - Los resultados no se publicarán antes de que hayan concluido las elecciones presidenciales de Chile de 2025. Por favor, responde a las siguientes preguntas considerando que has dado tu consentimiento para participar en la encuesta.";2;5;2;1;6;1;7;1;3;2;10;15;5;8;3;2
"Eres: una persona entre 35 y 44 años de Chile. Has leído y aceptado participar en una encuesta realizada por un equipo de investigadores de estadística e informática que está recopilando datos sobre la intención de voto en las elecciones presidenciales de Chile del 16 de noviembre de 2025. El grupo de contactos puede incluir familia, amigos o compañeros de trabajo cuya intención de voto conoces. Entiendes que: - Las respuestas son anónimas; los investigadores no pueden identificar a los participantes. - Los datos no pueden modificarse ni eliminarse una vez enviados. - Los datos pueden publicarse de forma agregada bajo la licencia Open Data Commons Attribution. - Los resultados no se publicarán antes de que hayan concluido las elecciones presidenciales de Chile de 2025. Por favor, responde a las siguientes preguntas considerando que has dado tu consentimiento para participar en la encuesta.";2;3;1;1;5;1;6;0;2;4;9;12;4;7;3;2
"Eres: una persona entre 35 y 44 años de Chile. Has leído y aceptado participar en una encuesta realizada por un equipo de investigadores de estadística e informática que está recopilando datos sobre la intención de voto en las elecciones presidenciales de Chile del 16 de noviembre de 2025. El grupo de contactos puede incluir familia, amigos o compañeros de trabajo cuya intención de voto conoces. Entiendes que: - Las respuestas son anónimas; los investigadores no pueden identificar a los participantes. - Los datos no pueden modificarse ni eliminarse una vez enviados. - Los datos pueden publicarse de forma agregada bajo la licencia Open Data Commons Attribution. - Los resultados no se publicarán antes de que hayan concluido las elecciones presidenciales de Chile de 2025. Por favor, responde a las siguientes preguntas considerando que has dado tu consentimiento para participar en la encuesta.";3;2;2;1;6;1;7;1;3;4;11;14;5;7;3;2
"Eres: una persona entre 35 y 44 años de Chile. Has leído y aceptado participar en una encuesta realizada por un equipo de investigadores de estadística e informática que está recopilando datos sobre la intención de voto en las elecciones presidenciales de Chile del 16 de noviembre de 2025. El grupo de contactos puede incluir familia, amigos o compañeros de trabajo cuya intención de voto conoces. Entiendes que: - Las respuestas son anónimas; los investigadores no pueden identificar a los participantes. - Los datos no pueden modificarse ni eliminarse una vez enviados. - Los datos pueden publicarse de forma agregada bajo la licencia Open Data Commons Attribution. - Los resultados no se publicarán antes de que hayan concluido las elecciones presidenciales de Chile de 2025. Por favor, responde a las siguientes preguntas considerando que has dado tu consentimiento para participar en la encuesta.";3;5;2;1;7;1;9;0;4;8;12;22;6;11;4;3
"Eres: una persona entre 35 y 44 años de Chile. Has leído y aceptado participar en una encuesta realizada por un equipo de investigadores de estadística e informática que está recopilando datos sobre la intención de voto en las elecciones presidenciales de Chile del 16 de noviembre de 2025. El grupo de contactos puede incluir familia, amigos o compañeros de trabajo cuya intención de voto conoces. Entiendes que: - Las respuestas son anónimas; los investigadores no pueden identificar a los participantes. - Los datos no pueden modificarse ni eliminarse una vez enviados. - Los datos pueden publicarse de forma agregada bajo la licencia Open Data Commons Attribution. - Los resultados no se publicarán antes de que hayan concluido las elecciones presidenciales de Chile de 2025. Por favor, responde a las siguientes preguntas considerando que has dado tu consentimiento para participar en la encuesta.";0;0;0;0;0;0;0;0;0;0;0;0;0;0;0;0
"Eres: una persona entre 35 y 44 años de Chile. Has leído y aceptado participar en una encuesta realizada por un equipo de investigadores de estadística e informática que está recopilando datos sobre la intención de voto en las elecciones presidenciales de Chile del 16 de noviembre de 2025. El grupo de contactos puede incluir familia, amigos o compañeros de trabajo cuya intención de voto conoces. Entiendes que: - Las respuestas son anónimas; los investigadores no pueden identificar a los participantes. - Los datos no pueden modificarse ni eliminarse una vez enviados. - Los datos pueden publicarse de forma agregada bajo la licencia Open Data Commons Attribution. - Los resultados no se publicarán antes de que hayan concluido las elecciones presidenciales de Chile de 2025. Por favor, responde a las siguientes preguntas considerando que has dado tu consentimiento para participar en la encuesta.";4;5;3;1;8;1;9;1;3;5;14;18;8;10;4;2
"Eres: una persona entre 35 y 44 años de Chile. Has leído y aceptado participar en una encuesta realizada por un equipo de investigadores de estadística e informática que está recopilando datos sobre la intención de voto en las elecciones presidenciales de Chile del 16 de noviembre de 2025. El grupo de contactos puede incluir familia, amigos o compañeros de trabajo cuya intención de voto conoces. Entiendes que: - Las respuestas son anónimas; los investigadores no pueden identificar a los participantes. - Los datos no pueden modificarse ni eliminarse una vez enviados. - Los datos pueden publicarse de forma agregada bajo la licencia Open Data Commons Attribution. - Los resultados no se publicarán antes de que hayan concluido las elecciones presidenciales de Chile de 2025. Por favor, responde a las siguientes preguntas considerando que has dado tu consentimiento para participar en la encuesta.";3;2;2;1;5;1;9;0;2;5;9;16;5;8;3;2
"Eres: una persona entre 35 y 44 años de Chile. Has leído y aceptado participar en una encuesta realizada por un equipo de investigadores de estadística e informática que está recopilando datos sobre la intención de voto en las elecciones presidenciales de Chile del 16 de noviembre de 2025. El grupo de contactos puede incluir familia, amigos o compañeros de trabajo cuya intención de voto conoces. Entiendes que: - Las respuestas son anónimas; los investigadores no pueden identificar a los participantes. - Los datos no pueden modificarse ni eliminarse una vez enviados. - Los datos pueden publicarse de forma agregada bajo la licencia Open Data Commons Attribution. - Los resultados no se publicarán antes de que hayan concluido las elecciones presidenciales de Chile de 2025. Por favor, responde a las siguientes preguntas considerando que has dado tu consentimiento para participar en la encuesta.";3;4;2;1;7;1;9;1;4;8;14;19;7;9;5;2
"Eres: una persona entre 45 y 54 años de Chile. Has leído y aceptado participar en una encuesta realizada por un equipo de investigadores de estadística e informática que está recopilando datos sobre la intención de voto en las elecciones presidenciales de Chile del 16 de noviembre de 2025. El grupo de contactos puede incluir familia, amigos o compañeros de trabajo cuya intención de voto conoces. Entiendes que: - Las respuestas son anónimas; los investigadores no pueden identificar a los participantes. - Los datos no pueden modificarse ni eliminarse una vez enviados. - Los datos pueden publicarse de forma agregada bajo la licencia Open Data Commons Attribution. - Los resultados no se publicarán antes de que hayan concluido las elecciones presidenciales de Chile de 2025. Por favor, responde a las siguientes preguntas considerando que has dado tu consentimiento para participar en la encuesta.";4;6;3;1;7;1;11;1;3;3;12;18;10;9;4;3
"Eres: una persona entre 45 y 54 años de Chile. Has leído y aceptado participar en una encuesta realizada por un equipo de investigadores de estadística e informática que está recopilando datos sobre la intención de voto en las elecciones presidenciales de Chile del 16 de noviembre de 2025. El grupo de contactos puede incluir familia, amigos o compañeros de trabajo cuya intención de voto conoces. Entiendes que: - Las respuestas son anónimas; los investigadores no pueden identificar a los participantes. - Los datos no pueden modificarse ni eliminarse una vez enviados. - Los datos pueden publicarse de forma agregada bajo la licencia Open Data Commons Attribution. - Los resultados no se publicarán antes de que hayan concluido las elecciones presidenciales de Chile de 2025. Por favor, responde a las siguientes preguntas considerando que has dado tu consentimiento para participar en la encuesta.";3;2;2;1;4;1;7;1;2;5;8;14;6;6;3;2
"Eres: una persona entre 45 y 54 años de Chile. Has leído y aceptado participar en una encuesta realizada por un equipo de investigadores de estadística e informática que está recopilando datos sobre la intención de voto en las elecciones presidenciales de Chile del 16 de noviembre de 2025. El grupo de contactos puede incluir familia, amigos o compañeros de trabajo cuya intención de voto conoces. Entiendes que: - Las respuestas son anónimas; los investigadores no pueden identificar a los participantes. - Los datos no pueden modificarse ni eliminarse una vez enviados. - Los datos pueden publicarse de forma agregada bajo la licencia Open Data Commons Attribution. - Los resultados no se publicarán antes de que hayan concluido las elecciones presidenciales de Chile de 2025. Por favor, responde a las siguientes preguntas considerando que has dado tu consentimiento para participar en la encuesta.";3;2;2;1;5;1;7;1;3;3;9;13;6;7;3;2
"Eres: una persona entre 45 y 54 años de Chile. Has leído y aceptado participar en una encuesta realizada por un equipo de investigadores de estadística e informática que está recopilando datos sobre la intención de voto en las elecciones presidenciales de Chile del 16 de noviembre de 2025. El grupo de contactos puede incluir familia, amigos o compañeros de trabajo cuya intención de voto conoces. Entiendes que: - Las respuestas son anónimas; los investigadores no pueden identificar a los participantes. - Los datos no pueden modificarse ni eliminarse una vez enviados. - Los datos pueden publicarse de forma agregada bajo la licencia Open Data Commons Attribution. - Los resultados no se publicarán antes de que hayan concluido las elecciones presidenciales de Chile de 2025. Por favor, responde a las siguientes preguntas considerando que has dado tu consentimiento para participar en la encuesta.";3;4;2;1;7;1;10;1;4;5;12;18;8;9;3;2
"Eres: una persona entre 45 y 54 años de Chile. Has leído y aceptado participar en una encuesta realizada por un equipo de investigadores de estadística e informática que está recopilando datos sobre la intención de voto en las elecciones presidenciales de Chile del 16 de noviembre de 2025. El grupo de contactos puede incluir familia, amigos o compañeros de trabajo cuya intención de voto conoces. Entiendes que: - Las respuestas son anónimas; los investigadores no pueden identificar a los participantes. - Los datos no pueden modificarse ni eliminarse una vez enviados. - Los datos pueden publicarse de forma agregada bajo la licencia Open Data Commons Attribution. - Los resultados no se publicarán antes de que hayan concluido las elecciones presidenciales de Chile de 2025. Por favor, responde a las siguientes preguntas considerando que has dado tu consentimiento para participar en la encuesta.";3;2;2;1;5;1;7;1;3;5;10;14;6;7;3;2
"Eres: una persona entre 45 y 54 años de Chile. Has leído y aceptado participar en una encuesta realizada por un equipo de investigadores de estadística e informática que está recopilando datos sobre la intención de voto en las elecciones presidenciales de Chile del 16 de noviembre de 2025. El grupo de contactos puede incluir familia, amigos o compañeros de trabajo cuya intención de voto conoces. Entiendes que: - Las respuestas son anónimas; los investigadores no pueden identificar a los participantes. - Los datos no pueden modificarse ni eliminarse una vez enviados. - Los datos pueden publicarse de forma agregada bajo la licencia Open Data Commons Attribution. - Los resultados no se publicarán antes de que hayan concluido las elecciones presidenciales de Chile de 2025. Por favor, responde a las siguientes preguntas considerando que has dado tu consentimiento para participar en la encuesta.";4;3;5;1;8;1;9;2;3;4;15;18;7;10;4;3
"Eres: una persona entre 45 y 54 años de Chile. Has leído y aceptado participar en una encuesta realizada por un equipo de investigadores de estadística e informática que está recopilando datos sobre la intención de voto en las elecciones presidenciales de Chile del 16 de noviembre de 2025. El grupo de contactos puede incluir familia, amigos o compañeros de trabajo cuya intención de voto conoces. Entiendes que: - Las respuestas son anónimas; los investigadores no pueden identificar a los participantes. - Los datos no pueden modificarse ni eliminarse una vez enviados. - Los datos pueden publicarse de forma agregada bajo la licencia Open Data Commons Attribution. - Los resultados no se publicarán antes de que hayan concluido las elecciones presidenciales de Chile de 2025. Por favor, responde a las siguientes preguntas considerando que has dado tu consentimiento para participar en la encuesta.";3;2;2;1;6;1;8;0;2;5;10;14;6;7;3;2
"Eres: una persona entre 45 y 54 años de Chile. Has leído y aceptado participar en una encuesta realizada por un equipo de investigadores de estadística e informática que está recopilando datos sobre la intención de voto en las elecciones presidenciales de Chile del 16 de noviembre de 2025. El grupo de contactos puede incluir familia, amigos o compañeros de trabajo cuya intención de voto conoces. Entiendes que: - Las respuestas son anónimas; los investigadores no pueden identificar a los participantes. - Los datos no pueden modificarse ni eliminarse una vez enviados. - Los datos pueden publicarse de forma agregada bajo la licencia Open Data Commons Attribution. - Los resultados no se publicarán antes de que hayan concluido las elecciones presidenciales de Chile de 2025. Por favor, responde a las siguientes preguntas considerando que has dado tu consentimiento para participar en la encuesta.";3;4;2;1;5;1;8;0;3;3;8;15;7;7;3;2
"Eres: una persona entre 45 y 54 años de Chile. Has leído y aceptado participar en una encuesta realizada por un equipo de investigadores de estadística e informática que está recopilando datos sobre la intención de voto en las elecciones presidenciales de Chile del 16 de noviembre de 2025. El grupo de contactos puede incluir familia, amigos o compañeros de trabajo cuya intención de voto conoces. Entiendes que: - Las respuestas son anónimas; los investigadores no pueden identificar a los participantes. - Los datos no pueden modificarse ni eliminarse una vez enviados. - Los datos pueden publicarse de forma agregada bajo la licencia Open Data Commons Attribution. - Los resultados no se publicarán antes de que hayan concluido las elecciones presidenciales de Chile de 2025. Por favor, responde a las siguientes preguntas considerando que has dado tu consentimiento para participar en la encuesta.";3;2;2;1;6;1;7;1;3;6;10;17;5;6;3;2
"Eres: una persona entre 45 y 54 años de Chile. Has leído y aceptado participar en una encuesta realizada por un equipo de investigadores de estadística e informática que está recopilando datos sobre la intención de voto en las elecciones presidenciales de Chile del 16 de noviembre de 2025. El grupo de contactos puede incluir familia, amigos o compañeros de trabajo cuya intención de voto conoces. Entiendes que: - Las respuestas son anónimas; los investigadores no pueden identificar a los participantes. - Los datos no pueden modificarse ni eliminarse una vez enviados. - Los datos pueden publicarse de forma agregada bajo la licencia Open Data Commons Attribution. - Los resultados no se publicarán antes de que hayan concluido las elecciones presidenciales de Chile de 2025. Por favor, responde a las siguientes preguntas considerando que has dado tu consentimiento para participar en la encuesta.";3;4;2;1;5;1;6;0;3;5;10;14;6;7;3;2
"Eres: una persona entre 45 y 54 años de Chile. Has leído y aceptado participar en una encuesta realizada por un equipo de investigadores de estadística e informática que está recopilando datos sobre la intención de voto en las elecciones presidenciales de Chile del 16 de noviembre de 2025. El grupo de contactos puede incluir familia, amigos o compañeros de trabajo cuya intención de voto conoces. Entiendes que: - Las respuestas son anónimas; los investigadores no pueden identificar a los participantes. - Los datos no pueden modificarse ni eliminarse una vez enviados. - Los datos pueden publicarse de forma agregada bajo la licencia Open Data Commons Attribution. - Los resultados no se publicarán antes de que hayan concluido las elecciones presidenciales de Chile de 2025. Por favor, responde a las siguientes preguntas considerando que has dado tu consentimiento para participar en la encuesta.";4;3;2;1;5;1;8;1;3;4;10;15;7;7;3;2
"Eres: una persona entre 45 y 54 años de Chile. Has leído y aceptado participar en una encuesta realizada por un equipo de investigadores de estadística e informática que está recopilando datos sobre la intención de voto en las elecciones presidenciales de Chile del 16 de noviembre de 2025. El grupo de contactos puede incluir familia, amigos o compañeros de trabajo cuya intención de voto conoces. Entiendes que: - Las respuestas son anónimas; los investigadores no pueden identificar a los participantes. - Los datos no pueden modificarse ni eliminarse una vez enviados. - Los datos pueden publicarse de forma agregada bajo la licencia Open Data Commons Attribution. - Los resultados no se publicarán antes de que hayan concluido las elecciones presidenciales de Chile de 2025. Por favor, responde a las siguientes preguntas considerando que has dado tu consentimiento para participar en la encuesta.";3;3;2;1;4;1;8;0;4;4;8;15;7;6;3;2
"Eres: una persona entre 45 y 54 años de Chile. Has leído y aceptado participar en una encuesta realizada por un equipo de investigadores de estadística e informática que está recopilando datos sobre la intención de voto en las elecciones presidenciales de Chile del 16 de noviembre de 2025. El grupo de contactos puede incluir familia, amigos o compañeros de trabajo cuya intención de voto conoces. Entiendes que: - Las respuestas son anónimas; los investigadores no pueden identificar a los participantes. - Los datos no pueden modificarse ni eliminarse una vez enviados. - Los datos pueden publicarse de forma agregada bajo la licencia Open Data Commons Attribution. - Los resultados no se publicarán antes de que hayan concluido las elecciones presidenciales de Chile de 2025. Por favor, responde a las siguientes preguntas considerando que has dado tu consentimiento para participar en la encuesta.";3;3;2;1;6;1;10;0;3;3;9;15;8;9;4;2
"Eres: una persona entre 45 y 54 años de Chile. Has leído y aceptado participar en una encuesta realizada por un equipo de investigadores de estadística e informática que está recopilando datos sobre la intención de voto en las elecciones presidenciales de Chile del 16 de noviembre de 2025. El grupo de contactos puede incluir familia, amigos o compañeros de trabajo cuya intención de voto conoces. Entiendes que: - Las respuestas son anónimas; los investigadores no pueden identificar a los participantes. - Los datos no pueden modificarse ni eliminarse una vez enviados. - Los datos pueden publicarse de forma agregada bajo la licencia Open Data Commons Attribution. - Los resultados no se publicarán antes de que hayan concluido las elecciones presidenciales de Chile de 2025. Por favor, responde a las siguientes preguntas considerando que has dado tu consentimiento para participar en la encuesta.";3;4;2;1;6;1;8;1;4;6;12;17;7;9;3;2
"Eres: una persona entre 45 y 54 años de Chile. Has leído y aceptado participar en una encuesta realizada por un equipo de investigadores de estadística e informática que está recopilando datos sobre la intención de voto en las elecciones presidenciales de Chile del 16 de noviembre de 2025. El grupo de contactos puede incluir familia, amigos o compañeros de trabajo cuya intención de voto conoces. Entiendes que: - Las respuestas son anónimas; los investigadores no pueden identificar a los participantes. - Los datos no pueden modificarse ni eliminarse una vez enviados. - Los datos pueden publicarse de forma agregada bajo la licencia Open Data Commons Attribution. - Los resultados no se publicarán antes de que hayan concluido las elecciones presidenciales de Chile de 2025. Por favor, responde a las siguientes preguntas considerando que has dado tu consentimiento para participar en la encuesta.";5;8;3;1;7;2;14;1;4;5;18;22;10;12;5;3
"Eres: una persona entre 45 y 54 años de Chile. Has leído y aceptado participar en una encuesta realizada por un equipo de investigadores de estadística e informática que está recopilando datos sobre la intención de voto en las elecciones presidenciales de Chile del 16 de noviembre de 2025. El grupo de contactos puede incluir familia, amigos o compañeros de trabajo cuya intención de voto conoces. Entiendes que: - Las respuestas son anónimas; los investigadores no pueden identificar a los participantes. - Los datos no pueden modificarse ni eliminarse una vez enviados. - Los datos pueden publicarse de forma agregada bajo la licencia Open Data Commons Attribution. - Los resultados no se publicarán antes de que hayan concluido las elecciones presidenciales de Chile de 2025. Por favor, responde a las siguientes preguntas considerando que has dado tu consentimiento para participar en la encuesta.";2;3;2;1;6;1;9;0;3;3;10;12;8;7;3;2
"Eres: una persona entre 45 y 54 años de Chile. Has leído y aceptado participar en una encuesta realizada por un equipo de investigadores de estadística e informática que está recopilando datos sobre la intención de voto en las elecciones presidenciales de Chile del 16 de noviembre de 2025. El grupo de contactos puede incluir familia, amigos o compañeros de trabajo cuya intención de voto conoces. Entiendes que: - Las respuestas son anónimas; los investigadores no pueden identificar a los participantes. - Los datos no pueden modificarse ni eliminarse una vez enviados. - Los datos pueden publicarse de forma agregada bajo la licencia Open Data Commons Attribution. - Los resultados no se publicarán antes de que hayan concluido las elecciones presidenciales de Chile de 2025. Por favor, responde a las siguientes preguntas considerando que has dado tu consentimiento para participar en la encuesta.";2;4;2;1;3;1;7;0;2;3;8;12;5;6;2;1
"Eres: una persona entre 45 y 54 años de Chile. Has leído y aceptado participar en una encuesta realizada por un equipo de investigadores de estadística e informática que está recopilando datos sobre la intención de voto en las elecciones presidenciales de Chile del 16 de noviembre de 2025. El grupo de contactos puede incluir familia, amigos o compañeros de trabajo cuya intención de voto conoces. Entiendes que: - Las respuestas son anónimas; los investigadores no pueden identificar a los participantes. - Los datos no pueden modificarse ni eliminarse una vez enviados. - Los datos pueden publicarse de forma agregada bajo la licencia Open Data Commons Attribution. - Los resultados no se publicarán antes de que hayan concluido las elecciones presidenciales de Chile de 2025. Por favor, responde a las siguientes preguntas considerando que has dado tu consentimiento para participar en la encuesta.";3;4;2;1;5;1;4;0;2;2;6;12;6;7;3;2
"Eres: una persona entre 45 y 54 años de Chile. Has leído y aceptado participar en una encuesta realizada por un equipo de investigadores de estadística e informática que está recopilando datos sobre la intención de voto en las elecciones presidenciales de Chile del 16 de noviembre de 2025. El grupo de contactos puede incluir familia, amigos o compañeros de trabajo cuya intención de voto conoces. Entiendes que: - Las respuestas son anónimas; los investigadores no pueden identificar a los participantes. - Los datos no pueden modificarse ni eliminarse una vez enviados. - Los datos pueden publicarse de forma agregada bajo la licencia Open Data Commons Attribution. - Los resultados no se publicarán antes de que hayan concluido las elecciones presidenciales de Chile de 2025. Por favor, responde a las siguientes preguntas considerando que has dado tu consentimiento para participar en la encuesta.";4;5;3;1;6;1;7;1;4;8;12;19;9;11;4;3
"Eres: una persona entre 45 y 54 años de Chile. Has leído y aceptado participar en una encuesta realizada por un equipo de investigadores de estadística e informática que está recopilando datos sobre la intención de voto en las elecciones presidenciales de Chile del 16 de noviembre de 2025. El grupo de contactos puede incluir familia, amigos o compañeros de trabajo cuya intención de voto conoces. Entiendes que: - Las respuestas son anónimas; los investigadores no pueden identificar a los participantes. - Los datos no pueden modificarse ni eliminarse una vez enviados. - Los datos pueden publicarse de forma agregada bajo la licencia Open Data Commons Attribution. - Los resultados no se publicarán antes de que hayan concluido las elecciones presidenciales de Chile de 2025. Por favor, responde a las siguientes preguntas considerando que has dado tu consentimiento para participar en la encuesta.";2;4;2;1;5;1;8;0;2;3;7;15;6;6;3;2
"Eres: una persona entre 45 y 54 años de Chile. Has leído y aceptado participar en una encuesta realizada por un equipo de investigadores de estadística e informática que está recopilando datos sobre la intención de voto en las elecciones presidenciales de Chile del 16 de noviembre de 2025. El grupo de contactos puede incluir familia, amigos o compañeros de trabajo cuya intención de voto conoces. Entiendes que: - Las respuestas son anónimas; los investigadores no pueden identificar a los participantes. - Los datos no pueden modificarse ni eliminarse una vez enviados. - Los datos pueden publicarse de forma agregada bajo la licencia Open Data Commons Attribution. - Los resultados no se publicarán antes de que hayan concluido las elecciones presidenciales de Chile de 2025. Por favor, responde a las siguientes preguntas considerando que has dado tu consentimiento para participar en la encuesta.";3;4;2;1;7;1;10;2;4;6;12;20;8;9;3;2
"Eres: una persona entre 45 y 54 años de Chile. Has leído y aceptado participar en una encuesta realizada por un equipo de investigadores de estadística e informática que está recopilando datos sobre la intención de voto en las elecciones presidenciales de Chile del 16 de noviembre de 2025. El grupo de contactos puede incluir familia, amigos o compañeros de trabajo cuya intención de voto conoces. Entiendes que: - Las respuestas son anónimas; los investigadores no pueden identificar a los participantes. - Los datos no pueden modificarse ni eliminarse una vez enviados. - Los datos pueden publicarse de forma agregada bajo la licencia Open Data Commons Attribution. - Los resultados no se publicarán antes de que hayan concluido las elecciones presidenciales de Chile de 2025. Por favor, responde a las siguientes preguntas considerando que has dado tu consentimiento para participar en la encuesta.";3;3;2;1;5;1;9;1;2;1;7;14;7;6;2;1
"Eres: una persona entre 45 y 54 años de Chile. Has leído y aceptado participar en una encuesta realizada por un equipo de investigadores de estadística e informática que está recopilando datos sobre la intención de voto en las elecciones presidenciales de Chile del 16 de noviembre de 2025. El grupo de contactos puede incluir familia, amigos o compañeros de trabajo cuya intención de voto conoces. Entiendes que: - Las respuestas son anónimas; los investigadores no pueden identificar a los participantes. - Los datos no pueden modificarse ni eliminarse una vez enviados. - Los datos pueden publicarse de forma agregada bajo la licencia Open Data Commons Attribution. - Los resultados no se publicarán antes de que hayan concluido las elecciones presidenciales de Chile de 2025. Por favor, responde a las siguientes preguntas considerando que has dado tu consentimiento para participar en la encuesta.";4;6;3;1;5;1;12;1;3;4;12;18;10;9;4;2
"Eres: una persona entre 45 y 54 años de Chile. Has leído y aceptado participar en una encuesta realizada por un equipo de investigadores de estadística e informática que está recopilando datos sobre la intención de voto en las elecciones presidenciales de Chile del 16 de noviembre de 2025. El grupo de contactos puede incluir familia, amigos o compañeros de trabajo cuya intención de voto conoces. Entiendes que: - Las respuestas son anónimas; los investigadores no pueden identificar a los participantes. - Los datos no pueden modificarse ni eliminarse una vez enviados. - Los datos pueden publicarse de forma agregada bajo la licencia Open Data Commons Attribution. - Los resultados no se publicarán antes de que hayan concluido las elecciones presidenciales de Chile de 2025. Por favor, responde a las siguientes preguntas considerando que has dado tu consentimiento para participar en la encuesta.";2;4;2;1;7;1;6;1;3;3;11;13;6;7;3;1
"Eres: una persona entre 45 y 54 años de Chile. Has leído y aceptado participar en una encuesta realizada por un equipo de investigadores de estadística e informática que está recopilando datos sobre la intención de voto en las elecciones presidenciales de Chile del 16 de noviembre de 2025. El grupo de contactos puede incluir familia, amigos o compañeros de trabajo cuya intención de voto conoces. Entiendes que: - Las respuestas son anónimas; los investigadores no pueden identificar a los participantes. - Los datos no pueden modificarse ni eliminarse una vez enviados. - Los datos pueden publicarse de forma agregada bajo la licencia Open Data Commons Attribution. - Los resultados no se publicarán antes de que hayan concluido las elecciones presidenciales de Chile de 2025. Por favor, responde a las siguientes preguntas considerando que has dado tu consentimiento para participar en la encuesta.";2;3;2;1;5;1;6;1;2;2;8;12;5;7;3;2
"Eres: una persona entre 45 y 54 años de Chile. Has leído y aceptado participar en una encuesta realizada por un equipo de investigadores de estadística e informática que está recopilando datos sobre la intención de voto en las elecciones presidenciales de Chile del 16 de noviembre de 2025. El grupo de contactos puede incluir familia, amigos o compañeros de trabajo cuya intención de voto conoces. Entiendes que: - Las respuestas son anónimas; los investigadores no pueden identificar a los participantes. - Los datos no pueden modificarse ni eliminarse una vez enviados. - Los datos pueden publicarse de forma agregada bajo la licencia Open Data Commons Attribution. - Los resultados no se publicarán antes de que hayan concluido las elecciones presidenciales de Chile de 2025. Por favor, responde a las siguientes preguntas considerando que has dado tu consentimiento para participar en la encuesta.";3;2;1;1;6;1;8;1;2;5;8;14;8;7;3;2
"Eres: una persona entre 45 y 54 años de Chile. Has leído y aceptado participar en una encuesta realizada por un equipo de investigadores de estadística e informática que está recopilando datos sobre la intención de voto en las elecciones presidenciales de Chile del 16 de noviembre de 2025. El grupo de contactos puede incluir familia, amigos o compañeros de trabajo cuya intención de voto conoces. Entiendes que: - Las respuestas son anónimas; los investigadores no pueden identificar a los participantes. - Los datos no pueden modificarse ni eliminarse una vez enviados. - Los datos pueden publicarse de forma agregada bajo la licencia Open Data Commons Attribution. - Los resultados no se publicarán antes de que hayan concluido las elecciones presidenciales de Chile de 2025. Por favor, responde a las siguientes preguntas considerando que has dado tu consentimiento para participar en la encuesta.";3;2;2;1;6;1;8;1;2;2;9;13;6;7;3;2
"Eres: una persona entre 45 y 54 años de Chile. Has leído y aceptado participar en una encuesta realizada por un equipo de investigadores de estadística e informática que está recopilando datos sobre la intención de voto en las elecciones presidenciales de Chile del 16 de noviembre de 2025. El grupo de contactos puede incluir familia, amigos o compañeros de trabajo cuya intención de voto conoces. Entiendes que: - Las respuestas son anónimas; los investigadores no pueden identificar a los participantes. - Los datos no pueden modificarse ni eliminarse una vez enviados. - Los datos pueden publicarse de forma agregada bajo la licencia Open Data Commons Attribution. - Los resultados no se publicarán antes de que hayan concluido las elecciones presidenciales de Chile de 2025. Por favor, responde a las siguientes preguntas considerando que has dado tu consentimiento para participar en la encuesta.";3;3;2;1;5;1;7;0;1;3;8;12;6;7;3;2
"Eres: una persona entre 45 y 54 años de Chile. Has leído y aceptado participar en una encuesta realizada por un equipo de investigadores de estadística e informática que está recopilando datos sobre la intención de voto en las elecciones presidenciales de Chile del 16 de noviembre de 2025. El grupo de contactos puede incluir familia, amigos o compañeros de trabajo cuya intención de voto conoces. Entiendes que: - Las respuestas son anónimas; los investigadores no pueden identificar a los participantes. - Los datos no pueden modificarse ni eliminarse una vez enviados. - Los datos pueden publicarse de forma agregada bajo la licencia Open Data Commons Attribution. - Los resultados no se publicarán antes de que hayan concluido las elecciones presidenciales de Chile de 2025. Por favor, responde a las siguientes preguntas considerando que has dado tu consentimiento para participar en la encuesta.";3;5;4;1;7;1;12;1;2;2;12;18;8;9;3;2
"Eres: una persona entre 45 y 54 años de Chile. Has leído y aceptado participar en una encuesta realizada por un equipo de investigadores de estadística e informática que está recopilando datos sobre la intención de voto en las elecciones presidenciales de Chile del 16 de noviembre de 2025. El grupo de contactos puede incluir familia, amigos o compañeros de trabajo cuya intención de voto conoces. Entiendes que: - Las respuestas son anónimas; los investigadores no pueden identificar a los participantes. - Los datos no pueden modificarse ni eliminarse una vez enviados. - Los datos pueden publicarse de forma agregada bajo la licencia Open Data Commons Attribution. - Los resultados no se publicarán antes de que hayan concluido las elecciones presidenciales de Chile de 2025. Por favor, responde a las siguientes preguntas considerando que has dado tu consentimiento para participar en la encuesta.";3;2;2;1;6;1;8;1;3;5;10;15;7;7;3;2
"Eres: una persona entre 45 y 54 años de Chile. Has leído y aceptado participar en una encuesta realizada por un equipo de investigadores de estadística e informática que está recopilando datos sobre la intención de voto en las elecciones presidenciales de Chile del 16 de noviembre de 2025. El grupo de contactos puede incluir familia, amigos o compañeros de trabajo cuya intención de voto conoces. Entiendes que: - Las respuestas son anónimas; los investigadores no pueden identificar a los participantes. - Los datos no pueden modificarse ni eliminarse una vez enviados. - Los datos pueden publicarse de forma agregada bajo la licencia Open Data Commons Attribution. - Los resultados no se publicarán antes de que hayan concluido las elecciones presidenciales de Chile de 2025. Por favor, responde a las siguientes preguntas considerando que has dado tu consentimiento para participar en la encuesta.";2;3;2;1;6;1;7;1;2;5;8;15;7;9;3;2
"Eres: una persona entre 45 y 54 años de Chile. Has leído y aceptado participar en una encuesta realizada por un equipo de investigadores de estadística e informática que está recopilando datos sobre la intención de voto en las elecciones presidenciales de Chile del 16 de noviembre de 2025. El grupo de contactos puede incluir familia, amigos o compañeros de trabajo cuya intención de voto conoces. Entiendes que: - Las respuestas son anónimas; los investigadores no pueden identificar a los participantes. - Los datos no pueden modificarse ni eliminarse una vez enviados. - Los datos pueden publicarse de forma agregada bajo la licencia Open Data Commons Attribution. - Los resultados no se publicarán antes de que hayan concluido las elecciones presidenciales de Chile de 2025. Por favor, responde a las siguientes preguntas considerando que has dado tu consentimiento para participar en la encuesta.";4;5;3;1;6;1;8;2;4;6;12;18;10;9;4;3
"Eres: una persona más de 54 años de Chile. Has leído y aceptado participar en una encuesta realizada por un equipo de investigadores de estadística e informática que está recopilando datos sobre la intención de voto en las elecciones presidenciales de Chile del 16 de noviembre de 2025. El grupo de contactos puede incluir familia, amigos o compañeros de trabajo cuya intención de voto conoces. Entiendes que: - Las respuestas son anónimas; los investigadores no pueden identificar a los participantes. - Los datos no pueden modificarse ni eliminarse una vez enviados. - Los datos pueden publicarse de forma agregada bajo la licencia Open Data Commons Attribution. - Los resultados no se publicarán antes de que hayan concluido las elecciones presidenciales de Chile de 2025. Por favor, responde a las siguientes preguntas considerando que has dado tu consentimiento para participar en la encuesta.";3;5;2;1;7;1;10;1;4;6;12;15;13;8;5;3
"Eres: una persona más de 54 años de Chile. Has leído y aceptado participar en una encuesta realizada por un equipo de investigadores de estadística e informática que está recopilando datos sobre la intención de voto en las elecciones presidenciales de Chile del 16 de noviembre de 2025. El grupo de contactos puede incluir familia, amigos o compañeros de trabajo cuya intención de voto conoces. Entiendes que: - Las respuestas son anónimas; los investigadores no pueden identificar a los participantes. - Los datos no pueden modificarse ni eliminarse una vez enviados. - Los datos pueden publicarse de forma agregada bajo la licencia Open Data Commons Attribution. - Los resultados no se publicarán antes de que hayan concluido las elecciones presidenciales de Chile de 2025. Por favor, responde a las siguientes preguntas considerando que has dado tu consentimiento para participar en la encuesta.";3;5;2;1;7;1;10;1;4;8;14;16;12;9;4;3
"Eres: una persona más de 54 años de Chile. Has leído y aceptado participar en una encuesta realizada por un equipo de investigadores de estadística e informática que está recopilando datos sobre la intención de voto en las elecciones presidenciales de Chile del 16 de noviembre de 2025. El grupo de contactos puede incluir familia, amigos o compañeros de trabajo cuya intención de voto conoces. Entiendes que: - Las respuestas son anónimas; los investigadores no pueden identificar a los participantes. - Los datos no pueden modificarse ni eliminarse una vez enviados. - Los datos pueden publicarse de forma agregada bajo la licencia Open Data Commons Attribution. - Los resultados no se publicarán antes de que hayan concluido las elecciones presidenciales de Chile de 2025. Por favor, responde a las siguientes preguntas considerando que has dado tu consentimiento para participar en la encuesta.";2;3;2;1;7;1;6;1;3;4;9;11;10;8;3;2
"Eres: una persona más de 54 años de Chile. Has leído y aceptado participar en una encuesta realizada por un equipo de investigadores de estadística e informática que está recopilando datos sobre la intención de voto en las elecciones presidenciales de Chile del 16 de noviembre de 2025. El grupo de contactos puede incluir familia, amigos o compañeros de trabajo cuya intención de voto conoces. Entiendes que: - Las respuestas son anónimas; los investigadores no pueden identificar a los participantes. - Los datos no pueden modificarse ni eliminarse una vez enviados. - Los datos pueden publicarse de forma agregada bajo la licencia Open Data Commons Attribution. - Los resultados no se publicarán antes de que hayan concluido las elecciones presidenciales de Chile de 2025. Por favor, responde a las siguientes preguntas considerando que has dado tu consentimiento para participar en la encuesta.";3;4;2;1;9;1;10;1;3;6;9;18;13;12;4;2
"Eres: una persona más de 54 años de Chile. Has leído y aceptado participar en una encuesta realizada por un equipo de investigadores de estadística e informática que está recopilando datos sobre la intención de voto en las elecciones presidenciales de Chile del 16 de noviembre de 2025. El grupo de contactos puede incluir familia, amigos o compañeros de trabajo cuya intención de voto conoces. Entiendes que: - Las respuestas son anónimas; los investigadores no pueden identificar a los participantes. - Los datos no pueden modificarse ni eliminarse una vez enviados. - Los datos pueden publicarse de forma agregada bajo la licencia Open Data Commons Attribution. - Los resultados no se publicarán antes de que hayan concluido las elecciones presidenciales de Chile de 2025. Por favor, responde a las siguientes preguntas considerando que has dado tu consentimiento para participar en la encuesta.";3;5;2;1;9;1;10;0;4;7;10;14;18;8;4;3
"Eres: una persona más de 54 años de Chile. Has leído y aceptado participar en una encuesta realizada por un equipo de investigadores de estadística e informática que está recopilando datos sobre la intención de voto en las elecciones presidenciales de Chile del 16 de noviembre de 2025. El grupo de contactos puede incluir familia, amigos o compañeros de trabajo cuya intención de voto conoces. Entiendes que: - Las respuestas son anónimas; los investigadores no pueden identificar a los participantes. - Los datos no pueden modificarse ni eliminarse una vez enviados. - Los datos pueden publicarse de forma agregada bajo la licencia Open Data Commons Attribution. - Los resultados no se publicarán antes de que hayan concluido las elecciones presidenciales de Chile de 2025. Por favor, responde a las siguientes preguntas considerando que has dado tu consentimiento para participar en la encuesta.";2;3;2;1;4;1;7;0;3;2;6;9;10;7;3;2
"Eres: una persona más de 54 años de Chile. Has leído y aceptado participar en una encuesta realizada por un equipo de investigadores de estadística e informática que está recopilando datos sobre la intención de voto en las elecciones presidenciales de Chile del 16 de noviembre de 2025. El grupo de contactos puede incluir familia, amigos o compañeros de trabajo cuya intención de voto conoces. Entiendes que: - Las respuestas son anónimas; los investigadores no pueden identificar a los participantes. - Los datos no pueden modificarse ni eliminarse una vez enviados. - Los datos pueden publicarse de forma agregada bajo la licencia Open Data Commons Attribution. - Los resultados no se publicarán antes de que hayan concluido las elecciones presidenciales de Chile de 2025. Por favor, responde a las siguientes preguntas considerando que has dado tu consentimiento para participar en la encuesta.";2;5;4;1;8;1;12;0;3;4;12;15;13;10;3;2
"Eres: una persona más de 54 años de Chile. Has leído y aceptado participar en una encuesta realizada por un equipo de investigadores de estadística e informática que está recopilando datos sobre la intención de voto en las elecciones presidenciales de Chile del 16 de noviembre de 2025. El grupo de contactos puede incluir familia, amigos o compañeros de trabajo cuya intención de voto conoces. Entiendes que: - Las respuestas son anónimas; los investigadores no pueden identificar a los participantes. - Los datos no pueden modificarse ni eliminarse una vez enviados. - Los datos pueden publicarse de forma agregada bajo la licencia Open Data Commons Attribution. - Los resultados no se publicarán antes de que hayan concluido las elecciones presidenciales de Chile de 2025. Por favor, responde a las siguientes preguntas considerando que has dado tu consentimiento para participar en la encuesta.";0;0;0;0;0;0;0;0;0;0;0;0;0;0;0;0
"Eres: una persona más de 54 años de Chile. Has leído y aceptado participar en una encuesta realizada por un equipo de investigadores de estadística e informática que está recopilando datos sobre la intención de voto en las elecciones presidenciales de Chile del 16 de noviembre de 2025. El grupo de contactos puede incluir familia, amigos o compañeros de trabajo cuya intención de voto conoces. Entiendes que: - Las respuestas son anónimas; los investigadores no pueden identificar a los participantes. - Los datos no pueden modificarse ni eliminarse una vez enviados. - Los datos pueden publicarse de forma agregada bajo la licencia Open Data Commons Attribution. - Los resultados no se publicarán antes de que hayan concluido las elecciones presidenciales de Chile de 2025. Por favor, responde a las siguientes preguntas considerando que has dado tu consentimiento para participar en la encuesta.";3;5;2;1;8;1;10;1;3;8;12;15;15;11;5;3
"Eres: una persona más de 54 años de Chile. Has leído y aceptado participar en una encuesta realizada por un equipo de investigadores de estadística e informática que está recopilando datos sobre la intención de voto en las elecciones presidenciales de Chile del 16 de noviembre de 2025. El grupo de contactos puede incluir familia, amigos o compañeros de trabajo cuya intención de voto conoces. Entiendes que: - Las respuestas son anónimas; los investigadores no pueden identificar a los participantes. - Los datos no pueden modificarse ni eliminarse una vez enviados. - Los datos pueden publicarse de forma agregada bajo la licencia Open Data Commons Attribution. - Los resultados no se publicarán antes de que hayan concluido las elecciones presidenciales de Chile de 2025. Por favor, responde a las siguientes preguntas considerando que has dado tu consentimiento para participar en la encuesta.";2;3;2;1;5;1;9;1;2;2;6;9;13;7;3;2
"Eres: una persona más de 54 años de Chile. Has leído y aceptado participar en una encuesta realizada por un equipo de investigadores de estadística e informática que está recopilando datos sobre la intención de voto en las elecciones presidenciales de Chile del 16 de noviembre de 2025. El grupo de contactos puede incluir familia, amigos o compañeros de trabajo cuya intención de voto conoces. Entiendes que: - Las respuestas son anónimas; los investigadores no pueden identificar a los participantes. - Los datos no pueden modificarse ni eliminarse una vez enviados. - Los datos pueden publicarse de forma agregada bajo la licencia Open Data Commons Attribution. - Los resultados no se publicarán antes de que hayan concluido las elecciones presidenciales de Chile de 2025. Por favor, responde a las siguientes preguntas considerando que has dado tu consentimiento para participar en la encuesta.";4;5;3;2;8;1;9;1;4;10;12;16;19;9;5;3
"Eres: una persona más de 54 años de Chile. Has leído y aceptado participar en una encuesta realizada por un equipo de investigadores de estadística e informática que está recopilando datos sobre la intención de voto en las elecciones presidenciales de Chile del 16 de noviembre de 2025. El grupo de contactos puede incluir familia, amigos o compañeros de trabajo cuya intención de voto conoces. Entiendes que: - Las respuestas son anónimas; los investigadores no pueden identificar a los participantes. - Los datos no pueden modificarse ni eliminarse una vez enviados. - Los datos pueden publicarse de forma agregada bajo la licencia Open Data Commons Attribution. - Los resultados no se publicarán antes de que hayan concluido las elecciones presidenciales de Chile de 2025. Por favor, responde a las siguientes preguntas considerando que has dado tu consentimiento para participar en la encuesta.";3;4;2;1;9;1;11;1;4;6;10;15;17;12;5;3
"Eres: una persona más de 54 años de Chile. Has leído y aceptado participar en una encuesta realizada por un equipo de investigadores de estadística e informática que está recopilando datos sobre la intención de voto en las elecciones presidenciales de Chile del 16 de noviembre de 2025. El grupo de contactos puede incluir familia, amigos o compañeros de trabajo cuya intención de voto conoces. Entiendes que: - Las respuestas son anónimas; los investigadores no pueden identificar a los participantes. - Los datos no pueden modificarse ni eliminarse una vez enviados. - Los datos pueden publicarse de forma agregada bajo la licencia Open Data Commons Attribution. - Los resultados no se publicarán antes de que hayan concluido las elecciones presidenciales de Chile de 2025. Por favor, responde a las siguientes preguntas considerando que has dado tu consentimiento para participar en la encuesta.";2;4;2;1;6;1;8;1;2;3;10;12;8;7;3;2
"Eres: una persona más de 54 años de Chile. Has leído y aceptado participar en una encuesta realizada por un equipo de investigadores de estadística e informática que está recopilando datos sobre la intención de voto en las elecciones presidenciales de Chile del 16 de noviembre de 2025. El grupo de contactos puede incluir familia, amigos o compañeros de trabajo cuya intención de voto conoces. Entiendes que: - Las respuestas son anónimas; los investigadores no pueden identificar a los participantes. - Los datos no pueden modificarse ni eliminarse una vez enviados. - Los datos pueden publicarse de forma agregada bajo la licencia Open Data Commons Attribution. - Los resultados no se publicarán antes de que hayan concluido las elecciones presidenciales de Chile de 2025. Por favor, responde a las siguientes preguntas considerando que has dado tu consentimiento para participar en la encuesta.";3;4;2;1;6;1;7;1;2;3;7;9;14;8;3;2
"Eres: una persona más de 54 años de Chile. Has leído y aceptado participar en una encuesta realizada por un equipo de investigadores de estadística e informática que está recopilando datos sobre la intención de voto en las elecciones presidenciales de Chile del 16 de noviembre de 2025. El grupo de contactos puede incluir familia, amigos o compañeros de trabajo cuya intención de voto conoces. Entiendes que: - Las respuestas son anónimas; los investigadores no pueden identificar a los participantes. - Los datos no pueden modificarse ni eliminarse una vez enviados. - Los datos pueden publicarse de forma agregada bajo la licencia Open Data Commons Attribution. - Los resultados no se publicarán antes de que hayan concluido las elecciones presidenciales de Chile de 2025. Por favor, responde a las siguientes preguntas considerando que has dado tu consentimiento para participar en la encuesta.";2;3;2;1;6;1;7;0;3;5;9;12;9;8;4;2
"Eres: una persona más de 54 años de Chile. Has leído y aceptado participar en una encuesta realizada por un equipo de investigadores de estadística e informática que está recopilando datos sobre la intención de voto en las elecciones presidenciales de Chile del 16 de noviembre de 2025. El grupo de contactos puede incluir familia, amigos o compañeros de trabajo cuya intención de voto conoces. Entiendes que: - Las respuestas son anónimas; los investigadores no pueden identificar a los participantes. - Los datos no pueden modificarse ni eliminarse una vez enviados. - Los datos pueden publicarse de forma agregada bajo la licencia Open Data Commons Attribution. - Los resultados no se publicarán antes de que hayan concluido las elecciones presidenciales de Chile de 2025. Por favor, responde a las siguientes preguntas considerando que has dado tu consentimiento para participar en la encuesta.";3;4;2;1;5;1;6;0;1;2;8;9;8;6;3;2
"Eres: una persona más de 54 años de Chile. Has leído y aceptado participar en una encuesta realizada por un equipo de investigadores de estadística e informática que está recopilando datos sobre la intención de voto en las elecciones presidenciales de Chile del 16 de noviembre de 2025. El grupo de contactos puede incluir familia, amigos o compañeros de trabajo cuya intención de voto conoces. Entiendes que: - Las respuestas son anónimas; los investigadores no pueden identificar a los participantes. - Los datos no pueden modificarse ni eliminarse una vez enviados. - Los datos pueden publicarse de forma agregada bajo la licencia Open Data Commons Attribution. - Los resultados no se publicarán antes de que hayan concluido las elecciones presidenciales de Chile de 2025. Por favor, responde a las siguientes preguntas considerando que has dado tu consentimiento para participar en la encuesta.";2;3;1;1;5;1;6;1;2;3;6;9;10;7;3;2
"Eres: una persona más de 54 años de Chile. Has leído y aceptado participar en una encuesta realizada por un equipo de investigadores de estadística e informática que está recopilando datos sobre la intención de voto en las elecciones presidenciales de Chile del 16 de noviembre de 2025. El grupo de contactos puede incluir familia, amigos o compañeros de trabajo cuya intención de voto conoces. Entiendes que: - Las respuestas son anónimas; los investigadores no pueden identificar a los participantes. - Los datos no pueden modificarse ni eliminarse una vez enviados. - Los datos pueden publicarse de forma agregada bajo la licencia Open Data Commons Attribution. - Los resultados no se publicarán antes de que hayan concluido las elecciones presidenciales de Chile de 2025. Por favor, responde a las siguientes preguntas considerando que has dado tu consentimiento para participar en la encuesta.";2;4;2;1;5;1;7;1;1;3;6;10;11;6;3;2
"Eres: una persona más de 54 años de Chile. Has leído y aceptado participar en una encuesta realizada por un equipo de investigadores de estadística e informática que está recopilando datos sobre la intención de voto en las elecciones presidenciales de Chile del 16 de noviembre de 2025. El grupo de contactos puede incluir familia, amigos o compañeros de trabajo cuya intención de voto conoces. Entiendes que: - Las respuestas son anónimas; los investigadores no pueden identificar a los participantes. - Los datos no pueden modificarse ni eliminarse una vez enviados. - Los datos pueden publicarse de forma agregada bajo la licencia Open Data Commons Attribution. - Los resultados no se publicarán antes de que hayan concluido las elecciones presidenciales de Chile de 2025. Por favor, responde a las siguientes preguntas considerando que has dado tu consentimiento para participar en la encuesta.";3;2;2;1;5;1;5;0;3;2;6;9;9;7;3;2
"Eres: una persona más de 54 años de Chile. Has leído y aceptado participar en una encuesta realizada por un equipo de investigadores de estadística e informática que está recopilando datos sobre la intención de voto en las elecciones presidenciales de Chile del 16 de noviembre de 2025. El grupo de contactos puede incluir familia, amigos o compañeros de trabajo cuya intención de voto conoces. Entiendes que: - Las respuestas son anónimas; los investigadores no pueden identificar a los participantes. - Los datos no pueden modificarse ni eliminarse una vez enviados. - Los datos pueden publicarse de forma agregada bajo la licencia Open Data Commons Attribution. - Los resultados no se publicarán antes de que hayan concluido las elecciones presidenciales de Chile de 2025. Por favor, responde a las siguientes preguntas considerando que has dado tu consentimiento para participar en la encuesta.";3;2;2;1;4;1;9;1;2;2;6;11;10;7;3;2
"Eres: una persona más de 54 años de Chile. Has leído y aceptado participar en una encuesta realizada por un equipo de investigadores de estadística e informática que está recopilando datos sobre la intención de voto en las elecciones presidenciales de Chile del 16 de noviembre de 2025. El grupo de contactos puede incluir familia, amigos o compañeros de trabajo cuya intención de voto conoces. Entiendes que: - Las respuestas son anónimas; los investigadores no pueden identificar a los participantes. - Los datos no pueden modificarse ni eliminarse una vez enviados. - Los datos pueden publicarse de forma agregada bajo la licencia Open Data Commons Attribution. - Los resultados no se publicarán antes de que hayan concluido las elecciones presidenciales de Chile de 2025. Por favor, responde a las siguientes preguntas considerando que has dado tu consentimiento para participar en la encuesta.";2;5;3;1;6;1;10;1;4;4;12;15;10;9;3;2
"Eres: una persona más de 54 años de Chile. Has leído y aceptado participar en una encuesta realizada por un equipo de investigadores de estadística e informática que está recopilando datos sobre la intención de voto en las elecciones presidenciales de Chile del 16 de noviembre de 2025. El grupo de contactos puede incluir familia, amigos o compañeros de trabajo cuya intención de voto conoces. Entiendes que: - Las respuestas son anónimas; los investigadores no pueden identificar a los participantes. - Los datos no pueden modificarse ni eliminarse una vez enviados. - Los datos pueden publicarse de forma agregada bajo la licencia Open Data Commons Attribution. - Los resultados no se publicarán antes de que hayan concluido las elecciones presidenciales de Chile de 2025. Por favor, responde a las siguientes preguntas considerando que has dado tu consentimiento para participar en la encuesta.";3;5;2;1;7;1;10;1;4;8;10;15;17;9;4;3
"Eres: una persona más de 54 años de Chile. Has leído y aceptado participar en una encuesta realizada por un equipo de investigadores de estadística e informática que está recopilando datos sobre la intención de voto en las elecciones presidenciales de Chile del 16 de noviembre de 2025. El grupo de contactos puede incluir familia, amigos o compañeros de trabajo cuya intención de voto conoces. Entiendes que: - Las respuestas son anónimas; los investigadores no pueden identificar a los participantes. - Los datos no pueden modificarse ni eliminarse una vez enviados. - Los datos pueden publicarse de forma agregada bajo la licencia Open Data Commons Attribution. - Los resultados no se publicarán antes de que hayan concluido las elecciones presidenciales de Chile de 2025. Por favor, responde a las siguientes preguntas considerando que has dado tu consentimiento para participar en la encuesta.";2;3;2;1;4;1;8;0;3;4;7;10;11;6;3;2
"Eres: una persona más de 54 años de Chile. Has leído y aceptado participar en una encuesta realizada por un equipo de investigadores de estadística e informática que está recopilando datos sobre la intención de voto en las elecciones presidenciales de Chile del 16 de noviembre de 2025. El grupo de contactos puede incluir familia, amigos o compañeros de trabajo cuya intención de voto conoces. Entiendes que: - Las respuestas son anónimas; los investigadores no pueden identificar a los participantes. - Los datos no pueden modificarse ni eliminarse una vez enviados. - Los datos pueden publicarse de forma agregada bajo la licencia Open Data Commons Attribution. - Los resultados no se publicarán antes de que hayan concluido las elecciones presidenciales de Chile de 2025. Por favor, responde a las siguientes preguntas considerando que has dado tu consentimiento para participar en la encuesta.";3;4;2;1;9;1;10;1;3;4;12;15;11;9;4;2
"Eres: una persona más de 54 años de Chile. Has leído y aceptado participar en una encuesta realizada por un equipo de investigadores de estadística e informática que está recopilando datos sobre la intención de voto en las elecciones presidenciales de Chile del 16 de noviembre de 2025. El grupo de contactos puede incluir familia, amigos o compañeros de trabajo cuya intención de voto conoces. Entiendes que: - Las respuestas son anónimas; los investigadores no pueden identificar a los participantes. - Los datos no pueden modificarse ni eliminarse una vez enviados. - Los datos pueden publicarse de forma agregada bajo la licencia Open Data Commons Attribution. - Los resultados no se publicarán antes de que hayan concluido las elecciones presidenciales de Chile de 2025. Por favor, responde a las siguientes preguntas considerando que has dado tu consentimiento para participar en la encuesta.";2;3;2;1;6;1;7;1;3;4;6;12;12;7;3;2
"Eres: una persona más de 54 años de Chile. Has leído y aceptado participar en una encuesta realizada por un equipo de investigadores de estadística e informática que está recopilando datos sobre la intención de voto en las elecciones presidenciales de Chile del 16 de noviembre de 2025. El grupo de contactos puede incluir familia, amigos o compañeros de trabajo cuya intención de voto conoces. Entiendes que: - Las respuestas son anónimas; los investigadores no pueden identificar a los participantes. - Los datos no pueden modificarse ni eliminarse una vez enviados. - Los datos pueden publicarse de forma agregada bajo la licencia Open Data Commons Attribution. - Los resultados no se publicarán antes de que hayan concluido las elecciones presidenciales de Chile de 2025. Por favor, responde a las siguientes preguntas considerando que has dado tu consentimiento para participar en la encuesta.";2;3;2;1;6;1;7;1;2;3;6;9;13;7;3;2
"Eres: una persona más de 54 años de Chile. Has leído y aceptado participar en una encuesta realizada por un equipo de investigadores de estadística e informática que está recopilando datos sobre la intención de voto en las elecciones presidenciales de Chile del 16 de noviembre de 2025. El grupo de contactos puede incluir familia, amigos o compañeros de trabajo cuya intención de voto conoces. Entiendes que: - Las respuestas son anónimas; los investigadores no pueden identificar a los participantes. - Los datos no pueden modificarse ni eliminarse una vez enviados. - Los datos pueden publicarse de forma agregada bajo la licencia Open Data Commons Attribution. - Los resultados no se publicarán antes de que hayan concluido las elecciones presidenciales de Chile de 2025. Por favor, responde a las siguientes preguntas considerando que has dado tu consentimiento para participar en la encuesta.";4;5;3;2;7;1;9;1;4;6;10;16;16;9;5;3
"Eres: una persona más de 54 años de Chile. Has leído y aceptado participar en una encuesta realizada por un equipo de investigadores de estadística e informática que está recopilando datos sobre la intención de voto en las elecciones presidenciales de Chile del 16 de noviembre de 2025. El grupo de contactos puede incluir familia, amigos o compañeros de trabajo cuya intención de voto conoces. Entiendes que: - Las respuestas son anónimas; los investigadores no pueden identificar a los participantes. - Los datos no pueden modificarse ni eliminarse una vez enviados. - Los datos pueden publicarse de forma agregada bajo la licencia Open Data Commons Attribution. - Los resultados no se publicarán antes de que hayan concluido las elecciones presidenciales de Chile de 2025. Por favor, responde a las siguientes preguntas considerando que has dado tu consentimiento para participar en la encuesta.";3;4;2;1;8;1;12;1;4;6;12;18;12;10;4;3
"Eres: una persona más de 54 años de Chile. Has leído y aceptado participar en una encuesta realizada por un equipo de investigadores de estadística e informática que está recopilando datos sobre la intención de voto en las elecciones presidenciales de Chile del 16 de noviembre de 2025. El grupo de contactos puede incluir familia, amigos o compañeros de trabajo cuya intención de voto conoces. Entiendes que: - Las respuestas son anónimas; los investigadores no pueden identificar a los participantes. - Los datos no pueden modificarse ni eliminarse una vez enviados. - Los datos pueden publicarse de forma agregada bajo la licencia Open Data Commons Attribution. - Los resultados no se publicarán antes de que hayan concluido las elecciones presidenciales de Chile de 2025. Por favor, responde a las siguientes preguntas considerando que has dado tu consentimiento para participar en la encuesta.";3;5;2;1;8;1;12;1;5;9;12;18;17;10;4;3
"Eres: una persona más de 54 años de Chile. Has leído y aceptado participar en una encuesta realizada por un equipo de investigadores de estadística e informática que está recopilando datos sobre la intención de voto en las elecciones presidenciales de Chile del 16 de noviembre de 2025. El grupo de contactos puede incluir familia, amigos o compañeros de trabajo cuya intención de voto conoces. Entiendes que: - Las respuestas son anónimas; los investigadores no pueden identificar a los participantes. - Los datos no pueden modificarse ni eliminarse una vez enviados. - Los datos pueden publicarse de forma agregada bajo la licencia Open Data Commons Attribution. - Los resultados no se publicarán antes de que hayan concluido las elecciones presidenciales de Chile de 2025. Por favor, responde a las siguientes preguntas considerando que has dado tu consentimiento para participar en la encuesta.";3;5;2;1;4;1;8;0;2;4;8;12;10;9;3;2
"Eres: una persona más de 54 años de Chile. Has leído y aceptado participar en una encuesta realizada por un equipo de investigadores de estadística e informática que está recopilando datos sobre la intención de voto en las elecciones presidenciales de Chile del 16 de noviembre de 2025. El grupo de contactos puede incluir familia, amigos o compañeros de trabajo cuya intención de voto conoces. Entiendes que: - Las respuestas son anónimas; los investigadores no pueden identificar a los participantes. - Los datos no pueden modificarse ni eliminarse una vez enviados. - Los datos pueden publicarse de forma agregada bajo la licencia Open Data Commons Attribution. - Los resultados no se publicarán antes de que hayan concluido las elecciones presidenciales de Chile de 2025. Por favor, responde a las siguientes preguntas considerando que has dado tu consentimiento para participar en la encuesta.";3;2;2;1;6;1;7;1;3;6;10;12;10;7;3;2
"Eres: una persona más de 54 años de Chile. Has leído y aceptado participar en una encuesta realizada por un equipo de investigadores de estadística e informática que está recopilando datos sobre la intención de voto en las elecciones presidenciales de Chile del 16 de noviembre de 2025. El grupo de contactos puede incluir familia, amigos o compañeros de trabajo cuya intención de voto conoces. Entiendes que: - Las respuestas son anónimas; los investigadores no pueden identificar a los participantes. - Los datos no pueden modificarse ni eliminarse una vez enviados. - Los datos pueden publicarse de forma agregada bajo la licencia Open Data Commons Attribution. - Los resultados no se publicarán antes de que hayan concluido las elecciones presidenciales de Chile de 2025. Por favor, responde a las siguientes preguntas considerando que has dado tu consentimiento para participar en la encuesta.";3;4;2;1;4;1;8;1;3;3;8;10;12;7;3;2
"Eres: una persona más de 54 años de Chile. Has leído y aceptado participar en una encuesta realizada por un equipo de investigadores de estadística e informática que está recopilando datos sobre la intención de voto en las elecciones presidenciales de Chile del 16 de noviembre de 2025. El grupo de contactos puede incluir familia, amigos o compañeros de trabajo cuya intención de voto conoces. Entiendes que: - Las respuestas son anónimas; los investigadores no pueden identificar a los participantes. - Los datos no pueden modificarse ni eliminarse una vez enviados. - Los datos pueden publicarse de forma agregada bajo la licencia Open Data Commons Attribution. - Los resultados no se publicarán antes de que hayan concluido las elecciones presidenciales de Chile de 2025. Por favor, responde a las siguientes preguntas considerando que has dado tu consentimiento para participar en la encuesta.";2;5;3;1;6;1;12;0;4;8;10;16;16;9;5;3
"Eres: una persona más de 54 años de Chile. Has leído y aceptado participar en una encuesta realizada por un equipo de investigadores de estadística e informática que está recopilando datos sobre la intención de voto en las elecciones presidenciales de Chile del 16 de noviembre de 2025. El grupo de contactos puede incluir familia, amigos o compañeros de trabajo cuya intención de voto conoces. Entiendes que: - Las respuestas son anónimas; los investigadores no pueden identificar a los participantes. - Los datos no pueden modificarse ni eliminarse una vez enviados. - Los datos pueden publicarse de forma agregada bajo la licencia Open Data Commons Attribution. - Los resultados no se publicarán antes de que hayan concluido las elecciones presidenciales de Chile de 2025. Por favor, responde a las siguientes preguntas considerando que has dado tu consentimiento para participar en la encuesta.";2;2;1;1;4;1;6;1;2;2;5;7;10;6;2;1
"Eres: una persona más de 54 años de Chile. Has leído y aceptado participar en una encuesta realizada por un equipo de investigadores de estadística e informática que está recopilando datos sobre la intención de voto en las elecciones presidenciales de Chile del 16 de noviembre de 2025. El grupo de contactos puede incluir familia, amigos o compañeros de trabajo cuya intención de voto conoces. Entiendes que: - Las respuestas son anónimas; los investigadores no pueden identificar a los participantes. - Los datos no pueden modificarse ni eliminarse una vez enviados. - Los datos pueden publicarse de forma agregada bajo la licencia Open Data Commons Attribution. - Los resultados no se publicarán antes de que hayan concluido las elecciones presidenciales de Chile de 2025. Por favor, responde a las siguientes preguntas considerando que has dado tu consentimiento para participar en la encuesta.";2;3;1;1;5;1;8;0;2;5;6;10;12;6;3;2
"Eres: una persona más de 54 años de Chile. Has leído y aceptado participar en una encuesta realizada por un equipo de investigadores de estadística e informática que está recopilando datos sobre la intención de voto en las elecciones presidenciales de Chile del 16 de noviembre de 2025. El grupo de contactos puede incluir familia, amigos o compañeros de trabajo cuya intención de voto conoces. Entiendes que: - Las respuestas son anónimas; los investigadores no pueden identificar a los participantes. - Los datos no pueden modificarse ni eliminarse una vez enviados. - Los datos pueden publicarse de forma agregada bajo la licencia Open Data Commons Attribution. - Los resultados no se publicarán antes de que hayan concluido las elecciones presidenciales de Chile de 2025. Por favor, responde a las siguientes preguntas considerando que has dado tu consentimiento para participar en la encuesta.";3;4;2;1;6;1;5;1;3;2;7;11;10;6;3;2
"Eres: una persona más de 54 años de Chile. Has leído y aceptado participar en una encuesta realizada por un equipo de investigadores de estadística e informática que está recopilando datos sobre la intención de voto en las elecciones presidenciales de Chile del 16 de noviembre de 2025. El grupo de contactos puede incluir familia, amigos o compañeros de trabajo cuya intención de voto conoces. Entiendes que: - Las respuestas son anónimas; los investigadores no pueden identificar a los participantes. - Los datos no pueden modificarse ni eliminarse una vez enviados. - Los datos pueden publicarse de forma agregada bajo la licencia Open Data Commons Attribution. - Los resultados no se publicarán antes de que hayan concluido las elecciones presidenciales de Chile de 2025. Por favor, responde a las siguientes preguntas considerando que has dado tu consentimiento para participar en la encuesta.";3;5;2;1;8;1;10;0;4;8;12;18;12;9;4;3
"Eres: una persona más de 54 años de Chile. Has leído y aceptado participar en una encuesta realizada por un equipo de investigadores de estadística e informática que está recopilando datos sobre la intención de voto en las elecciones presidenciales de Chile del 16 de noviembre de 2025. El grupo de contactos puede incluir familia, amigos o compañeros de trabajo cuya intención de voto conoces. Entiendes que: - Las respuestas son anónimas; los investigadores no pueden identificar a los participantes. - Los datos no pueden modificarse ni eliminarse una vez enviados. - Los datos pueden publicarse de forma agregada bajo la licencia Open Data Commons Attribution. - Los resultados no se publicarán antes de que hayan concluido las elecciones presidenciales de Chile de 2025. Por favor, responde a las siguientes preguntas considerando que has dado tu consentimiento para participar en la encuesta.";3;6;4;2;10;1;12;1;5;6;12;18;20;10;4;3
"Eres: una persona más de 54 años de Chile. Has leído y aceptado participar en una encuesta realizada por un equipo de investigadores de estadística e informática que está recopilando datos sobre la intención de voto en las elecciones presidenciales de Chile del 16 de noviembre de 2025. El grupo de contactos puede incluir familia, amigos o compañeros de trabajo cuya intención de voto conoces. Entiendes que: - Las respuestas son anónimas; los investigadores no pueden identificar a los participantes. - Los datos no pueden modificarse ni eliminarse una vez enviados. - Los datos pueden publicarse de forma agregada bajo la licencia Open Data Commons Attribution. - Los resultados no se publicarán antes de que hayan concluido las elecciones presidenciales de Chile de 2025. Por favor, responde a las siguientes preguntas considerando que has dado tu consentimiento para participar en la encuesta.";3;6;4;1;8;0;12;1;3;4;10;18;14;9;3;2
"Eres: una persona más de 54 años de Chile. Has leído y aceptado participar en una encuesta realizada por un equipo de investigadores de estadística e informática que está recopilando datos sobre la intención de voto en las elecciones presidenciales de Chile del 16 de noviembre de 2025. El grupo de contactos puede incluir familia, amigos o compañeros de trabajo cuya intención de voto conoces. Entiendes que: - Las respuestas son anónimas; los investigadores no pueden identificar a los participantes. - Los datos no pueden modificarse ni eliminarse una vez enviados. - Los datos pueden publicarse de forma agregada bajo la licencia Open Data Commons Attribution. - Los resultados no se publicarán antes de que hayan concluido las elecciones presidenciales de Chile de 2025. Por favor, responde a las siguientes preguntas considerando que has dado tu consentimiento para participar en la encuesta.";2;3;2;1;6;1;8;1;3;3;7;11;12;9;3;2
"Eres: una persona más de 54 años de Chile. Has leído y aceptado participar en una encuesta realizada por un equipo de investigadores de estadística e informática que está recopilando datos sobre la intención de voto en las elecciones presidenciales de Chile del 16 de noviembre de 2025. El grupo de contactos puede incluir familia, amigos o compañeros de trabajo cuya intención de voto conoces. Entiendes que: - Las respuestas son anónimas; los investigadores no pueden identificar a los participantes. - Los datos no pueden modificarse ni eliminarse una vez enviados. - Los datos pueden publicarse de forma agregada bajo la licencia Open Data Commons Attribution. - Los resultados no se publicarán antes de que hayan concluido las elecciones presidenciales de Chile de 2025. Por favor, responde a las siguientes preguntas considerando que has dado tu consentimiento para participar en la encuesta.";4;7;3;2;8;1;12;1;4;8;14;21;15;11;5;3
"Eres: una persona más de 54 años de Chile. Has leído y aceptado participar en una encuesta realizada por un equipo de investigadores de estadística e informática que está recopilando datos sobre la intención de voto en las elecciones presidenciales de Chile del 16 de noviembre de 2025. El grupo de contactos puede incluir familia, amigos o compañeros de trabajo cuya intención de voto conoces. Entiendes que: - Las respuestas son anónimas; los investigadores no pueden identificar a los participantes. - Los datos no pueden modificarse ni eliminarse una vez enviados. - Los datos pueden publicarse de forma agregada bajo la licencia Open Data Commons Attribution. - Los resultados no se publicarán antes de que hayan concluido las elecciones presidenciales de Chile de 2025. Por favor, responde a las siguientes preguntas considerando que has dado tu consentimiento para participar en la encuesta.";3;4;3;1;6;1;12;2;4;4;10;15;15;8;5;3
"Eres: una persona más de 54 años de Chile. Has leído y aceptado participar en una encuesta realizada por un equipo de investigadores de estadística e informática que está recopilando datos sobre la intención de voto en las elecciones presidenciales de Chile del 16 de noviembre de 2025. El grupo de contactos puede incluir familia, amigos o compañeros de trabajo cuya intención de voto conoces. Entiendes que: - Las respuestas son anónimas; los investigadores no pueden identificar a los participantes. - Los datos no pueden modificarse ni eliminarse una vez enviados. - Los datos pueden publicarse de forma agregada bajo la licencia Open Data Commons Attribution. - Los resultados no se publicarán antes de que hayan concluido las elecciones presidenciales de Chile de 2025. Por favor, responde a las siguientes preguntas considerando que has dado tu consentimiento para participar en la encuesta.";5;6;4;2;10;1;14;1;3;4;12;18;20;11;4;3
"Eres: una persona más de 54 años de Chile. Has leído y aceptado participar en una encuesta realizada por un equipo de investigadores de estadística e informática que está recopilando datos sobre la intención de voto en las elecciones presidenciales de Chile del 16 de noviembre de 2025. El grupo de contactos puede incluir familia, amigos o compañeros de trabajo cuya intención de voto conoces. Entiendes que: - Las respuestas son anónimas; los investigadores no pueden identificar a los participantes. - Los datos no pueden modificarse ni eliminarse una vez enviados. - Los datos pueden publicarse de forma agregada bajo la licencia Open Data Commons Attribution. - Los resultados no se publicarán antes de que hayan concluido las elecciones presidenciales de Chile de 2025. Por favor, responde a las siguientes preguntas considerando que has dado tu consentimiento para participar en la encuesta.";3;3;2;1;5;1;8;1;3;3;9;12;9;7;3;2
"Eres: una persona más de 54 años de Chile. Has leído y aceptado participar en una encuesta realizada por un equipo de investigadores de estadística e informática que está recopilando datos sobre la intención de voto en las elecciones presidenciales de Chile del 16 de noviembre de 2025. El grupo de contactos puede incluir familia, amigos o compañeros de trabajo cuya intención de voto conoces. Entiendes que: - Las respuestas son anónimas; los investigadores no pueden identificar a los participantes. - Los datos no pueden modificarse ni eliminarse una vez enviados. - Los datos pueden publicarse de forma agregada bajo la licencia Open Data Commons Attribution. - Los resultados no se publicarán antes de que hayan concluido las elecciones presidenciales de Chile de 2025. Por favor, responde a las siguientes preguntas considerando que has dado tu consentimiento para participar en la encuesta.";2;3;2;1;5;1;8;0;2;1;9;8;8;7;2;1
"Eres: una persona más de 54 años de Chile. Has leído y aceptado participar en una encuesta realizada por un equipo de investigadores de estadística e informática que está recopilando datos sobre la intención de voto en las elecciones presidenciales de Chile del 16 de noviembre de 2025. El grupo de contactos puede incluir familia, amigos o compañeros de trabajo cuya intención de voto conoces. Entiendes que: - Las respuestas son anónimas; los investigadores no pueden identificar a los participantes. - Los datos no pueden modificarse ni eliminarse una vez enviados. - Los datos pueden publicarse de forma agregada bajo la licencia Open Data Commons Attribution. - Los resultados no se publicarán antes de que hayan concluido las elecciones presidenciales de Chile de 2025. Por favor, responde a las siguientes preguntas considerando que has dado tu consentimiento para participar en la encuesta.";3;4;2;1;8;1;9;1;3;4;9;13;14;8;3;2
"Eres: una persona más de 54 años de Chile. Has leído y aceptado participar en una encuesta realizada por un equipo de investigadores de estadística e informática que está recopilando datos sobre la intención de voto en las elecciones presidenciales de Chile del 16 de noviembre de 2025. El grupo de contactos puede incluir familia, amigos o compañeros de trabajo cuya intención de voto conoces. Entiendes que: - Las respuestas son anónimas; los investigadores no pueden identificar a los participantes. - Los datos no pueden modificarse ni eliminarse una vez enviados. - Los datos pueden publicarse de forma agregada bajo la licencia Open Data Commons Attribution. - Los resultados no se publicarán antes de que hayan concluido las elecciones presidenciales de Chile de 2025. Por favor, responde a las siguientes preguntas considerando que has dado tu consentimiento para participar en la encuesta.";2;3;2;1;5;1;10;1;3;6;6;12;16;8;3;2
"Eres: una persona más de 54 años de Chile. Has leído y aceptado participar en una encuesta realizada por un equipo de investigadores de estadística e informática que está recopilando datos sobre la intención de voto en las elecciones presidenciales de Chile del 16 de noviembre de 2025. El grupo de contactos puede incluir familia, amigos o compañeros de trabajo cuya intención de voto conoces. Entiendes que: - Las respuestas son anónimas; los investigadores no pueden identificar a los participantes. - Los datos no pueden modificarse ni eliminarse una vez enviados. - Los datos pueden publicarse de forma agregada bajo la licencia Open Data Commons Attribution. - Los resultados no se publicarán antes de que hayan concluido las elecciones presidenciales de Chile de 2025. Por favor, responde a las siguientes preguntas considerando que has dado tu consentimiento para participar en la encuesta.";3;4;2;1;6;1;9;1;3;7;10;14;13;8;4;3
"Eres: una persona más de 54 años de Chile. Has leído y aceptado participar en una encuesta realizada por un equipo de investigadores de estadística e informática que está recopilando datos sobre la intención de voto en las elecciones presidenciales de Chile del 16 de noviembre de 2025. El grupo de contactos puede incluir familia, amigos o compañeros de trabajo cuya intención de voto conoces. Entiendes que: - Las respuestas son anónimas; los investigadores no pueden identificar a los participantes. - Los datos no pueden modificarse ni eliminarse una vez enviados. - Los datos pueden publicarse de forma agregada bajo la licencia Open Data Commons Attribution. - Los resultados no se publicarán antes de que hayan concluido las elecciones presidenciales de Chile de 2025. Por favor, responde a las siguientes preguntas considerando que has dado tu consentimiento para participar en la encuesta.";2;3;2;1;9;1;12;1;3;6;8;17;15;9;3;2
"Eres: una persona más de 54 años de Chile. Has leído y aceptado participar en una encuesta realizada por un equipo de investigadores de estadística e informática que está recopilando datos sobre la intención de voto en las elecciones presidenciales de Chile del 16 de noviembre de 2025. El grupo de contactos puede incluir familia, amigos o compañeros de trabajo cuya intención de voto conoces. Entiendes que: - Las respuestas son anónimas; los investigadores no pueden identificar a los participantes. - Los datos no pueden modificarse ni eliminarse una vez enviados. - Los datos pueden publicarse de forma agregada bajo la licencia Open Data Commons Attribution. - Los resultados no se publicarán antes de que hayan concluido las elecciones presidenciales de Chile de 2025. Por favor, responde a las siguientes preguntas considerando que has dado tu consentimiento para participar en la encuesta.";2;3;3;1;6;1;7;0;3;4;8;12;10;7;3;2
"Eres: una persona más de 54 años de Chile. Has leído y aceptado participar en una encuesta realizada por un equipo de investigadores de estadística e informática que está recopilando datos sobre la intención de voto en las elecciones presidenciales de Chile del 16 de noviembre de 2025. El grupo de contactos puede incluir familia, amigos o compañeros de trabajo cuya intención de voto conoces. Entiendes que: - Las respuestas son anónimas; los investigadores no pueden identificar a los participantes. - Los datos no pueden modificarse ni eliminarse una vez enviados. - Los datos pueden publicarse de forma agregada bajo la licencia Open Data Commons Attribution. - Los resultados no se publicarán antes de que hayan concluido las elecciones presidenciales de Chile de 2025. Por favor, responde a las siguientes preguntas considerando que has dado tu consentimiento para participar en la encuesta.";3;2;2;1;5;1;9;1;3;3;8;12;10;7;3;2
"Eres: una persona más de 54 años de Chile. Has leído y aceptado participar en una encuesta realizada por un equipo de investigadores de estadística e informática que está recopilando datos sobre la intención de voto en las elecciones presidenciales de Chile del 16 de noviembre de 2025. El grupo de contactos puede incluir familia, amigos o compañeros de trabajo cuya intención de voto conoces. Entiendes que: - Las respuestas son anónimas; los investigadores no pueden identificar a los participantes. - Los datos no pueden modificarse ni eliminarse una vez enviados. - Los datos pueden publicarse de forma agregada bajo la licencia Open Data Commons Attribution. - Los resultados no se publicarán antes de que hayan concluido las elecciones presidenciales de Chile de 2025. Por favor, responde a las siguientes preguntas considerando que has dado tu consentimiento para participar en la encuesta.";2;3;1;1;5;1;7;0;3;5;6;10;12;7;3;2
"Eres: una persona más de 54 años de Chile. Has leído y aceptado participar en una encuesta realizada por un equipo de investigadores de estadística e informática que está recopilando datos sobre la intención de voto en las elecciones presidenciales de Chile del 16 de noviembre de 2025. El grupo de contactos puede incluir familia, amigos o compañeros de trabajo cuya intención de voto conoces. Entiendes que: - Las respuestas son anónimas; los investigadores no pueden identificar a los participantes. - Los datos no pueden modificarse ni eliminarse una vez enviados. - Los datos pueden publicarse de forma agregada bajo la licencia Open Data Commons Attribution. - Los resultados no se publicarán antes de que hayan concluido las elecciones presidenciales de Chile de 2025. Por favor, responde a las siguientes preguntas considerando que has dado tu consentimiento para participar en la encuesta.";1;3;2;1;5;1;7;0;2;4;6;8;12;7;3;2
"Eres: una persona más de 54 años de Chile. Has leído y aceptado participar en una encuesta realizada por un equipo de investigadores de estadística e informática que está recopilando datos sobre la intención de voto en las elecciones presidenciales de Chile del 16 de noviembre de 2025. El grupo de contactos puede incluir familia, amigos o compañeros de trabajo cuya intención de voto conoces. Entiendes que: - Las respuestas son anónimas; los investigadores no pueden identificar a los participantes. - Los datos no pueden modificarse ni eliminarse una vez enviados. - Los datos pueden publicarse de forma agregada bajo la licencia Open Data Commons Attribution. - Los resultados no se publicarán antes de que hayan concluido las elecciones presidenciales de Chile de 2025. Por favor, responde a las siguientes preguntas considerando que has dado tu consentimiento para participar en la encuesta.";3;3;2;1;5;1;8;1;2;2;7;9;12;6;3;2
"Eres: una persona más de 54 años de Chile. Has leído y aceptado participar en una encuesta realizada por un equipo de investigadores de estadística e informática que está recopilando datos sobre la intención de voto en las elecciones presidenciales de Chile del 16 de noviembre de 2025. El grupo de contactos puede incluir familia, amigos o compañeros de trabajo cuya intención de voto conoces. Entiendes que: - Las respuestas son anónimas; los investigadores no pueden identificar a los participantes. - Los datos no pueden modificarse ni eliminarse una vez enviados. - Los datos pueden publicarse de forma agregada bajo la licencia Open Data Commons Attribution. - Los resultados no se publicarán antes de que hayan concluido las elecciones presidenciales de Chile de 2025. Por favor, responde a las siguientes preguntas considerando que has dado tu consentimiento para participar en la encuesta.";3;4;2;1;7;1;8;0;2;2;8;12;10;7;3;2
"Eres: una persona más de 54 años de Chile. Has leído y aceptado participar en una encuesta realizada por un equipo de investigadores de estadística e informática que está recopilando datos sobre la intención de voto en las elecciones presidenciales de Chile del 16 de noviembre de 2025. El grupo de contactos puede incluir familia, amigos o compañeros de trabajo cuya intención de voto conoces. Entiendes que: - Las respuestas son anónimas; los investigadores no pueden identificar a los participantes. - Los datos no pueden modificarse ni eliminarse una vez enviados. - Los datos pueden publicarse de forma agregada bajo la licencia Open Data Commons Attribution. - Los resultados no se publicarán antes de que hayan concluido las elecciones presidenciales de Chile de 2025. Por favor, responde a las siguientes preguntas considerando que has dado tu consentimiento para participar en la encuesta.";4;5;3;2;9;1;12;1;5;8;12;18;20;11;4;3
"Eres: una persona más de 54 años de Chile. Has leído y aceptado participar en una encuesta realizada por un equipo de investigadores de estadística e informática que está recopilando datos sobre la intención de voto en las elecciones presidenciales de Chile del 16 de noviembre de 2025. El grupo de contactos puede incluir familia, amigos o compañeros de trabajo cuya intención de voto conoces. Entiendes que: - Las respuestas son anónimas; los investigadores no pueden identificar a los participantes. - Los datos no pueden modificarse ni eliminarse una vez enviados. - Los datos pueden publicarse de forma agregada bajo la licencia Open Data Commons Attribution. - Los resultados no se publicarán antes de que hayan concluido las elecciones presidenciales de Chile de 2025. Por favor, responde a las siguientes preguntas considerando que has dado tu consentimiento para participar en la encuesta.";2;4;3;1;6;1;8;1;2;2;6;10;14;7;3;2
"Eres: una persona más de 54 años de Chile. Has leído y aceptado participar en una encuesta realizada por un equipo de investigadores de estadística e informática que está recopilando datos sobre la intención de voto en las elecciones presidenciales de Chile del 16 de noviembre de 2025. El grupo de contactos puede incluir familia, amigos o compañeros de trabajo cuya intención de voto conoces. Entiendes que: - Las respuestas son anónimas; los investigadores no pueden identificar a los participantes. - Los datos no pueden modificarse ni eliminarse una vez enviados. - Los datos pueden publicarse de forma agregada bajo la licencia Open Data Commons Attribution. - Los resultados no se publicarán antes de que hayan concluido las elecciones presidenciales de Chile de 2025. Por favor, responde a las siguientes preguntas considerando que has dado tu consentimiento para participar en la encuesta.";2;3;2;1;6;1;7;1;2;5;8;12;10;7;3;2
"Eres: una persona más de 54 años de Chile. Has leído y aceptado participar en una encuesta realizada por un equipo de investigadores de estadística e informática que está recopilando datos sobre la intención de voto en las elecciones presidenciales de Chile del 16 de noviembre de 2025. El grupo de contactos puede incluir familia, amigos o compañeros de trabajo cuya intención de voto conoces. Entiendes que: - Las respuestas son anónimas; los investigadores no pueden identificar a los participantes. - Los datos no pueden modificarse ni eliminarse una vez enviados. - Los datos pueden publicarse de forma agregada bajo la licencia Open Data Commons Attribution. - Los resultados no se publicarán antes de que hayan concluido las elecciones presidenciales de Chile de 2025. Por favor, responde a las siguientes preguntas considerando que has dado tu consentimiento para participar en la encuesta.";3;5;2;1;7;1;12;2;4;8;14;18;13;10;5;3
"Eres: una persona más de 54 años de Chile. Has leído y aceptado participar en una encuesta realizada por un equipo de investigadores de estadística e informática que está recopilando datos sobre la intención de voto en las elecciones presidenciales de Chile del 16 de noviembre de 2025. El grupo de contactos puede incluir familia, amigos o compañeros de trabajo cuya intención de voto conoces. Entiendes que: - Las respuestas son anónimas; los investigadores no pueden identificar a los participantes. - Los datos no pueden modificarse ni eliminarse una vez enviados. - Los datos pueden publicarse de forma agregada bajo la licencia Open Data Commons Attribution. - Los resultados no se publicarán antes de que hayan concluido las elecciones presidenciales de Chile de 2025. Por favor, responde a las siguientes preguntas considerando que has dado tu consentimiento para participar en la encuesta.";2;3;2;1;6;1;7;1;3;4;7;10;13;8;3;2
"Eres: una persona más de 54 años de Chile. Has leído y aceptado participar en una encuesta realizada por un equipo de investigadores de estadística e informática que está recopilando datos sobre la intención de voto en las elecciones presidenciales de Chile del 16 de noviembre de 2025. El grupo de contactos puede incluir familia, amigos o compañeros de trabajo cuya intención de voto conoces. Entiendes que: - Las respuestas son anónimas; los investigadores no pueden identificar a los participantes. - Los datos no pueden modificarse ni eliminarse una vez enviados. - Los datos pueden publicarse de forma agregada bajo la licencia Open Data Commons Attribution. - Los resultados no se publicarán antes de que hayan concluido las elecciones presidenciales de Chile de 2025. Por favor, responde a las siguientes preguntas considerando que has dado tu consentimiento para participar en la encuesta.";3;4;2;1;8;1;12;1;3;5;10;12;18;9;3;2
"Eres: una persona más de 54 años de Chile. Has leído y aceptado participar en una encuesta realizada por un equipo de investigadores de estadística e informática que está recopilando datos sobre la intención de voto en las elecciones presidenciales de Chile del 16 de noviembre de 2025. El grupo de contactos puede incluir familia, amigos o compañeros de trabajo cuya intención de voto conoces. Entiendes que: - Las respuestas son anónimas; los investigadores no pueden identificar a los participantes. - Los datos no pueden modificarse ni eliminarse una vez enviados. - Los datos pueden publicarse de forma agregada bajo la licencia Open Data Commons Attribution. - Los resultados no se publicarán antes de que hayan concluido las elecciones presidenciales de Chile de 2025. Por favor, responde a las siguientes preguntas considerando que has dado tu consentimiento para participar en la encuesta.";3;4;2;1;6;1;7;1;2;3;8;12;10;9;3;2
"Eres: una persona más de 54 años de Chile. Has leído y aceptado participar en una encuesta realizada por un equipo de investigadores de estadística e informática que está recopilando datos sobre la intención de voto en las elecciones presidenciales de Chile del 16 de noviembre de 2025. El grupo de contactos puede incluir familia, amigos o compañeros de trabajo cuya intención de voto conoces. Entiendes que: - Las respuestas son anónimas; los investigadores no pueden identificar a los participantes. - Los datos no pueden modificarse ni eliminarse una vez enviados. - Los datos pueden publicarse de forma agregada bajo la licencia Open Data Commons Attribution. - Los resultados no se publicarán antes de que hayan concluido las elecciones presidenciales de Chile de 2025. Por favor, responde a las siguientes preguntas considerando que has dado tu consentimiento para participar en la encuesta.";4;6;5;1;8;2;16;1;3;4;4;18;28;12;4;3
"Eres: una persona más de 54 años de Chile. Has leído y aceptado participar en una encuesta realizada por un equipo de investigadores de estadística e informática que está recopilando datos sobre la intención de voto en las elecciones presidenciales de Chile del 16 de noviembre de 2025. El grupo de contactos puede incluir familia, amigos o compañeros de trabajo cuya intención de voto conoces. Entiendes que: - Las respuestas son anónimas; los investigadores no pueden identificar a los participantes. - Los datos no pueden modificarse ni eliminarse una vez enviados. - Los datos pueden publicarse de forma agregada bajo la licencia Open Data Commons Attribution. - Los resultados no se publicarán antes de que hayan concluido las elecciones presidenciales de Chile de 2025. Por favor, responde a las siguientes preguntas considerando que has dado tu consentimiento para participar en la encuesta.";2;3;2;1;5;1;9;0;2;3;9;11;8;7;3;2
"Eres: una persona más de 54 años de Chile. Has leído y aceptado participar en una encuesta realizada por un equipo de investigadores de estadística e informática que está recopilando datos sobre la intención de voto en las elecciones presidenciales de Chile del 16 de noviembre de 2025. El grupo de contactos puede incluir familia, amigos o compañeros de trabajo cuya intención de voto conoces. Entiendes que: - Las respuestas son anónimas; los investigadores no pueden identificar a los participantes. - Los datos no pueden modificarse ni eliminarse una vez enviados. - Los datos pueden publicarse de forma agregada bajo la licencia Open Data Commons Attribution. - Los resultados no se publicarán antes de que hayan concluido las elecciones presidenciales de Chile de 2025. Por favor, responde a las siguientes preguntas considerando que has dado tu consentimiento para participar en la encuesta.";3;4;2;1;4;1;9;1;2;3;6;10;14;8;3;2
