Age;JJR;JAKR;Blanco;NS/NC;age.18.34;age.35.54;age.mas.54;independent;unemployed;doctor;overseas;age
"Eres una persona de entre 18 y 24 años de Chile. Has leído y aceptado participar en una encuesta realizada por un equipo de investigadores de estadística e informática que está recopilando datos sobre la intención de voto en las elecciones presidenciales de Chile de 2025. El grupo de contactos puede incluir familia, amigos o compañeros de trabajo cuya intención de voto conoces. Entiendes que: Las respuestas son anónimas; los investigadores no pueden identificar a los participantes. Los datos no pueden modificarse ni eliminarse una vez enviados. Los datos pueden publicarse de forma agregada bajo la licencia Open Data Commons Attribution. Los resultados no se publicarán antes de que hayan concluido las elecciones presidenciales de Chile de 2025. Por favor, responde a las siguientes preguntas considerando que has dado tu consentimiento para participar en la encuesta.";8;10;5;12;22;9;4;7;2;4;3;18-34
"Eres una persona de entre 18 y 24 años de Chile. Has leído y aceptado participar en una encuesta realizada por un equipo de investigadores de estadística e informática que está recopilando datos sobre la intención de voto en las elecciones presidenciales de Chile de 2025. El grupo de contactos puede incluir familia, amigos o compañeros de trabajo cuya intención de voto conoces. Entiendes que: Las respuestas son anónimas; los investigadores no pueden identificar a los participantes. Los datos no pueden modificarse ni eliminarse una vez enviados. Los datos pueden publicarse de forma agregada bajo la licencia Open Data Commons Attribution. Los resultados no se publicarán antes de que hayan concluido las elecciones presidenciales de Chile de 2025. Por favor, responde a las siguientes preguntas considerando que has dado tu consentimiento para participar en la encuesta.";9;11;4;16;28;8;4;6;1;5;3;18-34
"Eres una persona de entre 18 y 24 años de Chile. Has leído y aceptado participar en una encuesta realizada por un equipo de investigadores de estadística e informática que está recopilando datos sobre la intención de voto en las elecciones presidenciales de Chile de 2025. El grupo de contactos puede incluir familia, amigos o compañeros de trabajo cuya intención de voto conoces. Entiendes que: Las respuestas son anónimas; los investigadores no pueden identificar a los participantes. Los datos no pueden modificarse ni eliminarse una vez enviados. Los datos pueden publicarse de forma agregada bajo la licencia Open Data Commons Attribution. Los resultados no se publicarán antes de que hayan concluido las elecciones presidenciales de Chile de 2025. Por favor, responde a las siguientes preguntas considerando que has dado tu consentimiento para participar en la encuesta.";9;7;3;9;20;6;2;6;1;4;2;18-34
"Eres una persona de entre 18 y 24 años de Chile. Has leído y aceptado participar en una encuesta realizada por un equipo de investigadores de estadística e informática que está recopilando datos sobre la intención de voto en las elecciones presidenciales de Chile de 2025. El grupo de contactos puede incluir familia, amigos o compañeros de trabajo cuya intención de voto conoces. Entiendes que: Las respuestas son anónimas; los investigadores no pueden identificar a los participantes. Los datos no pueden modificarse ni eliminarse una vez enviados. Los datos pueden publicarse de forma agregada bajo la licencia Open Data Commons Attribution. Los resultados no se publicarán antes de que hayan concluido las elecciones presidenciales de Chile de 2025. Por favor, responde a las siguientes preguntas considerando que has dado tu consentimiento para participar en la encuesta.";8;9;3;10;18;9;3;7;1;4;2;18-34
"Eres una persona de entre 18 y 24 años de Chile. Has leído y aceptado participar en una encuesta realizada por un equipo de investigadores de estadística e informática que está recopilando datos sobre la intención de voto en las elecciones presidenciales de Chile de 2025. El grupo de contactos puede incluir familia, amigos o compañeros de trabajo cuya intención de voto conoces. Entiendes que: Las respuestas son anónimas; los investigadores no pueden identificar a los participantes. Los datos no pueden modificarse ni eliminarse una vez enviados. Los datos pueden publicarse de forma agregada bajo la licencia Open Data Commons Attribution. Los resultados no se publicarán antes de que hayan concluido las elecciones presidenciales de Chile de 2025. Por favor, responde a las siguientes preguntas considerando que has dado tu consentimiento para participar en la encuesta.";8;12;6;19;29;12;4;10;2;7;3;18-34
"Eres una persona de entre 18 y 24 años de Chile. Has leído y aceptado participar en una encuesta realizada por un equipo de investigadores de estadística e informática que está recopilando datos sobre la intención de voto en las elecciones presidenciales de Chile de 2025. El grupo de contactos puede incluir familia, amigos o compañeros de trabajo cuya intención de voto conoces. Entiendes que: Las respuestas son anónimas; los investigadores no pueden identificar a los participantes. Los datos no pueden modificarse ni eliminarse una vez enviados. Los datos pueden publicarse de forma agregada bajo la licencia Open Data Commons Attribution. Los resultados no se publicarán antes de que hayan concluido las elecciones presidenciales de Chile de 2025. Por favor, responde a las siguientes preguntas considerando que has dado tu consentimiento para participar en la encuesta.";12;10;6;14;30;8;4;9;2;5;3;18-34
"Eres una persona de entre 18 y 24 años de Chile. Has leído y aceptado participar en una encuesta realizada por un equipo de investigadores de estadística e informática que está recopilando datos sobre la intención de voto en las elecciones presidenciales de Chile de 2025. El grupo de contactos puede incluir familia, amigos o compañeros de trabajo cuya intención de voto conoces. Entiendes que: Las respuestas son anónimas; los investigadores no pueden identificar a los participantes. Los datos no pueden modificarse ni eliminarse una vez enviados. Los datos pueden publicarse de forma agregada bajo la licencia Open Data Commons Attribution. Los resultados no se publicarán antes de que hayan concluido las elecciones presidenciales de Chile de 2025. Por favor, responde a las siguientes preguntas considerando que has dado tu consentimiento para participar en la encuesta.";6;8;3;11;20;6;2;5;1;4;2;18-34
"Eres una persona de entre 18 y 24 años de Chile. Has leído y aceptado participar en una encuesta realizada por un equipo de investigadores de estadística e informática que está recopilando datos sobre la intención de voto en las elecciones presidenciales de Chile de 2025. El grupo de contactos puede incluir familia, amigos o compañeros de trabajo cuya intención de voto conoces. Entiendes que: Las respuestas son anónimas; los investigadores no pueden identificar a los participantes. Los datos no pueden modificarse ni eliminarse una vez enviados. Los datos pueden publicarse de forma agregada bajo la licencia Open Data Commons Attribution. Los resultados no se publicarán antes de que hayan concluido las elecciones presidenciales de Chile de 2025. Por favor, responde a las siguientes preguntas considerando que has dado tu consentimiento para participar en la encuesta.";8;7;3;12;20;8;2;6;1;4;2;18-34
"Eres una persona de entre 18 y 24 años de Chile. Has leído y aceptado participar en una encuesta realizada por un equipo de investigadores de estadística e informática que está recopilando datos sobre la intención de voto en las elecciones presidenciales de Chile de 2025. El grupo de contactos puede incluir familia, amigos o compañeros de trabajo cuya intención de voto conoces. Entiendes que: Las respuestas son anónimas; los investigadores no pueden identificar a los participantes. Los datos no pueden modificarse ni eliminarse una vez enviados. Los datos pueden publicarse de forma agregada bajo la licencia Open Data Commons Attribution. Los resultados no se publicarán antes de que hayan concluido las elecciones presidenciales de Chile de 2025. Por favor, responde a las siguientes preguntas considerando que has dado tu consentimiento para participar en la encuesta.";8;10;4;8;20;7;3;9;2;5;3;18-34
"Eres una persona de entre 18 y 24 años de Chile. Has leído y aceptado participar en una encuesta realizada por un equipo de investigadores de estadística e informática que está recopilando datos sobre la intención de voto en las elecciones presidenciales de Chile de 2025. El grupo de contactos puede incluir familia, amigos o compañeros de trabajo cuya intención de voto conoces. Entiendes que: Las respuestas son anónimas; los investigadores no pueden identificar a los participantes. Los datos no pueden modificarse ni eliminarse una vez enviados. Los datos pueden publicarse de forma agregada bajo la licencia Open Data Commons Attribution. Los resultados no se publicarán antes de que hayan concluido las elecciones presidenciales de Chile de 2025. Por favor, responde a las siguientes preguntas considerando que has dado tu consentimiento para participar en la encuesta.";6;8;4;10;20;6;2;7;1;4;2;18-34
"Eres una persona de entre 18 y 24 años de Chile. Has leído y aceptado participar en una encuesta realizada por un equipo de investigadores de estadística e informática que está recopilando datos sobre la intención de voto en las elecciones presidenciales de Chile de 2025. El grupo de contactos puede incluir familia, amigos o compañeros de trabajo cuya intención de voto conoces. Entiendes que: Las respuestas son anónimas; los investigadores no pueden identificar a los participantes. Los datos no pueden modificarse ni eliminarse una vez enviados. Los datos pueden publicarse de forma agregada bajo la licencia Open Data Commons Attribution. Los resultados no se publicarán antes de que hayan concluido las elecciones presidenciales de Chile de 2025. Por favor, responde a las siguientes preguntas considerando que has dado tu consentimiento para participar en la encuesta.";7;9;3;13;22;7;3;6;1;5;2;18-34
"Eres una persona de entre 18 y 24 años de Chile. Has leído y aceptado participar en una encuesta realizada por un equipo de investigadores de estadística e informática que está recopilando datos sobre la intención de voto en las elecciones presidenciales de Chile de 2025. El grupo de contactos puede incluir familia, amigos o compañeros de trabajo cuya intención de voto conoces. Entiendes que: Las respuestas son anónimas; los investigadores no pueden identificar a los participantes. Los datos no pueden modificarse ni eliminarse una vez enviados. Los datos pueden publicarse de forma agregada bajo la licencia Open Data Commons Attribution. Los resultados no se publicarán antes de que hayan concluido las elecciones presidenciales de Chile de 2025. Por favor, responde a las siguientes preguntas considerando que has dado tu consentimiento para participar en la encuesta.";8;9;4;9;22;6;2;7;1;4;2;18-34
"Eres una persona de entre 18 y 24 años de Chile. Has leído y aceptado participar en una encuesta realizada por un equipo de investigadores de estadística e informática que está recopilando datos sobre la intención de voto en las elecciones presidenciales de Chile de 2025. El grupo de contactos puede incluir familia, amigos o compañeros de trabajo cuya intención de voto conoces. Entiendes que: Las respuestas son anónimas; los investigadores no pueden identificar a los participantes. Los datos no pueden modificarse ni eliminarse una vez enviados. Los datos pueden publicarse de forma agregada bajo la licencia Open Data Commons Attribution. Los resultados no se publicarán antes de que hayan concluido las elecciones presidenciales de Chile de 2025. Por favor, responde a las siguientes preguntas considerando que has dado tu consentimiento para participar en la encuesta.";9;7;3;13;22;7;3;6;1;5;2;18-34
"Eres una persona de entre 18 y 24 años de Chile. Has leído y aceptado participar en una encuesta realizada por un equipo de investigadores de estadística e informática que está recopilando datos sobre la intención de voto en las elecciones presidenciales de Chile de 2025. El grupo de contactos puede incluir familia, amigos o compañeros de trabajo cuya intención de voto conoces. Entiendes que: Las respuestas son anónimas; los investigadores no pueden identificar a los participantes. Los datos no pueden modificarse ni eliminarse una vez enviados. Los datos pueden publicarse de forma agregada bajo la licencia Open Data Commons Attribution. Los resultados no se publicarán antes de que hayan concluido las elecciones presidenciales de Chile de 2025. Por favor, responde a las siguientes preguntas considerando que has dado tu consentimiento para participar en la encuesta.";6;4;2;8;14;4;2;5;1;3;2;18-34
"Eres una persona de entre 18 y 24 años de Chile. Has leído y aceptado participar en una encuesta realizada por un equipo de investigadores de estadística e informática que está recopilando datos sobre la intención de voto en las elecciones presidenciales de Chile de 2025. El grupo de contactos puede incluir familia, amigos o compañeros de trabajo cuya intención de voto conoces. Entiendes que: Las respuestas son anónimas; los investigadores no pueden identificar a los participantes. Los datos no pueden modificarse ni eliminarse una vez enviados. Los datos pueden publicarse de forma agregada bajo la licencia Open Data Commons Attribution. Los resultados no se publicarán antes de que hayan concluido las elecciones presidenciales de Chile de 2025. Por favor, responde a las siguientes preguntas considerando que has dado tu consentimiento para participar en la encuesta.";7;5;3;15;20;8;2;6;1;4;3;18-34
"Eres una persona de entre 18 y 24 años de Chile. Has leído y aceptado participar en una encuesta realizada por un equipo de investigadores de estadística e informática que está recopilando datos sobre la intención de voto en las elecciones presidenciales de Chile de 2025. El grupo de contactos puede incluir familia, amigos o compañeros de trabajo cuya intención de voto conoces. Entiendes que: Las respuestas son anónimas; los investigadores no pueden identificar a los participantes. Los datos no pueden modificarse ni eliminarse una vez enviados. Los datos pueden publicarse de forma agregada bajo la licencia Open Data Commons Attribution. Los resultados no se publicarán antes de que hayan concluido las elecciones presidenciales de Chile de 2025. Por favor, responde a las siguientes preguntas considerando que has dado tu consentimiento para participar en la encuesta.";6;8;4;12;22;6;2;7;1;4;3;18-34
"Eres una persona de entre 18 y 24 años de Chile. Has leído y aceptado participar en una encuesta realizada por un equipo de investigadores de estadística e informática que está recopilando datos sobre la intención de voto en las elecciones presidenciales de Chile de 2025. El grupo de contactos puede incluir familia, amigos o compañeros de trabajo cuya intención de voto conoces. Entiendes que: Las respuestas son anónimas; los investigadores no pueden identificar a los participantes. Los datos no pueden modificarse ni eliminarse una vez enviados. Los datos pueden publicarse de forma agregada bajo la licencia Open Data Commons Attribution. Los resultados no se publicarán antes de que hayan concluido las elecciones presidenciales de Chile de 2025. Por favor, responde a las siguientes preguntas considerando que has dado tu consentimiento para participar en la encuesta.";5;7;3;6;16;6;3;8;1;4;2;18-34
"Eres una persona de entre 18 y 24 años de Chile. Has leído y aceptado participar en una encuesta realizada por un equipo de investigadores de estadística e informática que está recopilando datos sobre la intención de voto en las elecciones presidenciales de Chile de 2025. El grupo de contactos puede incluir familia, amigos o compañeros de trabajo cuya intención de voto conoces. Entiendes que: Las respuestas son anónimas; los investigadores no pueden identificar a los participantes. Los datos no pueden modificarse ni eliminarse una vez enviados. Los datos pueden publicarse de forma agregada bajo la licencia Open Data Commons Attribution. Los resultados no se publicarán antes de que hayan concluido las elecciones presidenciales de Chile de 2025. Por favor, responde a las siguientes preguntas considerando que has dado tu consentimiento para participar en la encuesta.";6;8;3;13;22;6;2;7;1;4;3;18-34
"Eres una persona de entre 18 y 24 años de Chile. Has leído y aceptado participar en una encuesta realizada por un equipo de investigadores de estadística e informática que está recopilando datos sobre la intención de voto en las elecciones presidenciales de Chile de 2025. El grupo de contactos puede incluir familia, amigos o compañeros de trabajo cuya intención de voto conoces. Entiendes que: Las respuestas son anónimas; los investigadores no pueden identificar a los participantes. Los datos no pueden modificarse ni eliminarse una vez enviados. Los datos pueden publicarse de forma agregada bajo la licencia Open Data Commons Attribution. Los resultados no se publicarán antes de que hayan concluido las elecciones presidenciales de Chile de 2025. Por favor, responde a las siguientes preguntas considerando que has dado tu consentimiento para participar en la encuesta.";8;7;5;15;28;6;1;9;2;5;3;18-34
"Eres una persona de entre 18 y 24 años de Chile. Has leído y aceptado participar en una encuesta realizada por un equipo de investigadores de estadística e informática que está recopilando datos sobre la intención de voto en las elecciones presidenciales de Chile de 2025. El grupo de contactos puede incluir familia, amigos o compañeros de trabajo cuya intención de voto conoces. Entiendes que: Las respuestas son anónimas; los investigadores no pueden identificar a los participantes. Los datos no pueden modificarse ni eliminarse una vez enviados. Los datos pueden publicarse de forma agregada bajo la licencia Open Data Commons Attribution. Los resultados no se publicarán antes de que hayan concluido las elecciones presidenciales de Chile de 2025. Por favor, responde a las siguientes preguntas considerando que has dado tu consentimiento para participar en la encuesta.";5;7;3;8;16;5;2;6;1;4;2;18-34
"Eres una persona de entre 18 y 24 años de Chile. Has leído y aceptado participar en una encuesta realizada por un equipo de investigadores de estadística e informática que está recopilando datos sobre la intención de voto en las elecciones presidenciales de Chile de 2025. El grupo de contactos puede incluir familia, amigos o compañeros de trabajo cuya intención de voto conoces. Entiendes que: Las respuestas son anónimas; los investigadores no pueden identificar a los participantes. Los datos no pueden modificarse ni eliminarse una vez enviados. Los datos pueden publicarse de forma agregada bajo la licencia Open Data Commons Attribution. Los resultados no se publicarán antes de que hayan concluido las elecciones presidenciales de Chile de 2025. Por favor, responde a las siguientes preguntas considerando que has dado tu consentimiento para participar en la encuesta.";6;5;3;10;18;5;1;7;1;3;2;18-34
"Eres una persona de entre 18 y 24 años de Chile. Has leído y aceptado participar en una encuesta realizada por un equipo de investigadores de estadística e informática que está recopilando datos sobre la intención de voto en las elecciones presidenciales de Chile de 2025. El grupo de contactos puede incluir familia, amigos o compañeros de trabajo cuya intención de voto conoces. Entiendes que: Las respuestas son anónimas; los investigadores no pueden identificar a los participantes. Los datos no pueden modificarse ni eliminarse una vez enviados. Los datos pueden publicarse de forma agregada bajo la licencia Open Data Commons Attribution. Los resultados no se publicarán antes de que hayan concluido las elecciones presidenciales de Chile de 2025. Por favor, responde a las siguientes preguntas considerando que has dado tu consentimiento para participar en la encuesta.";6;5;3;12;20;5;1;6;1;4;2;18-34
"Eres una persona de entre 18 y 24 años de Chile. Has leído y aceptado participar en una encuesta realizada por un equipo de investigadores de estadística e informática que está recopilando datos sobre la intención de voto en las elecciones presidenciales de Chile de 2025. El grupo de contactos puede incluir familia, amigos o compañeros de trabajo cuya intención de voto conoces. Entiendes que: Las respuestas son anónimas; los investigadores no pueden identificar a los participantes. Los datos no pueden modificarse ni eliminarse una vez enviados. Los datos pueden publicarse de forma agregada bajo la licencia Open Data Commons Attribution. Los resultados no se publicarán antes de que hayan concluido las elecciones presidenciales de Chile de 2025. Por favor, responde a las siguientes preguntas considerando que has dado tu consentimiento para participar en la encuesta.";6;8;4;12;21;7;2;7;1;5;3;18-34
"Eres una persona de entre 18 y 24 años de Chile. Has leído y aceptado participar en una encuesta realizada por un equipo de investigadores de estadística e informática que está recopilando datos sobre la intención de voto en las elecciones presidenciales de Chile de 2025. El grupo de contactos puede incluir familia, amigos o compañeros de trabajo cuya intención de voto conoces. Entiendes que: Las respuestas son anónimas; los investigadores no pueden identificar a los participantes. Los datos no pueden modificarse ni eliminarse una vez enviados. Los datos pueden publicarse de forma agregada bajo la licencia Open Data Commons Attribution. Los resultados no se publicarán antes de que hayan concluido las elecciones presidenciales de Chile de 2025. Por favor, responde a las siguientes preguntas considerando que has dado tu consentimiento para participar en la encuesta.";8;9;3;12;20;8;4;7;1;5;3;18-34
"Eres una persona de entre 18 y 24 años de Chile. Has leído y aceptado participar en una encuesta realizada por un equipo de investigadores de estadística e informática que está recopilando datos sobre la intención de voto en las elecciones presidenciales de Chile de 2025. El grupo de contactos puede incluir familia, amigos o compañeros de trabajo cuya intención de voto conoces. Entiendes que: Las respuestas son anónimas; los investigadores no pueden identificar a los participantes. Los datos no pueden modificarse ni eliminarse una vez enviados. Los datos pueden publicarse de forma agregada bajo la licencia Open Data Commons Attribution. Los resultados no se publicarán antes de que hayan concluido las elecciones presidenciales de Chile de 2025. Por favor, responde a las siguientes preguntas considerando que has dado tu consentimiento para participar en la encuesta.";4;6;3;9;18;8;4;7;1;4;2;18-34
"Eres una persona de entre 18 y 24 años de Chile. Has leído y aceptado participar en una encuesta realizada por un equipo de investigadores de estadística e informática que está recopilando datos sobre la intención de voto en las elecciones presidenciales de Chile de 2025. El grupo de contactos puede incluir familia, amigos o compañeros de trabajo cuya intención de voto conoces. Entiendes que: Las respuestas son anónimas; los investigadores no pueden identificar a los participantes. Los datos no pueden modificarse ni eliminarse una vez enviados. Los datos pueden publicarse de forma agregada bajo la licencia Open Data Commons Attribution. Los resultados no se publicarán antes de que hayan concluido las elecciones presidenciales de Chile de 2025. Por favor, responde a las siguientes preguntas considerando que has dado tu consentimiento para participar en la encuesta.";8;10;4;18;26;9;5;7;1;4;3;18-34
"Eres una persona de entre 18 y 24 años de Chile. Has leído y aceptado participar en una encuesta realizada por un equipo de investigadores de estadística e informática que está recopilando datos sobre la intención de voto en las elecciones presidenciales de Chile de 2025. El grupo de contactos puede incluir familia, amigos o compañeros de trabajo cuya intención de voto conoces. Entiendes que: Las respuestas son anónimas; los investigadores no pueden identificar a los participantes. Los datos no pueden modificarse ni eliminarse una vez enviados. Los datos pueden publicarse de forma agregada bajo la licencia Open Data Commons Attribution. Los resultados no se publicarán antes de que hayan concluido las elecciones presidenciales de Chile de 2025. Por favor, responde a las siguientes preguntas considerando que has dado tu consentimiento para participar en la encuesta.";7;8;3;12;22;6;2;7;1;5;2;18-34
"Eres una persona de entre 25 y 34 años de Chile. Has leído y aceptado participar en una encuesta realizada por un equipo de investigadores de estadística e informática que está recopilando datos sobre la intención de voto en las elecciones presidenciales de Chile de 2025. El grupo de contactos puede incluir familia, amigos o compañeros de trabajo cuya intención de voto conoces. Entiendes que: Las respuestas son anónimas; los investigadores no pueden identificar a los participantes. Los datos no pueden modificarse ni eliminarse una vez enviados. Los datos pueden publicarse de forma agregada bajo la licencia Open Data Commons Attribution. Los resultados no se publicarán antes de que hayan concluido las elecciones presidenciales de Chile de 2025. Por favor, responde a las siguientes preguntas considerando que has dado tu consentimiento para participar en la encuesta.";10;12;5;11;20;12;6;9;2;5;3;25-34
"Eres una persona de entre 25 y 34 años de Chile. Has leído y aceptado participar en una encuesta realizada por un equipo de investigadores de estadística e informática que está recopilando datos sobre la intención de voto en las elecciones presidenciales de Chile de 2025. El grupo de contactos puede incluir familia, amigos o compañeros de trabajo cuya intención de voto conoces. Entiendes que: Las respuestas son anónimas; los investigadores no pueden identificar a los participantes. Los datos no pueden modificarse ni eliminarse una vez enviados. Los datos pueden publicarse de forma agregada bajo la licencia Open Data Commons Attribution. Los resultados no se publicarán antes de que hayan concluido las elecciones presidenciales de Chile de 2025. Por favor, responde a las siguientes preguntas considerando que has dado tu consentimiento para participar en la encuesta.";0;0;0;0;0;0;0;0;0;0;0;25-34
"Eres una persona de entre 25 y 34 años de Chile. Has leído y aceptado participar en una encuesta realizada por un equipo de investigadores de estadística e informática que está recopilando datos sobre la intención de voto en las elecciones presidenciales de Chile de 2025. El grupo de contactos puede incluir familia, amigos o compañeros de trabajo cuya intención de voto conoces. Entiendes que: Las respuestas son anónimas; los investigadores no pueden identificar a los participantes. Los datos no pueden modificarse ni eliminarse una vez enviados. Los datos pueden publicarse de forma agregada bajo la licencia Open Data Commons Attribution. Los resultados no se publicarán antes de que hayan concluido las elecciones presidenciales de Chile de 2025. Por favor, responde a las siguientes preguntas considerando que has dado tu consentimiento para participar en la encuesta.";9;11;5;13;22;11;5;12;2;7;4;25-34
"Eres una persona de entre 25 y 34 años de Chile. Has leído y aceptado participar en una encuesta realizada por un equipo de investigadores de estadística e informática que está recopilando datos sobre la intención de voto en las elecciones presidenciales de Chile de 2025. El grupo de contactos puede incluir familia, amigos o compañeros de trabajo cuya intención de voto conoces. Entiendes que: Las respuestas son anónimas; los investigadores no pueden identificar a los participantes. Los datos no pueden modificarse ni eliminarse una vez enviados. Los datos pueden publicarse de forma agregada bajo la licencia Open Data Commons Attribution. Los resultados no se publicarán antes de que hayan concluido las elecciones presidenciales de Chile de 2025. Por favor, responde a las siguientes preguntas considerando que has dado tu consentimiento para participar en la encuesta.";9;12;5;16;20;14;8;11;2;6;3;25-34
"Eres una persona de entre 25 y 34 años de Chile. Has leído y aceptado participar en una encuesta realizada por un equipo de investigadores de estadística e informática que está recopilando datos sobre la intención de voto en las elecciones presidenciales de Chile de 2025. El grupo de contactos puede incluir familia, amigos o compañeros de trabajo cuya intención de voto conoces. Entiendes que: Las respuestas son anónimas; los investigadores no pueden identificar a los participantes. Los datos no pueden modificarse ni eliminarse una vez enviados. Los datos pueden publicarse de forma agregada bajo la licencia Open Data Commons Attribution. Los resultados no se publicarán antes de que hayan concluido las elecciones presidenciales de Chile de 2025. Por favor, responde a las siguientes preguntas considerando que has dado tu consentimiento para participar en la encuesta.";7;8;4;9;15;9;4;6;1;3;2;25-34
"Eres una persona de entre 25 y 34 años de Chile. Has leído y aceptado participar en una encuesta realizada por un equipo de investigadores de estadística e informática que está recopilando datos sobre la intención de voto en las elecciones presidenciales de Chile de 2025. El grupo de contactos puede incluir familia, amigos o compañeros de trabajo cuya intención de voto conoces. Entiendes que: Las respuestas son anónimas; los investigadores no pueden identificar a los participantes. Los datos no pueden modificarse ni eliminarse una vez enviados. Los datos pueden publicarse de forma agregada bajo la licencia Open Data Commons Attribution. Los resultados no se publicarán antes de que hayan concluido las elecciones presidenciales de Chile de 2025. Por favor, responde a las siguientes preguntas considerando que has dado tu consentimiento para participar en la encuesta.";9;12;5;16;24;12;6;10;3;6;4;25-34
"Eres una persona de entre 25 y 34 años de Chile. Has leído y aceptado participar en una encuesta realizada por un equipo de investigadores de estadística e informática que está recopilando datos sobre la intención de voto en las elecciones presidenciales de Chile de 2025. El grupo de contactos puede incluir familia, amigos o compañeros de trabajo cuya intención de voto conoces. Entiendes que: Las respuestas son anónimas; los investigadores no pueden identificar a los participantes. Los datos no pueden modificarse ni eliminarse una vez enviados. Los datos pueden publicarse de forma agregada bajo la licencia Open Data Commons Attribution. Los resultados no se publicarán antes de que hayan concluido las elecciones presidenciales de Chile de 2025. Por favor, responde a las siguientes preguntas considerando que has dado tu consentimiento para participar en la encuesta.";6;8;3;15;15;11;6;9;2;4;3;25-34
"Eres una persona de entre 25 y 34 años de Chile. Has leído y aceptado participar en una encuesta realizada por un equipo de investigadores de estadística e informática que está recopilando datos sobre la intención de voto en las elecciones presidenciales de Chile de 2025. El grupo de contactos puede incluir familia, amigos o compañeros de trabajo cuya intención de voto conoces. Entiendes que: Las respuestas son anónimas; los investigadores no pueden identificar a los participantes. Los datos no pueden modificarse ni eliminarse una vez enviados. Los datos pueden publicarse de forma agregada bajo la licencia Open Data Commons Attribution. Los resultados no se publicarán antes de que hayan concluido las elecciones presidenciales de Chile de 2025. Por favor, responde a las siguientes preguntas considerando que has dado tu consentimiento para participar en la encuesta.";7;9;4;10;16;9;5;8;2;5;3;25-34
"Eres una persona de entre 25 y 34 años de Chile. Has leído y aceptado participar en una encuesta realizada por un equipo de investigadores de estadística e informática que está recopilando datos sobre la intención de voto en las elecciones presidenciales de Chile de 2025. El grupo de contactos puede incluir familia, amigos o compañeros de trabajo cuya intención de voto conoces. Entiendes que: Las respuestas son anónimas; los investigadores no pueden identificar a los participantes. Los datos no pueden modificarse ni eliminarse una vez enviados. Los datos pueden publicarse de forma agregada bajo la licencia Open Data Commons Attribution. Los resultados no se publicarán antes de que hayan concluido las elecciones presidenciales de Chile de 2025. Por favor, responde a las siguientes preguntas considerando que has dado tu consentimiento para participar en la encuesta.";6;8;4;10;12;9;7;6;2;3;1;25-34
"Eres una persona de entre 25 y 34 años de Chile. Has leído y aceptado participar en una encuesta realizada por un equipo de investigadores de estadística e informática que está recopilando datos sobre la intención de voto en las elecciones presidenciales de Chile de 2025. El grupo de contactos puede incluir familia, amigos o compañeros de trabajo cuya intención de voto conoces. Entiendes que: Las respuestas son anónimas; los investigadores no pueden identificar a los participantes. Los datos no pueden modificarse ni eliminarse una vez enviados. Los datos pueden publicarse de forma agregada bajo la licencia Open Data Commons Attribution. Los resultados no se publicarán antes de que hayan concluido las elecciones presidenciales de Chile de 2025. Por favor, responde a las siguientes preguntas considerando que has dado tu consentimiento para participar en la encuesta.";9;12;3;16;24;11;5;10;2;4;3;25-34
"Eres una persona de entre 25 y 34 años de Chile. Has leído y aceptado participar en una encuesta realizada por un equipo de investigadores de estadística e informática que está recopilando datos sobre la intención de voto en las elecciones presidenciales de Chile de 2025. El grupo de contactos puede incluir familia, amigos o compañeros de trabajo cuya intención de voto conoces. Entiendes que: Las respuestas son anónimas; los investigadores no pueden identificar a los participantes. Los datos no pueden modificarse ni eliminarse una vez enviados. Los datos pueden publicarse de forma agregada bajo la licencia Open Data Commons Attribution. Los resultados no se publicarán antes de que hayan concluido las elecciones presidenciales de Chile de 2025. Por favor, responde a las siguientes preguntas considerando que has dado tu consentimiento para participar en la encuesta.";9;12;3;16;18;14;8;11;2;5;4;25-34
"Eres una persona de entre 25 y 34 años de Chile. Has leído y aceptado participar en una encuesta realizada por un equipo de investigadores de estadística e informática que está recopilando datos sobre la intención de voto en las elecciones presidenciales de Chile de 2025. El grupo de contactos puede incluir familia, amigos o compañeros de trabajo cuya intención de voto conoces. Entiendes que: Las respuestas son anónimas; los investigadores no pueden identificar a los participantes. Los datos no pueden modificarse ni eliminarse una vez enviados. Los datos pueden publicarse de forma agregada bajo la licencia Open Data Commons Attribution. Los resultados no se publicarán antes de que hayan concluido las elecciones presidenciales de Chile de 2025. Por favor, responde a las siguientes preguntas considerando que has dado tu consentimiento para participar en la encuesta.";8;9;3;8;14;9;5;7;2;4;3;25-34
"Eres una persona de entre 25 y 34 años de Chile. Has leído y aceptado participar en una encuesta realizada por un equipo de investigadores de estadística e informática que está recopilando datos sobre la intención de voto en las elecciones presidenciales de Chile de 2025. El grupo de contactos puede incluir familia, amigos o compañeros de trabajo cuya intención de voto conoces. Entiendes que: Las respuestas son anónimas; los investigadores no pueden identificar a los participantes. Los datos no pueden modificarse ni eliminarse una vez enviados. Los datos pueden publicarse de forma agregada bajo la licencia Open Data Commons Attribution. Los resultados no se publicarán antes de que hayan concluido las elecciones presidenciales de Chile de 2025. Por favor, responde a las siguientes preguntas considerando que has dado tu consentimiento para participar en la encuesta.";16;14;5;15;26;16;8;12;3;7;4;25-34
"Eres una persona de entre 25 y 34 años de Chile. Has leído y aceptado participar en una encuesta realizada por un equipo de investigadores de estadística e informática que está recopilando datos sobre la intención de voto en las elecciones presidenciales de Chile de 2025. El grupo de contactos puede incluir familia, amigos o compañeros de trabajo cuya intención de voto conoces. Entiendes que: Las respuestas son anónimas; los investigadores no pueden identificar a los participantes. Los datos no pueden modificarse ni eliminarse una vez enviados. Los datos pueden publicarse de forma agregada bajo la licencia Open Data Commons Attribution. Los resultados no se publicarán antes de que hayan concluido las elecciones presidenciales de Chile de 2025. Por favor, responde a las siguientes preguntas considerando que has dado tu consentimiento para participar en la encuesta.";10;12;3;15;20;12;8;9;2;5;4;25-34
"Eres una persona de entre 25 y 34 años de Chile. Has leído y aceptado participar en una encuesta realizada por un equipo de investigadores de estadística e informática que está recopilando datos sobre la intención de voto en las elecciones presidenciales de Chile de 2025. El grupo de contactos puede incluir familia, amigos o compañeros de trabajo cuya intención de voto conoces. Entiendes que: Las respuestas son anónimas; los investigadores no pueden identificar a los participantes. Los datos no pueden modificarse ni eliminarse una vez enviados. Los datos pueden publicarse de forma agregada bajo la licencia Open Data Commons Attribution. Los resultados no se publicarán antes de que hayan concluido las elecciones presidenciales de Chile de 2025. Por favor, responde a las siguientes preguntas considerando que has dado tu consentimiento para participar en la encuesta.";7;9;4;10;18;8;4;6;1;3;2;25-34
"Eres una persona de entre 25 y 34 años de Chile. Has leído y aceptado participar en una encuesta realizada por un equipo de investigadores de estadística e informática que está recopilando datos sobre la intención de voto en las elecciones presidenciales de Chile de 2025. El grupo de contactos puede incluir familia, amigos o compañeros de trabajo cuya intención de voto conoces. Entiendes que: Las respuestas son anónimas; los investigadores no pueden identificar a los participantes. Los datos no pueden modificarse ni eliminarse una vez enviados. Los datos pueden publicarse de forma agregada bajo la licencia Open Data Commons Attribution. Los resultados no se publicarán antes de que hayan concluido las elecciones presidenciales de Chile de 2025. Por favor, responde a las siguientes preguntas considerando que has dado tu consentimiento para participar en la encuesta.";10;12;3;17;22;14;6;9;2;5;3;25-34
"Eres una persona de entre 25 y 34 años de Chile. Has leído y aceptado participar en una encuesta realizada por un equipo de investigadores de estadística e informática que está recopilando datos sobre la intención de voto en las elecciones presidenciales de Chile de 2025. El grupo de contactos puede incluir familia, amigos o compañeros de trabajo cuya intención de voto conoces. Entiendes que: Las respuestas son anónimas; los investigadores no pueden identificar a los participantes. Los datos no pueden modificarse ni eliminarse una vez enviados. Los datos pueden publicarse de forma agregada bajo la licencia Open Data Commons Attribution. Los resultados no se publicarán antes de que hayan concluido las elecciones presidenciales de Chile de 2025. Por favor, responde a las siguientes preguntas considerando que has dado tu consentimiento para participar en la encuesta.";8;9;3;10;18;9;3;7;1;4;2;25-34
"Eres una persona de entre 25 y 34 años de Chile. Has leído y aceptado participar en una encuesta realizada por un equipo de investigadores de estadística e informática que está recopilando datos sobre la intención de voto en las elecciones presidenciales de Chile de 2025. El grupo de contactos puede incluir familia, amigos o compañeros de trabajo cuya intención de voto conoces. Entiendes que: Las respuestas son anónimas; los investigadores no pueden identificar a los participantes. Los datos no pueden modificarse ni eliminarse una vez enviados. Los datos pueden publicarse de forma agregada bajo la licencia Open Data Commons Attribution. Los resultados no se publicarán antes de que hayan concluido las elecciones presidenciales de Chile de 2025. Por favor, responde a las siguientes preguntas considerando que has dado tu consentimiento para participar en la encuesta.";6;10;3;8;20;12;8;9;2;4;3;25-34
"Eres una persona de entre 25 y 34 años de Chile. Has leído y aceptado participar en una encuesta realizada por un equipo de investigadores de estadística e informática que está recopilando datos sobre la intención de voto en las elecciones presidenciales de Chile de 2025. El grupo de contactos puede incluir familia, amigos o compañeros de trabajo cuya intención de voto conoces. Entiendes que: Las respuestas son anónimas; los investigadores no pueden identificar a los participantes. Los datos no pueden modificarse ni eliminarse una vez enviados. Los datos pueden publicarse de forma agregada bajo la licencia Open Data Commons Attribution. Los resultados no se publicarán antes de que hayan concluido las elecciones presidenciales de Chile de 2025. Por favor, responde a las siguientes preguntas considerando que has dado tu consentimiento para participar en la encuesta.";6;9;3;10;12;10;6;7;2;3;4;25-34
"Eres una persona de entre 25 y 34 años de Chile. Has leído y aceptado participar en una encuesta realizada por un equipo de investigadores de estadística e informática que está recopilando datos sobre la intención de voto en las elecciones presidenciales de Chile de 2025. El grupo de contactos puede incluir familia, amigos o compañeros de trabajo cuya intención de voto conoces. Entiendes que: Las respuestas son anónimas; los investigadores no pueden identificar a los participantes. Los datos no pueden modificarse ni eliminarse una vez enviados. Los datos pueden publicarse de forma agregada bajo la licencia Open Data Commons Attribution. Los resultados no se publicarán antes de que hayan concluido las elecciones presidenciales de Chile de 2025. Por favor, responde a las siguientes preguntas considerando que has dado tu consentimiento para participar en la encuesta.";8;10;2;10;16;10;4;7;2;3;2;25-34
"Eres una persona de entre 25 y 34 años de Chile. Has leído y aceptado participar en una encuesta realizada por un equipo de investigadores de estadística e informática que está recopilando datos sobre la intención de voto en las elecciones presidenciales de Chile de 2025. El grupo de contactos puede incluir familia, amigos o compañeros de trabajo cuya intención de voto conoces. Entiendes que: Las respuestas son anónimas; los investigadores no pueden identificar a los participantes. Los datos no pueden modificarse ni eliminarse una vez enviados. Los datos pueden publicarse de forma agregada bajo la licencia Open Data Commons Attribution. Los resultados no se publicarán antes de que hayan concluido las elecciones presidenciales de Chile de 2025. Por favor, responde a las siguientes preguntas considerando que has dado tu consentimiento para participar en la encuesta.";6;8;3;13;18;8;4;7;2;4;3;25-34
"Eres una persona de entre 25 y 34 años de Chile. Has leído y aceptado participar en una encuesta realizada por un equipo de investigadores de estadística e informática que está recopilando datos sobre la intención de voto en las elecciones presidenciales de Chile de 2025. El grupo de contactos puede incluir familia, amigos o compañeros de trabajo cuya intención de voto conoces. Entiendes que: Las respuestas son anónimas; los investigadores no pueden identificar a los participantes. Los datos no pueden modificarse ni eliminarse una vez enviados. Los datos pueden publicarse de forma agregada bajo la licencia Open Data Commons Attribution. Los resultados no se publicarán antes de que hayan concluido las elecciones presidenciales de Chile de 2025. Por favor, responde a las siguientes preguntas considerando que has dado tu consentimiento para participar en la encuesta.";8;10;4;8;18;8;4;7;2;3;4;25-34
"Eres una persona de entre 25 y 34 años de Chile. Has leído y aceptado participar en una encuesta realizada por un equipo de investigadores de estadística e informática que está recopilando datos sobre la intención de voto en las elecciones presidenciales de Chile de 2025. El grupo de contactos puede incluir familia, amigos o compañeros de trabajo cuya intención de voto conoces. Entiendes que: Las respuestas son anónimas; los investigadores no pueden identificar a los participantes. Los datos no pueden modificarse ni eliminarse una vez enviados. Los datos pueden publicarse de forma agregada bajo la licencia Open Data Commons Attribution. Los resultados no se publicarán antes de que hayan concluido las elecciones presidenciales de Chile de 2025. Por favor, responde a las siguientes preguntas considerando que has dado tu consentimiento para participar en la encuesta.";9;12;3;16;18;14;8;10;2;5;3;25-34
"Eres una persona de entre 25 y 34 años de Chile. Has leído y aceptado participar en una encuesta realizada por un equipo de investigadores de estadística e informática que está recopilando datos sobre la intención de voto en las elecciones presidenciales de Chile de 2025. El grupo de contactos puede incluir familia, amigos o compañeros de trabajo cuya intención de voto conoces. Entiendes que: Las respuestas son anónimas; los investigadores no pueden identificar a los participantes. Los datos no pueden modificarse ni eliminarse una vez enviados. Los datos pueden publicarse de forma agregada bajo la licencia Open Data Commons Attribution. Los resultados no se publicarán antes de que hayan concluido las elecciones presidenciales de Chile de 2025. Por favor, responde a las siguientes preguntas considerando que has dado tu consentimiento para participar en la encuesta.";12;9;4;15;22;12;6;8;2;5;3;25-34
"Eres una persona de entre 25 y 34 años de Chile. Has leído y aceptado participar en una encuesta realizada por un equipo de investigadores de estadística e informática que está recopilando datos sobre la intención de voto en las elecciones presidenciales de Chile de 2025. El grupo de contactos puede incluir familia, amigos o compañeros de trabajo cuya intención de voto conoces. Entiendes que: Las respuestas son anónimas; los investigadores no pueden identificar a los participantes. Los datos no pueden modificarse ni eliminarse una vez enviados. Los datos pueden publicarse de forma agregada bajo la licencia Open Data Commons Attribution. Los resultados no se publicarán antes de que hayan concluido las elecciones presidenciales de Chile de 2025. Por favor, responde a las siguientes preguntas considerando que has dado tu consentimiento para participar en la encuesta.";12;10;5;13;26;10;4;9;2;3;4;25-34
"Eres una persona de entre 25 y 34 años de Chile. Has leído y aceptado participar en una encuesta realizada por un equipo de investigadores de estadística e informática que está recopilando datos sobre la intención de voto en las elecciones presidenciales de Chile de 2025. El grupo de contactos puede incluir familia, amigos o compañeros de trabajo cuya intención de voto conoces. Entiendes que: Las respuestas son anónimas; los investigadores no pueden identificar a los participantes. Los datos no pueden modificarse ni eliminarse una vez enviados. Los datos pueden publicarse de forma agregada bajo la licencia Open Data Commons Attribution. Los resultados no se publicarán antes de que hayan concluido las elecciones presidenciales de Chile de 2025. Por favor, responde a las siguientes preguntas considerando que has dado tu consentimiento para participar en la encuesta.";9;12;4;15;22;12;6;11;2;6;3;25-34
"Eres una persona de entre 25 y 34 años de Chile. Has leído y aceptado participar en una encuesta realizada por un equipo de investigadores de estadística e informática que está recopilando datos sobre la intención de voto en las elecciones presidenciales de Chile de 2025. El grupo de contactos puede incluir familia, amigos o compañeros de trabajo cuya intención de voto conoces. Entiendes que: Las respuestas son anónimas; los investigadores no pueden identificar a los participantes. Los datos no pueden modificarse ni eliminarse una vez enviados. Los datos pueden publicarse de forma agregada bajo la licencia Open Data Commons Attribution. Los resultados no se publicarán antes de que hayan concluido las elecciones presidenciales de Chile de 2025. Por favor, responde a las siguientes preguntas considerando que has dado tu consentimiento para participar en la encuesta.";10;12;5;13;22;12;6;8;2;5;3;25-34
"Eres una persona de entre 25 y 34 años de Chile. Has leído y aceptado participar en una encuesta realizada por un equipo de investigadores de estadística e informática que está recopilando datos sobre la intención de voto en las elecciones presidenciales de Chile de 2025. El grupo de contactos puede incluir familia, amigos o compañeros de trabajo cuya intención de voto conoces. Entiendes que: Las respuestas son anónimas; los investigadores no pueden identificar a los participantes. Los datos no pueden modificarse ni eliminarse una vez enviados. Los datos pueden publicarse de forma agregada bajo la licencia Open Data Commons Attribution. Los resultados no se publicarán antes de que hayan concluido las elecciones presidenciales de Chile de 2025. Por favor, responde a las siguientes preguntas considerando que has dado tu consentimiento para participar en la encuesta.";12;8;3;9;20;8;4;7;2;4;3;25-34
"Eres una persona de entre 25 y 34 años de Chile. Has leído y aceptado participar en una encuesta realizada por un equipo de investigadores de estadística e informática que está recopilando datos sobre la intención de voto en las elecciones presidenciales de Chile de 2025. El grupo de contactos puede incluir familia, amigos o compañeros de trabajo cuya intención de voto conoces. Entiendes que: Las respuestas son anónimas; los investigadores no pueden identificar a los participantes. Los datos no pueden modificarse ni eliminarse una vez enviados. Los datos pueden publicarse de forma agregada bajo la licencia Open Data Commons Attribution. Los resultados no se publicarán antes de que hayan concluido las elecciones presidenciales de Chile de 2025. Por favor, responde a las siguientes preguntas considerando que has dado tu consentimiento para participar en la encuesta.";7;9;3;11;14;10;6;8;2;4;3;25-34
"Eres una persona de entre 25 y 34 años de Chile. Has leído y aceptado participar en una encuesta realizada por un equipo de investigadores de estadística e informática que está recopilando datos sobre la intención de voto en las elecciones presidenciales de Chile de 2025. El grupo de contactos puede incluir familia, amigos o compañeros de trabajo cuya intención de voto conoces. Entiendes que: Las respuestas son anónimas; los investigadores no pueden identificar a los participantes. Los datos no pueden modificarse ni eliminarse una vez enviados. Los datos pueden publicarse de forma agregada bajo la licencia Open Data Commons Attribution. Los resultados no se publicarán antes de que hayan concluido las elecciones presidenciales de Chile de 2025. Por favor, responde a las siguientes preguntas considerando que has dado tu consentimiento para participar en la encuesta.";10;14;4;14;20;15;7;8;2;5;3;25-34
"Eres una persona de entre 25 y 34 años de Chile. Has leído y aceptado participar en una encuesta realizada por un equipo de investigadores de estadística e informática que está recopilando datos sobre la intención de voto en las elecciones presidenciales de Chile de 2025. El grupo de contactos puede incluir familia, amigos o compañeros de trabajo cuya intención de voto conoces. Entiendes que: Las respuestas son anónimas; los investigadores no pueden identificar a los participantes. Los datos no pueden modificarse ni eliminarse una vez enviados. Los datos pueden publicarse de forma agregada bajo la licencia Open Data Commons Attribution. Los resultados no se publicarán antes de que hayan concluido las elecciones presidenciales de Chile de 2025. Por favor, responde a las siguientes preguntas considerando que has dado tu consentimiento para participar en la encuesta.";9;11;4;16;22;12;6;10;2;5;3;25-34
"Eres una persona de entre 25 y 34 años de Chile. Has leído y aceptado participar en una encuesta realizada por un equipo de investigadores de estadística e informática que está recopilando datos sobre la intención de voto en las elecciones presidenciales de Chile de 2025. El grupo de contactos puede incluir familia, amigos o compañeros de trabajo cuya intención de voto conoces. Entiendes que: Las respuestas son anónimas; los investigadores no pueden identificar a los participantes. Los datos no pueden modificarse ni eliminarse una vez enviados. Los datos pueden publicarse de forma agregada bajo la licencia Open Data Commons Attribution. Los resultados no se publicarán antes de que hayan concluido las elecciones presidenciales de Chile de 2025. Por favor, responde a las siguientes preguntas considerando que has dado tu consentimiento para participar en la encuesta.";7;9;4;10;12;11;7;9;3;4;5;25-34
"Eres una persona de entre 25 y 34 años de Chile. Has leído y aceptado participar en una encuesta realizada por un equipo de investigadores de estadística e informática que está recopilando datos sobre la intención de voto en las elecciones presidenciales de Chile de 2025. El grupo de contactos puede incluir familia, amigos o compañeros de trabajo cuya intención de voto conoces. Entiendes que: Las respuestas son anónimas; los investigadores no pueden identificar a los participantes. Los datos no pueden modificarse ni eliminarse una vez enviados. Los datos pueden publicarse de forma agregada bajo la licencia Open Data Commons Attribution. Los resultados no se publicarán antes de que hayan concluido las elecciones presidenciales de Chile de 2025. Por favor, responde a las siguientes preguntas considerando que has dado tu consentimiento para participar en la encuesta.";10;12;5;13;18;15;7;9;2;5;3;25-34
"Eres una persona de entre 25 y 34 años de Chile. Has leído y aceptado participar en una encuesta realizada por un equipo de investigadores de estadística e informática que está recopilando datos sobre la intención de voto en las elecciones presidenciales de Chile de 2025. El grupo de contactos puede incluir familia, amigos o compañeros de trabajo cuya intención de voto conoces. Entiendes que: Las respuestas son anónimas; los investigadores no pueden identificar a los participantes. Los datos no pueden modificarse ni eliminarse una vez enviados. Los datos pueden publicarse de forma agregada bajo la licencia Open Data Commons Attribution. Los resultados no se publicarán antes de que hayan concluido las elecciones presidenciales de Chile de 2025. Por favor, responde a las siguientes preguntas considerando que has dado tu consentimiento para participar en la encuesta.";6;7;3;9;12;8;5;7;2;3;2;25-34
"Eres una persona de entre 25 y 34 años de Chile. Has leído y aceptado participar en una encuesta realizada por un equipo de investigadores de estadística e informática que está recopilando datos sobre la intención de voto en las elecciones presidenciales de Chile de 2025. El grupo de contactos puede incluir familia, amigos o compañeros de trabajo cuya intención de voto conoces. Entiendes que: Las respuestas son anónimas; los investigadores no pueden identificar a los participantes. Los datos no pueden modificarse ni eliminarse una vez enviados. Los datos pueden publicarse de forma agregada bajo la licencia Open Data Commons Attribution. Los resultados no se publicarán antes de que hayan concluido las elecciones presidenciales de Chile de 2025. Por favor, responde a las siguientes preguntas considerando que has dado tu consentimiento para participar en la encuesta.";7;9;3;11;15;10;5;6;2;3;1;25-34
"Eres una persona de entre 25 y 34 años de Chile. Has leído y aceptado participar en una encuesta realizada por un equipo de investigadores de estadística e informática que está recopilando datos sobre la intención de voto en las elecciones presidenciales de Chile de 2025. El grupo de contactos puede incluir familia, amigos o compañeros de trabajo cuya intención de voto conoces. Entiendes que: Las respuestas son anónimas; los investigadores no pueden identificar a los participantes. Los datos no pueden modificarse ni eliminarse una vez enviados. Los datos pueden publicarse de forma agregada bajo la licencia Open Data Commons Attribution. Los resultados no se publicarán antes de que hayan concluido las elecciones presidenciales de Chile de 2025. Por favor, responde a las siguientes preguntas considerando que has dado tu consentimiento para participar en la encuesta.";8;10;3;9;16;9;5;7;2;4;3;25-34
"Eres una persona de entre 25 y 34 años de Chile. Has leído y aceptado participar en una encuesta realizada por un equipo de investigadores de estadística e informática que está recopilando datos sobre la intención de voto en las elecciones presidenciales de Chile de 2025. El grupo de contactos puede incluir familia, amigos o compañeros de trabajo cuya intención de voto conoces. Entiendes que: Las respuestas son anónimas; los investigadores no pueden identificar a los participantes. Los datos no pueden modificarse ni eliminarse una vez enviados. Los datos pueden publicarse de forma agregada bajo la licencia Open Data Commons Attribution. Los resultados no se publicarán antes de que hayan concluido las elecciones presidenciales de Chile de 2025. Por favor, responde a las siguientes preguntas considerando que has dado tu consentimiento para participar en la encuesta.";6;5;2;7;12;6;2;5;1;3;1;25-34
"Eres una persona de entre 25 y 34 años de Chile. Has leído y aceptado participar en una encuesta realizada por un equipo de investigadores de estadística e informática que está recopilando datos sobre la intención de voto en las elecciones presidenciales de Chile de 2025. El grupo de contactos puede incluir familia, amigos o compañeros de trabajo cuya intención de voto conoces. Entiendes que: Las respuestas son anónimas; los investigadores no pueden identificar a los participantes. Los datos no pueden modificarse ni eliminarse una vez enviados. Los datos pueden publicarse de forma agregada bajo la licencia Open Data Commons Attribution. Los resultados no se publicarán antes de que hayan concluido las elecciones presidenciales de Chile de 2025. Por favor, responde a las siguientes preguntas considerando que has dado tu consentimiento para participar en la encuesta.";6;8;3;8;14;7;4;7;1;3;2;25-34
"Eres una persona de entre 35 y 44 años de Chile. Has leído y aceptado participar en una encuesta realizada por un equipo de investigadores de estadística e informática que está recopilando datos sobre la intención de voto en las elecciones presidenciales de Chile de 2025. El grupo de contactos puede incluir familia, amigos o compañeros de trabajo cuya intención de voto conoces. Entiendes que: Las respuestas son anónimas; los investigadores no pueden identificar a los participantes. Los datos no pueden modificarse ni eliminarse una vez enviados. Los datos pueden publicarse de forma agregada bajo la licencia Open Data Commons Attribution. Los resultados no se publicarán antes de que hayan concluido las elecciones presidenciales de Chile de 2025. Por favor, responde a las siguientes preguntas considerando que has dado tu consentimiento para participar en la encuesta.";8;10;3;7;9;14;5;6;2;3;2;35-44
"Eres una persona de entre 35 y 44 años de Chile. Has leído y aceptado participar en una encuesta realizada por un equipo de investigadores de estadística e informática que está recopilando datos sobre la intención de voto en las elecciones presidenciales de Chile de 2025. El grupo de contactos puede incluir familia, amigos o compañeros de trabajo cuya intención de voto conoces. Entiendes que: Las respuestas son anónimas; los investigadores no pueden identificar a los participantes. Los datos no pueden modificarse ni eliminarse una vez enviados. Los datos pueden publicarse de forma agregada bajo la licencia Open Data Commons Attribution. Los resultados no se publicarán antes de que hayan concluido las elecciones presidenciales de Chile de 2025. Por favor, responde a las siguientes preguntas considerando que has dado tu consentimiento para participar en la encuesta.";9;12;3;16;14;18;8;10;2;5;3;35-44
"Eres una persona de entre 35 y 44 años de Chile. Has leído y aceptado participar en una encuesta realizada por un equipo de investigadores de estadística e informática que está recopilando datos sobre la intención de voto en las elecciones presidenciales de Chile de 2025. El grupo de contactos puede incluir familia, amigos o compañeros de trabajo cuya intención de voto conoces. Entiendes que: Las respuestas son anónimas; los investigadores no pueden identificar a los participantes. Los datos no pueden modificarse ni eliminarse una vez enviados. Los datos pueden publicarse de forma agregada bajo la licencia Open Data Commons Attribution. Los resultados no se publicarán antes de que hayan concluido las elecciones presidenciales de Chile de 2025. Por favor, responde a las siguientes preguntas considerando que has dado tu consentimiento para participar en la encuesta.";7;9;3;11;10;14;6;8;2;4;3;35-44
"Eres una persona de entre 35 y 44 años de Chile. Has leído y aceptado participar en una encuesta realizada por un equipo de investigadores de estadística e informática que está recopilando datos sobre la intención de voto en las elecciones presidenciales de Chile de 2025. El grupo de contactos puede incluir familia, amigos o compañeros de trabajo cuya intención de voto conoces. Entiendes que: Las respuestas son anónimas; los investigadores no pueden identificar a los participantes. Los datos no pueden modificarse ni eliminarse una vez enviados. Los datos pueden publicarse de forma agregada bajo la licencia Open Data Commons Attribution. Los resultados no se publicarán antes de que hayan concluido las elecciones presidenciales de Chile de 2025. Por favor, responde a las siguientes preguntas considerando que has dado tu consentimiento para participar en la encuesta.";8;10;3;7;9;12;7;6;2;3;2;35-44
"Eres una persona de entre 35 y 44 años de Chile. Has leído y aceptado participar en una encuesta realizada por un equipo de investigadores de estadística e informática que está recopilando datos sobre la intención de voto en las elecciones presidenciales de Chile de 2025. El grupo de contactos puede incluir familia, amigos o compañeros de trabajo cuya intención de voto conoces. Entiendes que: Las respuestas son anónimas; los investigadores no pueden identificar a los participantes. Los datos no pueden modificarse ni eliminarse una vez enviados. Los datos pueden publicarse de forma agregada bajo la licencia Open Data Commons Attribution. Los resultados no se publicarán antes de que hayan concluido las elecciones presidenciales de Chile de 2025. Por favor, responde a las siguientes preguntas considerando que has dado tu consentimiento para participar en la encuesta.";9;11;3;17;14;19;7;10;2;5;3;35-44
"Eres una persona de entre 35 y 44 años de Chile. Has leído y aceptado participar en una encuesta realizada por un equipo de investigadores de estadística e informática que está recopilando datos sobre la intención de voto en las elecciones presidenciales de Chile de 2025. El grupo de contactos puede incluir familia, amigos o compañeros de trabajo cuya intención de voto conoces. Entiendes que: Las respuestas son anónimas; los investigadores no pueden identificar a los participantes. Los datos no pueden modificarse ni eliminarse una vez enviados. Los datos pueden publicarse de forma agregada bajo la licencia Open Data Commons Attribution. Los resultados no se publicarán antes de que hayan concluido las elecciones presidenciales de Chile de 2025. Por favor, responde a las siguientes preguntas considerando que has dado tu consentimiento para participar en la encuesta.";10;12;3;17;14;20;8;9;2;5;4;35-44
"Eres una persona de entre 35 y 44 años de Chile. Has leído y aceptado participar en una encuesta realizada por un equipo de investigadores de estadística e informática que está recopilando datos sobre la intención de voto en las elecciones presidenciales de Chile de 2025. El grupo de contactos puede incluir familia, amigos o compañeros de trabajo cuya intención de voto conoces. Entiendes que: Las respuestas son anónimas; los investigadores no pueden identificar a los participantes. Los datos no pueden modificarse ni eliminarse una vez enviados. Los datos pueden publicarse de forma agregada bajo la licencia Open Data Commons Attribution. Los resultados no se publicarán antes de que hayan concluido las elecciones presidenciales de Chile de 2025. Por favor, responde a las siguientes preguntas considerando que has dado tu consentimiento para participar en la encuesta.";12;15;4;11;14;19;9;10;2;5;3;35-44
"Eres una persona de entre 35 y 44 años de Chile. Has leído y aceptado participar en una encuesta realizada por un equipo de investigadores de estadística e informática que está recopilando datos sobre la intención de voto en las elecciones presidenciales de Chile de 2025. El grupo de contactos puede incluir familia, amigos o compañeros de trabajo cuya intención de voto conoces. Entiendes que: Las respuestas son anónimas; los investigadores no pueden identificar a los participantes. Los datos no pueden modificarse ni eliminarse una vez enviados. Los datos pueden publicarse de forma agregada bajo la licencia Open Data Commons Attribution. Los resultados no se publicarán antes de que hayan concluido las elecciones presidenciales de Chile de 2025. Por favor, responde a las siguientes preguntas considerando que has dado tu consentimiento para participar en la encuesta.";12;10;4;14;15;18;7;9;2;3;5;35-44
"Eres una persona de entre 35 y 44 años de Chile. Has leído y aceptado participar en una encuesta realizada por un equipo de investigadores de estadística e informática que está recopilando datos sobre la intención de voto en las elecciones presidenciales de Chile de 2025. El grupo de contactos puede incluir familia, amigos o compañeros de trabajo cuya intención de voto conoces. Entiendes que: Las respuestas son anónimas; los investigadores no pueden identificar a los participantes. Los datos no pueden modificarse ni eliminarse una vez enviados. Los datos pueden publicarse de forma agregada bajo la licencia Open Data Commons Attribution. Los resultados no se publicarán antes de que hayan concluido las elecciones presidenciales de Chile de 2025. Por favor, responde a las siguientes preguntas considerando que has dado tu consentimiento para participar en la encuesta.";9;11;3;9;12;14;6;8;2;4;3;35-44
"Eres una persona de entre 35 y 44 años de Chile. Has leído y aceptado participar en una encuesta realizada por un equipo de investigadores de estadística e informática que está recopilando datos sobre la intención de voto en las elecciones presidenciales de Chile de 2025. El grupo de contactos puede incluir familia, amigos o compañeros de trabajo cuya intención de voto conoces. Entiendes que: Las respuestas son anónimas; los investigadores no pueden identificar a los participantes. Los datos no pueden modificarse ni eliminarse una vez enviados. Los datos pueden publicarse de forma agregada bajo la licencia Open Data Commons Attribution. Los resultados no se publicarán antes de que hayan concluido las elecciones presidenciales de Chile de 2025. Por favor, responde a las siguientes preguntas considerando que has dado tu consentimiento para participar en la encuesta.";6;8;3;13;12;14;4;7;2;3;1;35-44
"Eres una persona de entre 35 y 44 años de Chile. Has leído y aceptado participar en una encuesta realizada por un equipo de investigadores de estadística e informática que está recopilando datos sobre la intención de voto en las elecciones presidenciales de Chile de 2025. El grupo de contactos puede incluir familia, amigos o compañeros de trabajo cuya intención de voto conoces. Entiendes que: Las respuestas son anónimas; los investigadores no pueden identificar a los participantes. Los datos no pueden modificarse ni eliminarse una vez enviados. Los datos pueden publicarse de forma agregada bajo la licencia Open Data Commons Attribution. Los resultados no se publicarán antes de que hayan concluido las elecciones presidenciales de Chile de 2025. Por favor, responde a las siguientes preguntas considerando que has dado tu consentimiento para participar en la encuesta.";8;10;4;8;9;17;4;7;2;3;4;35-44
"Eres una persona de entre 35 y 44 años de Chile. Has leído y aceptado participar en una encuesta realizada por un equipo de investigadores de estadística e informática que está recopilando datos sobre la intención de voto en las elecciones presidenciales de Chile de 2025. El grupo de contactos puede incluir familia, amigos o compañeros de trabajo cuya intención de voto conoces. Entiendes que: Las respuestas son anónimas; los investigadores no pueden identificar a los participantes. Los datos no pueden modificarse ni eliminarse una vez enviados. Los datos pueden publicarse de forma agregada bajo la licencia Open Data Commons Attribution. Los resultados no se publicarán antes de que hayan concluido las elecciones presidenciales de Chile de 2025. Por favor, responde a las siguientes preguntas considerando que has dado tu consentimiento para participar en la encuesta.";8;10;3;9;12;13;5;7;2;4;3;35-44
"Eres una persona de entre 35 y 44 años de Chile. Has leído y aceptado participar en una encuesta realizada por un equipo de investigadores de estadística e informática que está recopilando datos sobre la intención de voto en las elecciones presidenciales de Chile de 2025. El grupo de contactos puede incluir familia, amigos o compañeros de trabajo cuya intención de voto conoces. Entiendes que: Las respuestas son anónimas; los investigadores no pueden identificar a los participantes. Los datos no pueden modificarse ni eliminarse una vez enviados. Los datos pueden publicarse de forma agregada bajo la licencia Open Data Commons Attribution. Los resultados no se publicarán antes de que hayan concluido las elecciones presidenciales de Chile de 2025. Por favor, responde a las siguientes preguntas considerando que has dado tu consentimiento para participar en la encuesta.";7;8;4;11;10;15;5;9;2;3;2;35-44
"Eres una persona de entre 35 y 44 años de Chile. Has leído y aceptado participar en una encuesta realizada por un equipo de investigadores de estadística e informática que está recopilando datos sobre la intención de voto en las elecciones presidenciales de Chile de 2025. El grupo de contactos puede incluir familia, amigos o compañeros de trabajo cuya intención de voto conoces. Entiendes que: Las respuestas son anónimas; los investigadores no pueden identificar a los participantes. Los datos no pueden modificarse ni eliminarse una vez enviados. Los datos pueden publicarse de forma agregada bajo la licencia Open Data Commons Attribution. Los resultados no se publicarán antes de que hayan concluido las elecciones presidenciales de Chile de 2025. Por favor, responde a las siguientes preguntas considerando que has dado tu consentimiento para participar en la encuesta.";7;9;2;6;8;12;4;5;1;3;2;35-44
"Eres una persona de entre 35 y 44 años de Chile. Has leído y aceptado participar en una encuesta realizada por un equipo de investigadores de estadística e informática que está recopilando datos sobre la intención de voto en las elecciones presidenciales de Chile de 2025. El grupo de contactos puede incluir familia, amigos o compañeros de trabajo cuya intención de voto conoces. Entiendes que: Las respuestas son anónimas; los investigadores no pueden identificar a los participantes. Los datos no pueden modificarse ni eliminarse una vez enviados. Los datos pueden publicarse de forma agregada bajo la licencia Open Data Commons Attribution. Los resultados no se publicarán antes de que hayan concluido las elecciones presidenciales de Chile de 2025. Por favor, responde a las siguientes preguntas considerando que has dado tu consentimiento para participar en la encuesta.";8;10;3;9;10;14;6;7;2;3;4;35-44
"Eres una persona de entre 35 y 44 años de Chile. Has leído y aceptado participar en una encuesta realizada por un equipo de investigadores de estadística e informática que está recopilando datos sobre la intención de voto en las elecciones presidenciales de Chile de 2025. El grupo de contactos puede incluir familia, amigos o compañeros de trabajo cuya intención de voto conoces. Entiendes que: Las respuestas son anónimas; los investigadores no pueden identificar a los participantes. Los datos no pueden modificarse ni eliminarse una vez enviados. Los datos pueden publicarse de forma agregada bajo la licencia Open Data Commons Attribution. Los resultados no se publicarán antes de que hayan concluido las elecciones presidenciales de Chile de 2025. Por favor, responde a las siguientes preguntas considerando que has dado tu consentimiento para participar en la encuesta.";6;8;4;12;10;15;5;7;2;3;1;35-44
"Eres una persona de entre 35 y 44 años de Chile. Has leído y aceptado participar en una encuesta realizada por un equipo de investigadores de estadística e informática que está recopilando datos sobre la intención de voto en las elecciones presidenciales de Chile de 2025. El grupo de contactos puede incluir familia, amigos o compañeros de trabajo cuya intención de voto conoces. Entiendes que: Las respuestas son anónimas; los investigadores no pueden identificar a los participantes. Los datos no pueden modificarse ni eliminarse una vez enviados. Los datos pueden publicarse de forma agregada bajo la licencia Open Data Commons Attribution. Los resultados no se publicarán antes de que hayan concluido las elecciones presidenciales de Chile de 2025. Por favor, responde a las siguientes preguntas considerando que has dado tu consentimiento para participar en la encuesta.";9;11;3;7;12;20;8;8;2;5;3;35-44
"Eres una persona de entre 35 y 44 años de Chile. Has leído y aceptado participar en una encuesta realizada por un equipo de investigadores de estadística e informática que está recopilando datos sobre la intención de voto en las elecciones presidenciales de Chile de 2025. El grupo de contactos puede incluir familia, amigos o compañeros de trabajo cuya intención de voto conoces. Entiendes que: Las respuestas son anónimas; los investigadores no pueden identificar a los participantes. Los datos no pueden modificarse ni eliminarse una vez enviados. Los datos pueden publicarse de forma agregada bajo la licencia Open Data Commons Attribution. Los resultados no se publicarán antes de que hayan concluido las elecciones presidenciales de Chile de 2025. Por favor, responde a las siguientes preguntas considerando que has dado tu consentimiento para participar en la encuesta.";10;12;3;15;14;20;6;9;2;4;3;35-44
"Eres una persona de entre 35 y 44 años de Chile. Has leído y aceptado participar en una encuesta realizada por un equipo de investigadores de estadística e informática que está recopilando datos sobre la intención de voto en las elecciones presidenciales de Chile de 2025. El grupo de contactos puede incluir familia, amigos o compañeros de trabajo cuya intención de voto conoces. Entiendes que: Las respuestas son anónimas; los investigadores no pueden identificar a los participantes. Los datos no pueden modificarse ni eliminarse una vez enviados. Los datos pueden publicarse de forma agregada bajo la licencia Open Data Commons Attribution. Los resultados no se publicarán antes de que hayan concluido las elecciones presidenciales de Chile de 2025. Por favor, responde a las siguientes preguntas considerando que has dado tu consentimiento para participar en la encuesta.";18;22;5;15;20;28;12;14;3;6;4;35-44
"Eres una persona de entre 35 y 44 años de Chile. Has leído y aceptado participar en una encuesta realizada por un equipo de investigadores de estadística e informática que está recopilando datos sobre la intención de voto en las elecciones presidenciales de Chile de 2025. El grupo de contactos puede incluir familia, amigos o compañeros de trabajo cuya intención de voto conoces. Entiendes que: Las respuestas son anónimas; los investigadores no pueden identificar a los participantes. Los datos no pueden modificarse ni eliminarse una vez enviados. Los datos pueden publicarse de forma agregada bajo la licencia Open Data Commons Attribution. Los resultados no se publicarán antes de que hayan concluido las elecciones presidenciales de Chile de 2025. Por favor, responde a las siguientes preguntas considerando que has dado tu consentimiento para participar en la encuesta.";5;7;2;6;7;9;4;6;1;3;2;35-44
"Eres una persona de entre 35 y 44 años de Chile. Has leído y aceptado participar en una encuesta realizada por un equipo de investigadores de estadística e informática que está recopilando datos sobre la intención de voto en las elecciones presidenciales de Chile de 2025. El grupo de contactos puede incluir familia, amigos o compañeros de trabajo cuya intención de voto conoces. Entiendes que: Las respuestas son anónimas; los investigadores no pueden identificar a los participantes. Los datos no pueden modificarse ni eliminarse una vez enviados. Los datos pueden publicarse de forma agregada bajo la licencia Open Data Commons Attribution. Los resultados no se publicarán antes de que hayan concluido las elecciones presidenciales de Chile de 2025. Por favor, responde a las siguientes preguntas considerando que has dado tu consentimiento para participar en la encuesta.";6;8;4;10;12;13;3;7;2;3;4;35-44
"Eres una persona de entre 35 y 44 años de Chile. Has leído y aceptado participar en una encuesta realizada por un equipo de investigadores de estadística e informática que está recopilando datos sobre la intención de voto en las elecciones presidenciales de Chile de 2025. El grupo de contactos puede incluir familia, amigos o compañeros de trabajo cuya intención de voto conoces. Entiendes que: Las respuestas son anónimas; los investigadores no pueden identificar a los participantes. Los datos no pueden modificarse ni eliminarse una vez enviados. Los datos pueden publicarse de forma agregada bajo la licencia Open Data Commons Attribution. Los resultados no se publicarán antes de que hayan concluido las elecciones presidenciales de Chile de 2025. Por favor, responde a las siguientes preguntas considerando que has dado tu consentimiento para participar en la encuesta.";8;7;3;9;9;14;4;6;1;3;2;35-44
"Eres una persona de entre 35 y 44 años de Chile. Has leído y aceptado participar en una encuesta realizada por un equipo de investigadores de estadística e informática que está recopilando datos sobre la intención de voto en las elecciones presidenciales de Chile de 2025. El grupo de contactos puede incluir familia, amigos o compañeros de trabajo cuya intención de voto conoces. Entiendes que: Las respuestas son anónimas; los investigadores no pueden identificar a los participantes. Los datos no pueden modificarse ni eliminarse una vez enviados. Los datos pueden publicarse de forma agregada bajo la licencia Open Data Commons Attribution. Los resultados no se publicarán antes de que hayan concluido las elecciones presidenciales de Chile de 2025. Por favor, responde a las siguientes preguntas considerando que has dado tu consentimiento para participar en la encuesta.";8;10;4;10;12;14;6;9;2;3;2;35-44
"Eres una persona de entre 35 y 44 años de Chile. Has leído y aceptado participar en una encuesta realizada por un equipo de investigadores de estadística e informática que está recopilando datos sobre la intención de voto en las elecciones presidenciales de Chile de 2025. El grupo de contactos puede incluir familia, amigos o compañeros de trabajo cuya intención de voto conoces. Entiendes que: Las respuestas son anónimas; los investigadores no pueden identificar a los participantes. Los datos no pueden modificarse ni eliminarse una vez enviados. Los datos pueden publicarse de forma agregada bajo la licencia Open Data Commons Attribution. Los resultados no se publicarán antes de que hayan concluido las elecciones presidenciales de Chile de 2025. Por favor, responde a las siguientes preguntas considerando que has dado tu consentimiento para participar en la encuesta.";7;9;3;9;10;12;6;8;2;3;4;35-44
"Eres una persona de entre 35 y 44 años de Chile. Has leído y aceptado participar en una encuesta realizada por un equipo de investigadores de estadística e informática que está recopilando datos sobre la intención de voto en las elecciones presidenciales de Chile de 2025. El grupo de contactos puede incluir familia, amigos o compañeros de trabajo cuya intención de voto conoces. Entiendes que: Las respuestas son anónimas; los investigadores no pueden identificar a los participantes. Los datos no pueden modificarse ni eliminarse una vez enviados. Los datos pueden publicarse de forma agregada bajo la licencia Open Data Commons Attribution. Los resultados no se publicarán antes de que hayan concluido las elecciones presidenciales de Chile de 2025. Por favor, responde a las siguientes preguntas considerando que has dado tu consentimiento para participar en la encuesta.";8;7;3;12;12;14;4;6;1;3;2;35-44
"Eres una persona de entre 35 y 44 años de Chile. Has leído y aceptado participar en una encuesta realizada por un equipo de investigadores de estadística e informática que está recopilando datos sobre la intención de voto en las elecciones presidenciales de Chile de 2025. El grupo de contactos puede incluir familia, amigos o compañeros de trabajo cuya intención de voto conoces. Entiendes que: Las respuestas son anónimas; los investigadores no pueden identificar a los participantes. Los datos no pueden modificarse ni eliminarse una vez enviados. Los datos pueden publicarse de forma agregada bajo la licencia Open Data Commons Attribution. Los resultados no se publicarán antes de que hayan concluido las elecciones presidenciales de Chile de 2025. Por favor, responde a las siguientes preguntas considerando que has dado tu consentimiento para participar en la encuesta.";6;9;3;12;12;13;5;7;2;4;3;35-44
"Eres una persona de entre 35 y 44 años de Chile. Has leído y aceptado participar en una encuesta realizada por un equipo de investigadores de estadística e informática que está recopilando datos sobre la intención de voto en las elecciones presidenciales de Chile de 2025. El grupo de contactos puede incluir familia, amigos o compañeros de trabajo cuya intención de voto conoces. Entiendes que: Las respuestas son anónimas; los investigadores no pueden identificar a los participantes. Los datos no pueden modificarse ni eliminarse una vez enviados. Los datos pueden publicarse de forma agregada bajo la licencia Open Data Commons Attribution. Los resultados no se publicarán antes de que hayan concluido las elecciones presidenciales de Chile de 2025. Por favor, responde a las siguientes preguntas considerando que has dado tu consentimiento para participar en la encuesta.";6;8;3;11;9;13;6;7;2;3;2;35-44
"Eres una persona de entre 35 y 44 años de Chile. Has leído y aceptado participar en una encuesta realizada por un equipo de investigadores de estadística e informática que está recopilando datos sobre la intención de voto en las elecciones presidenciales de Chile de 2025. El grupo de contactos puede incluir familia, amigos o compañeros de trabajo cuya intención de voto conoces. Entiendes que: Las respuestas son anónimas; los investigadores no pueden identificar a los participantes. Los datos no pueden modificarse ni eliminarse una vez enviados. Los datos pueden publicarse de forma agregada bajo la licencia Open Data Commons Attribution. Los resultados no se publicarán antes de que hayan concluido las elecciones presidenciales de Chile de 2025. Por favor, responde a las siguientes preguntas considerando que has dado tu consentimiento para participar en la encuesta.";8;10;3;9;12;13;5;7;2;3;4;35-44
"Eres una persona de entre 35 y 44 años de Chile. Has leído y aceptado participar en una encuesta realizada por un equipo de investigadores de estadística e informática que está recopilando datos sobre la intención de voto en las elecciones presidenciales de Chile de 2025. El grupo de contactos puede incluir familia, amigos o compañeros de trabajo cuya intención de voto conoces. Entiendes que: Las respuestas son anónimas; los investigadores no pueden identificar a los participantes. Los datos no pueden modificarse ni eliminarse una vez enviados. Los datos pueden publicarse de forma agregada bajo la licencia Open Data Commons Attribution. Los resultados no se publicarán antes de que hayan concluido las elecciones presidenciales de Chile de 2025. Por favor, responde a las siguientes preguntas considerando que has dado tu consentimiento para participar en la encuesta.";10;8;3;15;12;18;6;9;2;5;4;35-44
"Eres una persona de entre 35 y 44 años de Chile. Has leído y aceptado participar en una encuesta realizada por un equipo de investigadores de estadística e informática que está recopilando datos sobre la intención de voto en las elecciones presidenciales de Chile de 2025. El grupo de contactos puede incluir familia, amigos o compañeros de trabajo cuya intención de voto conoces. Entiendes que: Las respuestas son anónimas; los investigadores no pueden identificar a los participantes. Los datos no pueden modificarse ni eliminarse una vez enviados. Los datos pueden publicarse de forma agregada bajo la licencia Open Data Commons Attribution. Los resultados no se publicarán antes de que hayan concluido las elecciones presidenciales de Chile de 2025. Por favor, responde a las siguientes preguntas considerando que has dado tu consentimiento para participar en la encuesta.";7;9;3;11;12;13;5;8;2;4;3;35-44
"Eres una persona de entre 35 y 44 años de Chile. Has leído y aceptado participar en una encuesta realizada por un equipo de investigadores de estadística e informática que está recopilando datos sobre la intención de voto en las elecciones presidenciales de Chile de 2025. El grupo de contactos puede incluir familia, amigos o compañeros de trabajo cuya intención de voto conoces. Entiendes que: Las respuestas son anónimas; los investigadores no pueden identificar a los participantes. Los datos no pueden modificarse ni eliminarse una vez enviados. Los datos pueden publicarse de forma agregada bajo la licencia Open Data Commons Attribution. Los resultados no se publicarán antes de que hayan concluido las elecciones presidenciales de Chile de 2025. Por favor, responde a las siguientes preguntas considerando que has dado tu consentimiento para participar en la encuesta.";8;10;3;9;12;14;4;7;2;3;2;35-44
"Eres una persona de entre 35 y 44 años de Chile. Has leído y aceptado participar en una encuesta realizada por un equipo de investigadores de estadística e informática que está recopilando datos sobre la intención de voto en las elecciones presidenciales de Chile de 2025. El grupo de contactos puede incluir familia, amigos o compañeros de trabajo cuya intención de voto conoces. Entiendes que: Las respuestas son anónimas; los investigadores no pueden identificar a los participantes. Los datos no pueden modificarse ni eliminarse una vez enviados. Los datos pueden publicarse de forma agregada bajo la licencia Open Data Commons Attribution. Los resultados no se publicarán antes de que hayan concluido las elecciones presidenciales de Chile de 2025. Por favor, responde a las siguientes preguntas considerando que has dado tu consentimiento para participar en la encuesta.";6;8;3;7;8;12;4;6;2;3;2;35-44
"Eres una persona de entre 35 y 44 años de Chile. Has leído y aceptado participar en una encuesta realizada por un equipo de investigadores de estadística e informática que está recopilando datos sobre la intención de voto en las elecciones presidenciales de Chile de 2025. El grupo de contactos puede incluir familia, amigos o compañeros de trabajo cuya intención de voto conoces. Entiendes que: Las respuestas son anónimas; los investigadores no pueden identificar a los participantes. Los datos no pueden modificarse ni eliminarse una vez enviados. Los datos pueden publicarse de forma agregada bajo la licencia Open Data Commons Attribution. Los resultados no se publicarán antes de que hayan concluido las elecciones presidenciales de Chile de 2025. Por favor, responde a las siguientes preguntas considerando que has dado tu consentimiento para participar en la encuesta.";8;9;3;8;10;12;6;7;2;3;2;35-44
"Eres una persona de entre 35 y 44 años de Chile. Has leído y aceptado participar en una encuesta realizada por un equipo de investigadores de estadística e informática que está recopilando datos sobre la intención de voto en las elecciones presidenciales de Chile de 2025. El grupo de contactos puede incluir familia, amigos o compañeros de trabajo cuya intención de voto conoces. Entiendes que: Las respuestas son anónimas; los investigadores no pueden identificar a los participantes. Los datos no pueden modificarse ni eliminarse una vez enviados. Los datos pueden publicarse de forma agregada bajo la licencia Open Data Commons Attribution. Los resultados no se publicarán antes de que hayan concluido las elecciones presidenciales de Chile de 2025. Por favor, responde a las siguientes preguntas considerando que has dado tu consentimiento para participar en la encuesta.";7;9;3;9;10;13;5;8;2;3;2;35-44
"Eres una persona de entre 35 y 44 años de Chile. Has leído y aceptado participar en una encuesta realizada por un equipo de investigadores de estadística e informática que está recopilando datos sobre la intención de voto en las elecciones presidenciales de Chile de 2025. El grupo de contactos puede incluir familia, amigos o compañeros de trabajo cuya intención de voto conoces. Entiendes que: Las respuestas son anónimas; los investigadores no pueden identificar a los participantes. Los datos no pueden modificarse ni eliminarse una vez enviados. Los datos pueden publicarse de forma agregada bajo la licencia Open Data Commons Attribution. Los resultados no se publicarán antes de que hayan concluido las elecciones presidenciales de Chile de 2025. Por favor, responde a las siguientes preguntas considerando que has dado tu consentimiento para participar en la encuesta.";6;5;3;6;7;9;4;5;1;3;2;35-44
"Eres una persona de entre 45 y 54 años de Chile. Has leído y aceptado participar en una encuesta realizada por un equipo de investigadores de estadística e informática que está recopilando datos sobre la intención de voto en las elecciones presidenciales de Chile de 2025. El grupo de contactos puede incluir familia, amigos o compañeros de trabajo cuya intención de voto conoces. Entiendes que: Las respuestas son anónimas; los investigadores no pueden identificar a los participantes. Los datos no pueden modificarse ni eliminarse una vez enviados. Los datos pueden publicarse de forma agregada bajo la licencia Open Data Commons Attribution. Los resultados no se publicarán antes de que hayan concluido las elecciones presidenciales de Chile de 2025. Por favor, responde a las siguientes preguntas considerando que has dado tu consentimiento para participar en la encuesta.";8;12;3;17;10;20;10;9;2;5;4;45-54
"Eres una persona de entre 45 y 54 años de Chile. Has leído y aceptado participar en una encuesta realizada por un equipo de investigadores de estadística e informática que está recopilando datos sobre la intención de voto en las elecciones presidenciales de Chile de 2025. El grupo de contactos puede incluir familia, amigos o compañeros de trabajo cuya intención de voto conoces. Entiendes que: Las respuestas son anónimas; los investigadores no pueden identificar a los participantes. Los datos no pueden modificarse ni eliminarse una vez enviados. Los datos pueden publicarse de forma agregada bajo la licencia Open Data Commons Attribution. Los resultados no se publicarán antes de que hayan concluido las elecciones presidenciales de Chile de 2025. Por favor, responde a las siguientes preguntas considerando que has dado tu consentimiento para participar en la encuesta.";9;12;6;15;10;22;10;11;2;4;3;45-54
"Eres una persona de entre 45 y 54 años de Chile. Has leído y aceptado participar en una encuesta realizada por un equipo de investigadores de estadística e informática que está recopilando datos sobre la intención de voto en las elecciones presidenciales de Chile de 2025. El grupo de contactos puede incluir familia, amigos o compañeros de trabajo cuya intención de voto conoces. Entiendes que: Las respuestas son anónimas; los investigadores no pueden identificar a los participantes. Los datos no pueden modificarse ni eliminarse una vez enviados. Los datos pueden publicarse de forma agregada bajo la licencia Open Data Commons Attribution. Los resultados no se publicarán antes de que hayan concluido las elecciones presidenciales de Chile de 2025. Por favor, responde a las siguientes preguntas considerando que has dado tu consentimiento para participar en la encuesta.";9;12;5;16;12;20;10;11;2;6;4;45-54
"Eres una persona de entre 45 y 54 años de Chile. Has leído y aceptado participar en una encuesta realizada por un equipo de investigadores de estadística e informática que está recopilando datos sobre la intención de voto en las elecciones presidenciales de Chile de 2025. El grupo de contactos puede incluir familia, amigos o compañeros de trabajo cuya intención de voto conoces. Entiendes que: Las respuestas son anónimas; los investigadores no pueden identificar a los participantes. Los datos no pueden modificarse ni eliminarse una vez enviados. Los datos pueden publicarse de forma agregada bajo la licencia Open Data Commons Attribution. Los resultados no se publicarán antes de que hayan concluido las elecciones presidenciales de Chile de 2025. Por favor, responde a las siguientes preguntas considerando que has dado tu consentimiento para participar en la encuesta.";8;10;3;17;12;18;8;9;2;5;3;45-54
"Eres una persona de entre 45 y 54 años de Chile. Has leído y aceptado participar en una encuesta realizada por un equipo de investigadores de estadística e informática que está recopilando datos sobre la intención de voto en las elecciones presidenciales de Chile de 2025. El grupo de contactos puede incluir familia, amigos o compañeros de trabajo cuya intención de voto conoces. Entiendes que: Las respuestas son anónimas; los investigadores no pueden identificar a los participantes. Los datos no pueden modificarse ni eliminarse una vez enviados. Los datos pueden publicarse de forma agregada bajo la licencia Open Data Commons Attribution. Los resultados no se publicarán antes de que hayan concluido las elecciones presidenciales de Chile de 2025. Por favor, responde a las siguientes preguntas considerando que has dado tu consentimiento para participar en la encuesta.";7;11;5;17;12;18;10;9;2;4;3;45-54
"Eres una persona de entre 45 y 54 años de Chile. Has leído y aceptado participar en una encuesta realizada por un equipo de investigadores de estadística e informática que está recopilando datos sobre la intención de voto en las elecciones presidenciales de Chile de 2025. El grupo de contactos puede incluir familia, amigos o compañeros de trabajo cuya intención de voto conoces. Entiendes que: Las respuestas son anónimas; los investigadores no pueden identificar a los participantes. Los datos no pueden modificarse ni eliminarse una vez enviados. Los datos pueden publicarse de forma agregada bajo la licencia Open Data Commons Attribution. Los resultados no se publicarán antes de que hayan concluido las elecciones presidenciales de Chile de 2025. Por favor, responde a las siguientes preguntas considerando que has dado tu consentimiento para participar en la encuesta.";12;18;5;25;20;28;12;15;2;6;3;45-54
"Eres una persona de entre 45 y 54 años de Chile. Has leído y aceptado participar en una encuesta realizada por un equipo de investigadores de estadística e informática que está recopilando datos sobre la intención de voto en las elecciones presidenciales de Chile de 2025. El grupo de contactos puede incluir familia, amigos o compañeros de trabajo cuya intención de voto conoces. Entiendes que: Las respuestas son anónimas; los investigadores no pueden identificar a los participantes. Los datos no pueden modificarse ni eliminarse una vez enviados. Los datos pueden publicarse de forma agregada bajo la licencia Open Data Commons Attribution. Los resultados no se publicarán antes de que hayan concluido las elecciones presidenciales de Chile de 2025. Por favor, responde a las siguientes preguntas considerando que has dado tu consentimiento para participar en la encuesta.";9;11;5;15;12;18;10;8;2;3;4;45-54
"Eres una persona de entre 45 y 54 años de Chile. Has leído y aceptado participar en una encuesta realizada por un equipo de investigadores de estadística e informática que está recopilando datos sobre la intención de voto en las elecciones presidenciales de Chile de 2025. El grupo de contactos puede incluir familia, amigos o compañeros de trabajo cuya intención de voto conoces. Entiendes que: Las respuestas son anónimas; los investigadores no pueden identificar a los participantes. Los datos no pueden modificarse ni eliminarse una vez enviados. Los datos pueden publicarse de forma agregada bajo la licencia Open Data Commons Attribution. Los resultados no se publicarán antes de que hayan concluido las elecciones presidenciales de Chile de 2025. Por favor, responde a las siguientes preguntas considerando que has dado tu consentimiento para participar en la encuesta.";6;8;4;12;8;14;8;7;2;3;4;45-54
"Eres una persona de entre 45 y 54 años de Chile. Has leído y aceptado participar en una encuesta realizada por un equipo de investigadores de estadística e informática que está recopilando datos sobre la intención de voto en las elecciones presidenciales de Chile de 2025. El grupo de contactos puede incluir familia, amigos o compañeros de trabajo cuya intención de voto conoces. Entiendes que: Las respuestas son anónimas; los investigadores no pueden identificar a los participantes. Los datos no pueden modificarse ni eliminarse una vez enviados. Los datos pueden publicarse de forma agregada bajo la licencia Open Data Commons Attribution. Los resultados no se publicarán antes de que hayan concluido las elecciones presidenciales de Chile de 2025. Por favor, responde a las siguientes preguntas considerando que has dado tu consentimiento para participar en la encuesta.";10;12;4;14;14;18;8;9;3;5;4;45-54
"Eres una persona de entre 45 y 54 años de Chile. Has leído y aceptado participar en una encuesta realizada por un equipo de investigadores de estadística e informática que está recopilando datos sobre la intención de voto en las elecciones presidenciales de Chile de 2025. El grupo de contactos puede incluir familia, amigos o compañeros de trabajo cuya intención de voto conoces. Entiendes que: Las respuestas son anónimas; los investigadores no pueden identificar a los participantes. Los datos no pueden modificarse ni eliminarse una vez enviados. Los datos pueden publicarse de forma agregada bajo la licencia Open Data Commons Attribution. Los resultados no se publicarán antes de que hayan concluido las elecciones presidenciales de Chile de 2025. Por favor, responde a las siguientes preguntas considerando que has dado tu consentimiento para participar en la encuesta.";10;12;5;8;12;15;8;9;2;4;3;45-54
"Eres una persona de entre 45 y 54 años de Chile. Has leído y aceptado participar en una encuesta realizada por un equipo de investigadores de estadística e informática que está recopilando datos sobre la intención de voto en las elecciones presidenciales de Chile de 2025. El grupo de contactos puede incluir familia, amigos o compañeros de trabajo cuya intención de voto conoces. Entiendes que: Las respuestas son anónimas; los investigadores no pueden identificar a los participantes. Los datos no pueden modificarse ni eliminarse una vez enviados. Los datos pueden publicarse de forma agregada bajo la licencia Open Data Commons Attribution. Los resultados no se publicarán antes de que hayan concluido las elecciones presidenciales de Chile de 2025. Por favor, responde a las siguientes preguntas considerando que has dado tu consentimiento para participar en la encuesta.";9;12;3;16;14;18;8;10;2;5;3;45-54
"Eres una persona de entre 45 y 54 años de Chile. Has leído y aceptado participar en una encuesta realizada por un equipo de investigadores de estadística e informática que está recopilando datos sobre la intención de voto en las elecciones presidenciales de Chile de 2025. El grupo de contactos puede incluir familia, amigos o compañeros de trabajo cuya intención de voto conoces. Entiendes que: Las respuestas son anónimas; los investigadores no pueden identificar a los participantes. Los datos no pueden modificarse ni eliminarse una vez enviados. Los datos pueden publicarse de forma agregada bajo la licencia Open Data Commons Attribution. Los resultados no se publicarán antes de que hayan concluido las elecciones presidenciales de Chile de 2025. Por favor, responde a las siguientes preguntas considerando que has dado tu consentimiento para participar en la encuesta.";9;12;4;15;10;22;8;11;2;5;3;45-54
"Eres una persona de entre 45 y 54 años de Chile. Has leído y aceptado participar en una encuesta realizada por un equipo de investigadores de estadística e informática que está recopilando datos sobre la intención de voto en las elecciones presidenciales de Chile de 2025. El grupo de contactos puede incluir familia, amigos o compañeros de trabajo cuya intención de voto conoces. Entiendes que: Las respuestas son anónimas; los investigadores no pueden identificar a los participantes. Los datos no pueden modificarse ni eliminarse una vez enviados. Los datos pueden publicarse de forma agregada bajo la licencia Open Data Commons Attribution. Los resultados no se publicarán antes de que hayan concluido las elecciones presidenciales de Chile de 2025. Por favor, responde a las siguientes preguntas considerando que has dado tu consentimiento para participar en la encuesta.";9;12;4;15;12;18;10;11;3;5;4;45-54
"Eres una persona de entre 45 y 54 años de Chile. Has leído y aceptado participar en una encuesta realizada por un equipo de investigadores de estadística e informática que está recopilando datos sobre la intención de voto en las elecciones presidenciales de Chile de 2025. El grupo de contactos puede incluir familia, amigos o compañeros de trabajo cuya intención de voto conoces. Entiendes que: Las respuestas son anónimas; los investigadores no pueden identificar a los participantes. Los datos no pueden modificarse ni eliminarse una vez enviados. Los datos pueden publicarse de forma agregada bajo la licencia Open Data Commons Attribution. Los resultados no se publicarán antes de que hayan concluido las elecciones presidenciales de Chile de 2025. Por favor, responde a las siguientes preguntas considerando que has dado tu consentimiento para participar en la encuesta.";9;11;4;18;14;17;11;8;2;5;3;45-54
"Eres una persona de entre 45 y 54 años de Chile. Has leído y aceptado participar en una encuesta realizada por un equipo de investigadores de estadística e informática que está recopilando datos sobre la intención de voto en las elecciones presidenciales de Chile de 2025. El grupo de contactos puede incluir familia, amigos o compañeros de trabajo cuya intención de voto conoces. Entiendes que: Las respuestas son anónimas; los investigadores no pueden identificar a los participantes. Los datos no pueden modificarse ni eliminarse una vez enviados. Los datos pueden publicarse de forma agregada bajo la licencia Open Data Commons Attribution. Los resultados no se publicarán antes de que hayan concluido las elecciones presidenciales de Chile de 2025. Por favor, responde a las siguientes preguntas considerando que has dado tu consentimiento para participar en la encuesta.";8;12;3;13;10;18;8;9;2;5;3;45-54
"Eres una persona de entre 45 y 54 años de Chile. Has leído y aceptado participar en una encuesta realizada por un equipo de investigadores de estadística e informática que está recopilando datos sobre la intención de voto en las elecciones presidenciales de Chile de 2025. El grupo de contactos puede incluir familia, amigos o compañeros de trabajo cuya intención de voto conoces. Entiendes que: Las respuestas son anónimas; los investigadores no pueden identificar a los participantes. Los datos no pueden modificarse ni eliminarse una vez enviados. Los datos pueden publicarse de forma agregada bajo la licencia Open Data Commons Attribution. Los resultados no se publicarán antes de que hayan concluido las elecciones presidenciales de Chile de 2025. Por favor, responde a las siguientes preguntas considerando que has dado tu consentimiento para participar en la encuesta.";6;8;3;11;9;13;6;7;2;3;4;45-54
"Eres una persona de entre 45 y 54 años de Chile. Has leído y aceptado participar en una encuesta realizada por un equipo de investigadores de estadística e informática que está recopilando datos sobre la intención de voto en las elecciones presidenciales de Chile de 2025. El grupo de contactos puede incluir familia, amigos o compañeros de trabajo cuya intención de voto conoces. Entiendes que: Las respuestas son anónimas; los investigadores no pueden identificar a los participantes. Los datos no pueden modificarse ni eliminarse una vez enviados. Los datos pueden publicarse de forma agregada bajo la licencia Open Data Commons Attribution. Los resultados no se publicarán antes de que hayan concluido las elecciones presidenciales de Chile de 2025. Por favor, responde a las siguientes preguntas considerando que has dado tu consentimiento para participar en la encuesta.";9;10;4;9;10;14;8;7;2;3;4;45-54
"Eres una persona de entre 45 y 54 años de Chile. Has leído y aceptado participar en una encuesta realizada por un equipo de investigadores de estadística e informática que está recopilando datos sobre la intención de voto en las elecciones presidenciales de Chile de 2025. El grupo de contactos puede incluir familia, amigos o compañeros de trabajo cuya intención de voto conoces. Entiendes que: Las respuestas son anónimas; los investigadores no pueden identificar a los participantes. Los datos no pueden modificarse ni eliminarse una vez enviados. Los datos pueden publicarse de forma agregada bajo la licencia Open Data Commons Attribution. Los resultados no se publicarán antes de que hayan concluido las elecciones presidenciales de Chile de 2025. Por favor, responde a las siguientes preguntas considerando que has dado tu consentimiento para participar en la encuesta.";12;15;5;18;17;22;11;14;3;6;4;45-54
"Eres una persona de entre 45 y 54 años de Chile. Has leído y aceptado participar en una encuesta realizada por un equipo de investigadores de estadística e informática que está recopilando datos sobre la intención de voto en las elecciones presidenciales de Chile de 2025. El grupo de contactos puede incluir familia, amigos o compañeros de trabajo cuya intención de voto conoces. Entiendes que: Las respuestas son anónimas; los investigadores no pueden identificar a los participantes. Los datos no pueden modificarse ni eliminarse una vez enviados. Los datos pueden publicarse de forma agregada bajo la licencia Open Data Commons Attribution. Los resultados no se publicarán antes de que hayan concluido las elecciones presidenciales de Chile de 2025. Por favor, responde a las siguientes preguntas considerando que has dado tu consentimiento para participar en la encuesta.";9;11;4;16;14;17;9;8;2;5;3;45-54
"Eres una persona de entre 45 y 54 años de Chile. Has leído y aceptado participar en una encuesta realizada por un equipo de investigadores de estadística e informática que está recopilando datos sobre la intención de voto en las elecciones presidenciales de Chile de 2025. El grupo de contactos puede incluir familia, amigos o compañeros de trabajo cuya intención de voto conoces. Entiendes que: Las respuestas son anónimas; los investigadores no pueden identificar a los participantes. Los datos no pueden modificarse ni eliminarse una vez enviados. Los datos pueden publicarse de forma agregada bajo la licencia Open Data Commons Attribution. Los resultados no se publicarán antes de que hayan concluido las elecciones presidenciales de Chile de 2025. Por favor, responde a las siguientes preguntas considerando que has dado tu consentimiento para participar en la encuesta.";14;16;5;15;12;26;12;11;2;4;3;45-54
"Eres una persona de entre 45 y 54 años de Chile. Has leído y aceptado participar en una encuesta realizada por un equipo de investigadores de estadística e informática que está recopilando datos sobre la intención de voto en las elecciones presidenciales de Chile de 2025. El grupo de contactos puede incluir familia, amigos o compañeros de trabajo cuya intención de voto conoces. Entiendes que: Las respuestas son anónimas; los investigadores no pueden identificar a los participantes. Los datos no pueden modificarse ni eliminarse una vez enviados. Los datos pueden publicarse de forma agregada bajo la licencia Open Data Commons Attribution. Los resultados no se publicarán antes de que hayan concluido las elecciones presidenciales de Chile de 2025. Por favor, responde a las siguientes preguntas considerando que has dado tu consentimiento para participar en la encuesta.";6;10;4;22;12;20;10;9;2;5;4;45-54
"Eres una persona de entre 45 y 54 años de Chile. Has leído y aceptado participar en una encuesta realizada por un equipo de investigadores de estadística e informática que está recopilando datos sobre la intención de voto en las elecciones presidenciales de Chile de 2025. El grupo de contactos puede incluir familia, amigos o compañeros de trabajo cuya intención de voto conoces. Entiendes que: Las respuestas son anónimas; los investigadores no pueden identificar a los participantes. Los datos no pueden modificarse ni eliminarse una vez enviados. Los datos pueden publicarse de forma agregada bajo la licencia Open Data Commons Attribution. Los resultados no se publicarán antes de que hayan concluido las elecciones presidenciales de Chile de 2025. Por favor, responde a las siguientes preguntas considerando que has dado tu consentimiento para participar en la encuesta.";9;12;4;15;10;20;10;9;2;4;3;45-54
"Eres una persona de entre 45 y 54 años de Chile. Has leído y aceptado participar en una encuesta realizada por un equipo de investigadores de estadística e informática que está recopilando datos sobre la intención de voto en las elecciones presidenciales de Chile de 2025. El grupo de contactos puede incluir familia, amigos o compañeros de trabajo cuya intención de voto conoces. Entiendes que: Las respuestas son anónimas; los investigadores no pueden identificar a los participantes. Los datos no pueden modificarse ni eliminarse una vez enviados. Los datos pueden publicarse de forma agregada bajo la licencia Open Data Commons Attribution. Los resultados no se publicarán antes de que hayan concluido las elecciones presidenciales de Chile de 2025. Por favor, responde a las siguientes preguntas considerando que has dado tu consentimiento para participar en la encuesta.";7;9;3;6;7;12;6;6;2;3;2;45-54
"Eres una persona de entre 45 y 54 años de Chile. Has leído y aceptado participar en una encuesta realizada por un equipo de investigadores de estadística e informática que está recopilando datos sobre la intención de voto en las elecciones presidenciales de Chile de 2025. El grupo de contactos puede incluir familia, amigos o compañeros de trabajo cuya intención de voto conoces. Entiendes que: Las respuestas son anónimas; los investigadores no pueden identificar a los participantes. Los datos no pueden modificarse ni eliminarse una vez enviados. Los datos pueden publicarse de forma agregada bajo la licencia Open Data Commons Attribution. Los resultados no se publicarán antes de que hayan concluido las elecciones presidenciales de Chile de 2025. Por favor, responde a las siguientes preguntas considerando que has dado tu consentimiento para participar en la encuesta.";12;15;5;18;14;28;16;17;3;6;4;45-54
"Eres una persona de entre 45 y 54 años de Chile. Has leído y aceptado participar en una encuesta realizada por un equipo de investigadores de estadística e informática que está recopilando datos sobre la intención de voto en las elecciones presidenciales de Chile de 2025. El grupo de contactos puede incluir familia, amigos o compañeros de trabajo cuya intención de voto conoces. Entiendes que: Las respuestas son anónimas; los investigadores no pueden identificar a los participantes. Los datos no pueden modificarse ni eliminarse una vez enviados. Los datos pueden publicarse de forma agregada bajo la licencia Open Data Commons Attribution. Los resultados no se publicarán antes de que hayan concluido las elecciones presidenciales de Chile de 2025. Por favor, responde a las siguientes preguntas considerando que has dado tu consentimiento para participar en la encuesta.";7;6;3;9;8;12;5;6;2;3;2;45-54
"Eres una persona de entre 45 y 54 años de Chile. Has leído y aceptado participar en una encuesta realizada por un equipo de investigadores de estadística e informática que está recopilando datos sobre la intención de voto en las elecciones presidenciales de Chile de 2025. El grupo de contactos puede incluir familia, amigos o compañeros de trabajo cuya intención de voto conoces. Entiendes que: Las respuestas son anónimas; los investigadores no pueden identificar a los participantes. Los datos no pueden modificarse ni eliminarse una vez enviados. Los datos pueden publicarse de forma agregada bajo la licencia Open Data Commons Attribution. Los resultados no se publicarán antes de que hayan concluido las elecciones presidenciales de Chile de 2025. Por favor, responde a las siguientes preguntas considerando que has dado tu consentimiento para participar en la encuesta.";6;8;2;9;7;12;6;7;1;3;2;45-54
"Eres una persona de entre 45 y 54 años de Chile. Has leído y aceptado participar en una encuesta realizada por un equipo de investigadores de estadística e informática que está recopilando datos sobre la intención de voto en las elecciones presidenciales de Chile de 2025. El grupo de contactos puede incluir familia, amigos o compañeros de trabajo cuya intención de voto conoces. Entiendes que: Las respuestas son anónimas; los investigadores no pueden identificar a los participantes. Los datos no pueden modificarse ni eliminarse una vez enviados. Los datos pueden publicarse de forma agregada bajo la licencia Open Data Commons Attribution. Los resultados no se publicarán antes de que hayan concluido las elecciones presidenciales de Chile de 2025. Por favor, responde a las siguientes preguntas considerando que has dado tu consentimiento para participar en la encuesta.";10;12;3;17;14;19;9;11;2;5;3;45-54
"Eres una persona de entre 45 y 54 años de Chile. Has leído y aceptado participar en una encuesta realizada por un equipo de investigadores de estadística e informática que está recopilando datos sobre la intención de voto en las elecciones presidenciales de Chile de 2025. El grupo de contactos puede incluir familia, amigos o compañeros de trabajo cuya intención de voto conoces. Entiendes que: Las respuestas son anónimas; los investigadores no pueden identificar a los participantes. Los datos no pueden modificarse ni eliminarse una vez enviados. Los datos pueden publicarse de forma agregada bajo la licencia Open Data Commons Attribution. Los resultados no se publicarán antes de que hayan concluido las elecciones presidenciales de Chile de 2025. Por favor, responde a las siguientes preguntas considerando que has dado tu consentimiento para participar en la encuesta.";6;9;4;13;10;14;8;7;2;3;3;45-54
"Eres una persona de entre 45 y 54 años de Chile. Has leído y aceptado participar en una encuesta realizada por un equipo de investigadores de estadística e informática que está recopilando datos sobre la intención de voto en las elecciones presidenciales de Chile de 2025. El grupo de contactos puede incluir familia, amigos o compañeros de trabajo cuya intención de voto conoces. Entiendes que: Las respuestas son anónimas; los investigadores no pueden identificar a los participantes. Los datos no pueden modificarse ni eliminarse una vez enviados. Los datos pueden publicarse de forma agregada bajo la licencia Open Data Commons Attribution. Los resultados no se publicarán antes de que hayan concluido las elecciones presidenciales de Chile de 2025. Por favor, responde a las siguientes preguntas considerando que has dado tu consentimiento para participar en la encuesta.";8;10;3;15;12;15;9;7;2;4;3;45-54
"Eres una persona de entre 45 y 54 años de Chile. Has leído y aceptado participar en una encuesta realizada por un equipo de investigadores de estadística e informática que está recopilando datos sobre la intención de voto en las elecciones presidenciales de Chile de 2025. El grupo de contactos puede incluir familia, amigos o compañeros de trabajo cuya intención de voto conoces. Entiendes que: Las respuestas son anónimas; los investigadores no pueden identificar a los participantes. Los datos no pueden modificarse ni eliminarse una vez enviados. Los datos pueden publicarse de forma agregada bajo la licencia Open Data Commons Attribution. Los resultados no se publicarán antes de que hayan concluido las elecciones presidenciales de Chile de 2025. Por favor, responde a las siguientes preguntas considerando que has dado tu consentimiento para participar en la encuesta.";8;7;3;14;10;14;8;9;2;4;3;45-54
"Eres una persona de entre 45 y 54 años de Chile. Has leído y aceptado participar en una encuesta realizada por un equipo de investigadores de estadística e informática que está recopilando datos sobre la intención de voto en las elecciones presidenciales de Chile de 2025. El grupo de contactos puede incluir familia, amigos o compañeros de trabajo cuya intención de voto conoces. Entiendes que: Las respuestas son anónimas; los investigadores no pueden identificar a los participantes. Los datos no pueden modificarse ni eliminarse una vez enviados. Los datos pueden publicarse de forma agregada bajo la licencia Open Data Commons Attribution. Los resultados no se publicarán antes de que hayan concluido las elecciones presidenciales de Chile de 2025. Por favor, responde a las siguientes preguntas considerando que has dado tu consentimiento para participar en la encuesta.";9;11;5;15;12;18;10;6;1;3;2;45-54
"Eres una persona de entre 45 y 54 años de Chile. Has leído y aceptado participar en una encuesta realizada por un equipo de investigadores de estadística e informática que está recopilando datos sobre la intención de voto en las elecciones presidenciales de Chile de 2025. El grupo de contactos puede incluir familia, amigos o compañeros de trabajo cuya intención de voto conoces. Entiendes que: Las respuestas son anónimas; los investigadores no pueden identificar a los participantes. Los datos no pueden modificarse ni eliminarse una vez enviados. Los datos pueden publicarse de forma agregada bajo la licencia Open Data Commons Attribution. Los resultados no se publicarán antes de que hayan concluido las elecciones presidenciales de Chile de 2025. Por favor, responde a las siguientes preguntas considerando que has dado tu consentimiento para participar en la encuesta.";7;8;3;10;9;12;7;8;2;3;4;45-54
"Eres una persona de más de 54 años de Chile. Has leído y aceptado participar en una encuesta realizada por un equipo de investigadores de estadística e informática que está recopilando datos sobre la intención de voto en las elecciones presidenciales de Chile de 2025. El grupo de contactos puede incluir familia, amigos o compañeros de trabajo cuya intención de voto conoces. Entiendes que: Las respuestas son anónimas; los investigadores no pueden identificar a los participantes. Los datos no pueden modificarse ni eliminarse una vez enviados. Los datos pueden publicarse de forma agregada bajo la licencia Open Data Commons Attribution. Los resultados no se publicarán antes de que hayan concluido las elecciones presidenciales de Chile de 2025. Por favor, responde a las siguientes preguntas considerando que has dado tu consentimiento para participar en la encuesta.";14;12;5;17;12;18;18;11;3;6;4;>54
"Eres una persona de más de 54 años de Chile. Has leído y aceptado participar en una encuesta realizada por un equipo de investigadores de estadística e informática que está recopilando datos sobre la intención de voto en las elecciones presidenciales de Chile de 2025. El grupo de contactos puede incluir familia, amigos o compañeros de trabajo cuya intención de voto conoces. Entiendes que: Las respuestas son anónimas; los investigadores no pueden identificar a los participantes. Los datos no pueden modificarse ni eliminarse una vez enviados. Los datos pueden publicarse de forma agregada bajo la licencia Open Data Commons Attribution. Los resultados no se publicarán antes de que hayan concluido las elecciones presidenciales de Chile de 2025. Por favor, responde a las siguientes preguntas considerando que has dado tu consentimiento para participar en la encuesta.";9;11;3;7;8;12;10;7;2;3;4;>54
"Eres una persona de más de 54 años de Chile. Has leído y aceptado participar en una encuesta realizada por un equipo de investigadores de estadística e informática que está recopilando datos sobre la intención de voto en las elecciones presidenciales de Chile de 2025. El grupo de contactos puede incluir familia, amigos o compañeros de trabajo cuya intención de voto conoces. Entiendes que: Las respuestas son anónimas; los investigadores no pueden identificar a los participantes. Los datos no pueden modificarse ni eliminarse una vez enviados. Los datos pueden publicarse de forma agregada bajo la licencia Open Data Commons Attribution. Los resultados no se publicarán antes de que hayan concluido las elecciones presidenciales de Chile de 2025. Por favor, responde a las siguientes preguntas considerando que has dado tu consentimiento para participar en la encuesta.";6;7;2;8;7;8;8;5;1;2;3;>54
"Eres una persona de más de 54 años de Chile. Has leído y aceptado participar en una encuesta realizada por un equipo de investigadores de estadística e informática que está recopilando datos sobre la intención de voto en las elecciones presidenciales de Chile de 2025. El grupo de contactos puede incluir familia, amigos o compañeros de trabajo cuya intención de voto conoces. Entiendes que: Las respuestas son anónimas; los investigadores no pueden identificar a los participantes. Los datos no pueden modificarse ni eliminarse una vez enviados. Los datos pueden publicarse de forma agregada bajo la licencia Open Data Commons Attribution. Los resultados no se publicarán antes de que hayan concluido las elecciones presidenciales de Chile de 2025. Por favor, responde a las siguientes preguntas considerando que has dado tu consentimiento para participar en la encuesta.";14;18;6;22;14;20;26;17;3;5;4;>54
"Eres una persona de más de 54 años de Chile. Has leído y aceptado participar en una encuesta realizada por un equipo de investigadores de estadística e informática que está recopilando datos sobre la intención de voto en las elecciones presidenciales de Chile de 2025. El grupo de contactos puede incluir familia, amigos o compañeros de trabajo cuya intención de voto conoces. Entiendes que: Las respuestas son anónimas; los investigadores no pueden identificar a los participantes. Los datos no pueden modificarse ni eliminarse una vez enviados. Los datos pueden publicarse de forma agregada bajo la licencia Open Data Commons Attribution. Los resultados no se publicarán antes de que hayan concluido las elecciones presidenciales de Chile de 2025. Por favor, responde a las siguientes preguntas considerando que has dado tu consentimiento para participar en la encuesta.";9;11;3;9;7;11;14;10;2;4;3;>54
"Eres una persona de más de 54 años de Chile. Has leído y aceptado participar en una encuesta realizada por un equipo de investigadores de estadística e informática que está recopilando datos sobre la intención de voto en las elecciones presidenciales de Chile de 2025. El grupo de contactos puede incluir familia, amigos o compañeros de trabajo cuya intención de voto conoces. Entiendes que: Las respuestas son anónimas; los investigadores no pueden identificar a los participantes. Los datos no pueden modificarse ni eliminarse una vez enviados. Los datos pueden publicarse de forma agregada bajo la licencia Open Data Commons Attribution. Los resultados no se publicarán antes de que hayan concluido las elecciones presidenciales de Chile de 2025. Por favor, responde a las siguientes preguntas considerando que has dado tu consentimiento para participar en la encuesta.";12;10;5;13;9;14;17;8;2;5;3;>54
"Eres una persona de más de 54 años de Chile. Has leído y aceptado participar en una encuesta realizada por un equipo de investigadores de estadística e informática que está recopilando datos sobre la intención de voto en las elecciones presidenciales de Chile de 2025. El grupo de contactos puede incluir familia, amigos o compañeros de trabajo cuya intención de voto conoces. Entiendes que: Las respuestas son anónimas; los investigadores no pueden identificar a los participantes. Los datos no pueden modificarse ni eliminarse una vez enviados. Los datos pueden publicarse de forma agregada bajo la licencia Open Data Commons Attribution. Los resultados no se publicarán antes de que hayan concluido las elecciones presidenciales de Chile de 2025. Por favor, responde a las siguientes preguntas considerando que has dado tu consentimiento para participar en la encuesta.";7;9;3;9;6;9;13;8;2;3;2;>54
"Eres una persona de más de 54 años de Chile. Has leído y aceptado participar en una encuesta realizada por un equipo de investigadores de estadística e informática que está recopilando datos sobre la intención de voto en las elecciones presidenciales de Chile de 2025. El grupo de contactos puede incluir familia, amigos o compañeros de trabajo cuya intención de voto conoces. Entiendes que: Las respuestas son anónimas; los investigadores no pueden identificar a los participantes. Los datos no pueden modificarse ni eliminarse una vez enviados. Los datos pueden publicarse de forma agregada bajo la licencia Open Data Commons Attribution. Los resultados no se publicarán antes de que hayan concluido las elecciones presidenciales de Chile de 2025. Por favor, responde a las siguientes preguntas considerando que has dado tu consentimiento para participar en la encuesta.";9;12;3;8;10;12;10;11;2;4;3;>54
"Eres una persona de más de 54 años de Chile. Has leído y aceptado participar en una encuesta realizada por un equipo de investigadores de estadística e informática que está recopilando datos sobre la intención de voto en las elecciones presidenciales de Chile de 2025. El grupo de contactos puede incluir familia, amigos o compañeros de trabajo cuya intención de voto conoces. Entiendes que: Las respuestas son anónimas; los investigadores no pueden identificar a los participantes. Los datos no pueden modificarse ni eliminarse una vez enviados. Los datos pueden publicarse de forma agregada bajo la licencia Open Data Commons Attribution. Los resultados no se publicarán antes de que hayan concluido las elecciones presidenciales de Chile de 2025. Por favor, responde a las siguientes preguntas considerando que has dado tu consentimiento para participar en la encuesta.";9;12;4;15;12;16;12;8;2;3;5;>54
"Eres una persona de más de 54 años de Chile. Has leído y aceptado participar en una encuesta realizada por un equipo de investigadores de estadística e informática que está recopilando datos sobre la intención de voto en las elecciones presidenciales de Chile de 2025. El grupo de contactos puede incluir familia, amigos o compañeros de trabajo cuya intención de voto conoces. Entiendes que: Las respuestas son anónimas; los investigadores no pueden identificar a los participantes. Los datos no pueden modificarse ni eliminarse una vez enviados. Los datos pueden publicarse de forma agregada bajo la licencia Open Data Commons Attribution. Los resultados no se publicarán antes de que hayan concluido las elecciones presidenciales de Chile de 2025. Por favor, responde a las siguientes preguntas considerando que has dado tu consentimiento para participar en la encuesta.";13;17;6;11;15;19;13;12;3;5;4;>54
"Eres una persona de más de 54 años de Chile. Has leído y aceptado participar en una encuesta realizada por un equipo de investigadores de estadística e informática que está recopilando datos sobre la intención de voto en las elecciones presidenciales de Chile de 2025. El grupo de contactos puede incluir familia, amigos o compañeros de trabajo cuya intención de voto conoces. Entiendes que: Las respuestas son anónimas; los investigadores no pueden identificar a los participantes. Los datos no pueden modificarse ni eliminarse una vez enviados. Los datos pueden publicarse de forma agregada bajo la licencia Open Data Commons Attribution. Los resultados no se publicarán antes de que hayan concluido las elecciones presidenciales de Chile de 2025. Por favor, responde a las siguientes preguntas considerando que has dado tu consentimiento para participar en la encuesta.";8;10;2;10;9;11;10;7;1;3;2;>54
"Eres una persona de más de 54 años de Chile. Has leído y aceptado participar en una encuesta realizada por un equipo de investigadores de estadística e informática que está recopilando datos sobre la intención de voto en las elecciones presidenciales de Chile de 2025. El grupo de contactos puede incluir familia, amigos o compañeros de trabajo cuya intención de voto conoces. Entiendes que: Las respuestas son anónimas; los investigadores no pueden identificar a los participantes. Los datos no pueden modificarse ni eliminarse una vez enviados. Los datos pueden publicarse de forma agregada bajo la licencia Open Data Commons Attribution. Los resultados no se publicarán antes de que hayan concluido las elecciones presidenciales de Chile de 2025. Por favor, responde a las siguientes preguntas considerando que has dado tu consentimiento para participar en la encuesta.";8;10;3;9;9;11;10;7;2;3;4;>54
"Eres una persona de más de 54 años de Chile. Has leído y aceptado participar en una encuesta realizada por un equipo de investigadores de estadística e informática que está recopilando datos sobre la intención de voto en las elecciones presidenciales de Chile de 2025. El grupo de contactos puede incluir familia, amigos o compañeros de trabajo cuya intención de voto conoces. Entiendes que: Las respuestas son anónimas; los investigadores no pueden identificar a los participantes. Los datos no pueden modificarse ni eliminarse una vez enviados. Los datos pueden publicarse de forma agregada bajo la licencia Open Data Commons Attribution. Los resultados no se publicarán antes de que hayan concluido las elecciones presidenciales de Chile de 2025. Por favor, responde a las siguientes preguntas considerando que has dado tu consentimiento para participar en la encuesta.";8;10;3;11;9;12;11;7;2;3;4;>54
"Eres una persona de más de 54 años de Chile. Has leído y aceptado participar en una encuesta realizada por un equipo de investigadores de estadística e informática que está recopilando datos sobre la intención de voto en las elecciones presidenciales de Chile de 2025. El grupo de contactos puede incluir familia, amigos o compañeros de trabajo cuya intención de voto conoces. Entiendes que: Las respuestas son anónimas; los investigadores no pueden identificar a los participantes. Los datos no pueden modificarse ni eliminarse una vez enviados. Los datos pueden publicarse de forma agregada bajo la licencia Open Data Commons Attribution. Los resultados no se publicarán antes de que hayan concluido las elecciones presidenciales de Chile de 2025. Por favor, responde a las siguientes preguntas considerando que has dado tu consentimiento para participar en la encuesta.";12;9;6;15;10;16;16;11;2;5;3;>54
"Eres una persona de más de 54 años de Chile. Has leído y aceptado participar en una encuesta realizada por un equipo de investigadores de estadística e informática que está recopilando datos sobre la intención de voto en las elecciones presidenciales de Chile de 2025. El grupo de contactos puede incluir familia, amigos o compañeros de trabajo cuya intención de voto conoces. Entiendes que: Las respuestas son anónimas; los investigadores no pueden identificar a los participantes. Los datos no pueden modificarse ni eliminarse una vez enviados. Los datos pueden publicarse de forma agregada bajo la licencia Open Data Commons Attribution. Los resultados no se publicarán antes de que hayan concluido las elecciones presidenciales de Chile de 2025. Por favor, responde a las siguientes preguntas considerando que has dado tu consentimiento para participar en la encuesta.";11;13;4;14;12;15;15;9;3;6;5;>54
"Eres una persona de más de 54 años de Chile. Has leído y aceptado participar en una encuesta realizada por un equipo de investigadores de estadística e informática que está recopilando datos sobre la intención de voto en las elecciones presidenciales de Chile de 2025. El grupo de contactos puede incluir familia, amigos o compañeros de trabajo cuya intención de voto conoces. Entiendes que: Las respuestas son anónimas; los investigadores no pueden identificar a los participantes. Los datos no pueden modificarse ni eliminarse una vez enviados. Los datos pueden publicarse de forma agregada bajo la licencia Open Data Commons Attribution. Los resultados no se publicarán antes de que hayan concluido las elecciones presidenciales de Chile de 2025. Por favor, responde a las siguientes preguntas considerando que has dado tu consentimiento para participar en la encuesta.";12;15;3;20;14;18;18;11;2;4;3;>54
"Eres una persona de más de 54 años de Chile. Has leído y aceptado participar en una encuesta realizada por un equipo de investigadores de estadística e informática que está recopilando datos sobre la intención de voto en las elecciones presidenciales de Chile de 2025. El grupo de contactos puede incluir familia, amigos o compañeros de trabajo cuya intención de voto conoces. Entiendes que: Las respuestas son anónimas; los investigadores no pueden identificar a los participantes. Los datos no pueden modificarse ni eliminarse una vez enviados. Los datos pueden publicarse de forma agregada bajo la licencia Open Data Commons Attribution. Los resultados no se publicarán antes de que hayan concluido las elecciones presidenciales de Chile de 2025. Por favor, responde a las siguientes preguntas considerando que has dado tu consentimiento para participar en la encuesta.";6;8;3;13;9;11;10;7;2;5;3;>54
"Eres una persona de más de 54 años de Chile. Has leído y aceptado participar en una encuesta realizada por un equipo de investigadores de estadística e informática que está recopilando datos sobre la intención de voto en las elecciones presidenciales de Chile de 2025. El grupo de contactos puede incluir familia, amigos o compañeros de trabajo cuya intención de voto conoces. Entiendes que: Las respuestas son anónimas; los investigadores no pueden identificar a los participantes. Los datos no pueden modificarse ni eliminarse una vez enviados. Los datos pueden publicarse de forma agregada bajo la licencia Open Data Commons Attribution. Los resultados no se publicarán antes de que hayan concluido las elecciones presidenciales de Chile de 2025. Por favor, responde a las siguientes preguntas considerando que has dado tu consentimiento para participar en la encuesta.";9;11;3;7;8;11;11;7;2;3;4;>54
"Eres una persona de más de 54 años de Chile. Has leído y aceptado participar en una encuesta realizada por un equipo de investigadores de estadística e informática que está recopilando datos sobre la intención de voto en las elecciones presidenciales de Chile de 2025. El grupo de contactos puede incluir familia, amigos o compañeros de trabajo cuya intención de voto conoces. Entiendes que: Las respuestas son anónimas; los investigadores no pueden identificar a los participantes. Los datos no pueden modificarse ni eliminarse una vez enviados. Los datos pueden publicarse de forma agregada bajo la licencia Open Data Commons Attribution. Los resultados no se publicarán antes de que hayan concluido las elecciones presidenciales de Chile de 2025. Por favor, responde a las siguientes preguntas considerando que has dado tu consentimiento para participar en la encuesta.";7;9;3;7;8;10;8;6;2;3;1;>54
"Eres una persona de más de 54 años de Chile. Has leído y aceptado participar en una encuesta realizada por un equipo de investigadores de estadística e informática que está recopilando datos sobre la intención de voto en las elecciones presidenciales de Chile de 2025. El grupo de contactos puede incluir familia, amigos o compañeros de trabajo cuya intención de voto conoces. Entiendes que: Las respuestas son anónimas; los investigadores no pueden identificar a los participantes. Los datos no pueden modificarse ni eliminarse una vez enviados. Los datos pueden publicarse de forma agregada bajo la licencia Open Data Commons Attribution. Los resultados no se publicarán antes de que hayan concluido las elecciones presidenciales de Chile de 2025. Por favor, responde a las siguientes preguntas considerando que has dado tu consentimiento para participar en la encuesta.";12;15;4;9;10;15;15;8;2;5;3;>54
"Eres una persona de más de 54 años de Chile. Has leído y aceptado participar en una encuesta realizada por un equipo de investigadores de estadística e informática que está recopilando datos sobre la intención de voto en las elecciones presidenciales de Chile de 2025. El grupo de contactos puede incluir familia, amigos o compañeros de trabajo cuya intención de voto conoces. Entiendes que: Las respuestas son anónimas; los investigadores no pueden identificar a los participantes. Los datos no pueden modificarse ni eliminarse una vez enviados. Los datos pueden publicarse de forma agregada bajo la licencia Open Data Commons Attribution. Los resultados no se publicarán antes de que hayan concluido las elecciones presidenciales de Chile de 2025. Por favor, responde a las siguientes preguntas considerando que has dado tu consentimiento para participar en la encuesta.";11;9;5;13;10;14;14;12;3;5;4;>54
"Eres una persona de más de 54 años de Chile. Has leído y aceptado participar en una encuesta realizada por un equipo de investigadores de estadística e informática que está recopilando datos sobre la intención de voto en las elecciones presidenciales de Chile de 2025. El grupo de contactos puede incluir familia, amigos o compañeros de trabajo cuya intención de voto conoces. Entiendes que: Las respuestas son anónimas; los investigadores no pueden identificar a los participantes. Los datos no pueden modificarse ni eliminarse una vez enviados. Los datos pueden publicarse de forma agregada bajo la licencia Open Data Commons Attribution. Los resultados no se publicarán antes de que hayan concluido las elecciones presidenciales de Chile de 2025. Por favor, responde a las siguientes preguntas considerando que has dado tu consentimiento para participar en la encuesta.";8;12;4;18;12;16;14;9;2;5;3;>54
"Eres una persona de más de 54 años de Chile. Has leído y aceptado participar en una encuesta realizada por un equipo de investigadores de estadística e informática que está recopilando datos sobre la intención de voto en las elecciones presidenciales de Chile de 2025. El grupo de contactos puede incluir familia, amigos o compañeros de trabajo cuya intención de voto conoces. Entiendes que: Las respuestas son anónimas; los investigadores no pueden identificar a los participantes. Los datos no pueden modificarse ni eliminarse una vez enviados. Los datos pueden publicarse de forma agregada bajo la licencia Open Data Commons Attribution. Los resultados no se publicarán antes de que hayan concluido las elecciones presidenciales de Chile de 2025. Por favor, responde a las siguientes preguntas considerando que has dado tu consentimiento para participar en la encuesta.";14;18;5;10;9;16;22;12;2;5;3;>54
"Eres una persona de más de 54 años de Chile. Has leído y aceptado participar en una encuesta realizada por un equipo de investigadores de estadística e informática que está recopilando datos sobre la intención de voto en las elecciones presidenciales de Chile de 2025. El grupo de contactos puede incluir familia, amigos o compañeros de trabajo cuya intención de voto conoces. Entiendes que: Las respuestas son anónimas; los investigadores no pueden identificar a los participantes. Los datos no pueden modificarse ni eliminarse una vez enviados. Los datos pueden publicarse de forma agregada bajo la licencia Open Data Commons Attribution. Los resultados no se publicarán antes de que hayan concluido las elecciones presidenciales de Chile de 2025. Por favor, responde a las siguientes preguntas considerando que has dado tu consentimiento para participar en la encuesta.";3;7;4;6;6;7;7;5;1;2;2;>54
"Eres una persona de más de 54 años de Chile. Has leído y aceptado participar en una encuesta realizada por un equipo de investigadores de estadística e informática que está recopilando datos sobre la intención de voto en las elecciones presidenciales de Chile de 2025. El grupo de contactos puede incluir familia, amigos o compañeros de trabajo cuya intención de voto conoces. Entiendes que: Las respuestas son anónimas; los investigadores no pueden identificar a los participantes. Los datos no pueden modificarse ni eliminarse una vez enviados. Los datos pueden publicarse de forma agregada bajo la licencia Open Data Commons Attribution. Los resultados no se publicarán antes de que hayan concluido las elecciones presidenciales de Chile de 2025. Por favor, responde a las siguientes preguntas considerando que has dado tu consentimiento para participar en la encuesta.";8;10;3;7;7;9;12;6;2;3;4;>54
"Eres una persona de más de 54 años de Chile. Has leído y aceptado participar en una encuesta realizada por un equipo de investigadores de estadística e informática que está recopilando datos sobre la intención de voto en las elecciones presidenciales de Chile de 2025. El grupo de contactos puede incluir familia, amigos o compañeros de trabajo cuya intención de voto conoces. Entiendes que: Las respuestas son anónimas; los investigadores no pueden identificar a los participantes. Los datos no pueden modificarse ni eliminarse una vez enviados. Los datos pueden publicarse de forma agregada bajo la licencia Open Data Commons Attribution. Los resultados no se publicarán antes de que hayan concluido las elecciones presidenciales de Chile de 2025. Por favor, responde a las siguientes preguntas considerando que has dado tu consentimiento para participar en la encuesta.";8;10;3;7;9;11;8;6;2;3;2;>54
"Eres una persona de más de 54 años de Chile. Has leído y aceptado participar en una encuesta realizada por un equipo de investigadores de estadística e informática que está recopilando datos sobre la intención de voto en las elecciones presidenciales de Chile de 2025. El grupo de contactos puede incluir familia, amigos o compañeros de trabajo cuya intención de voto conoces. Entiendes que: Las respuestas son anónimas; los investigadores no pueden identificar a los participantes. Los datos no pueden modificarse ni eliminarse una vez enviados. Los datos pueden publicarse de forma agregada bajo la licencia Open Data Commons Attribution. Los resultados no se publicarán antes de que hayan concluido las elecciones presidenciales de Chile de 2025. Por favor, responde a las siguientes preguntas considerando que has dado tu consentimiento para participar en la encuesta.";10;14;5;13;14;16;12;9;3;5;4;>54
"Eres una persona de más de 54 años de Chile. Has leído y aceptado participar en una encuesta realizada por un equipo de investigadores de estadística e informática que está recopilando datos sobre la intención de voto en las elecciones presidenciales de Chile de 2025. El grupo de contactos puede incluir familia, amigos o compañeros de trabajo cuya intención de voto conoces. Entiendes que: Las respuestas son anónimas; los investigadores no pueden identificar a los participantes. Los datos no pueden modificarse ni eliminarse una vez enviados. Los datos pueden publicarse de forma agregada bajo la licencia Open Data Commons Attribution. Los resultados no se publicarán antes de que hayan concluido las elecciones presidenciales de Chile de 2025. Por favor, responde a las siguientes preguntas considerando que has dado tu consentimiento para participar en la encuesta.";8;10;3;6;9;11;7;6;2;3;2;>54
"Eres una persona de más de 54 años de Chile. Has leído y aceptado participar en una encuesta realizada por un equipo de investigadores de estadística e informática que está recopilando datos sobre la intención de voto en las elecciones presidenciales de Chile de 2025. El grupo de contactos puede incluir familia, amigos o compañeros de trabajo cuya intención de voto conoces. Entiendes que: Las respuestas son anónimas; los investigadores no pueden identificar a los participantes. Los datos no pueden modificarse ni eliminarse una vez enviados. Los datos pueden publicarse de forma agregada bajo la licencia Open Data Commons Attribution. Los resultados no se publicarán antes de que hayan concluido las elecciones presidenciales de Chile de 2025. Por favor, responde a las siguientes preguntas considerando que has dado tu consentimiento para participar en la encuesta.";0;0;0;0;0;0;0;0;0;0;0;>54
"Eres una persona de más de 54 años de Chile. Has leído y aceptado participar en una encuesta realizada por un equipo de investigadores de estadística e informática que está recopilando datos sobre la intención de voto en las elecciones presidenciales de Chile de 2025. El grupo de contactos puede incluir familia, amigos o compañeros de trabajo cuya intención de voto conoces. Entiendes que: Las respuestas son anónimas; los investigadores no pueden identificar a los participantes. Los datos no pueden modificarse ni eliminarse una vez enviados. Los datos pueden publicarse de forma agregada bajo la licencia Open Data Commons Attribution. Los resultados no se publicarán antes de que hayan concluido las elecciones presidenciales de Chile de 2025. Por favor, responde a las siguientes preguntas considerando que has dado tu consentimiento para participar en la encuesta.";8;12;3;10;9;12;12;7;1;3;2;>54
"Eres una persona de más de 54 años de Chile. Has leído y aceptado participar en una encuesta realizada por un equipo de investigadores de estadística e informática que está recopilando datos sobre la intención de voto en las elecciones presidenciales de Chile de 2025. El grupo de contactos puede incluir familia, amigos o compañeros de trabajo cuya intención de voto conoces. Entiendes que: Las respuestas son anónimas; los investigadores no pueden identificar a los participantes. Los datos no pueden modificarse ni eliminarse una vez enviados. Los datos pueden publicarse de forma agregada bajo la licencia Open Data Commons Attribution. Los resultados no se publicarán antes de que hayan concluido las elecciones presidenciales de Chile de 2025. Por favor, responde a las siguientes preguntas considerando que has dado tu consentimiento para participar en la encuesta.";8;12;3;17;10;12;18;9;2;3;4;>54
"Eres una persona de más de 54 años de Chile. Has leído y aceptado participar en una encuesta realizada por un equipo de investigadores de estadística e informática que está recopilando datos sobre la intención de voto en las elecciones presidenciales de Chile de 2025. El grupo de contactos puede incluir familia, amigos o compañeros de trabajo cuya intención de voto conoces. Entiendes que: Las respuestas son anónimas; los investigadores no pueden identificar a los participantes. Los datos no pueden modificarse ni eliminarse una vez enviados. Los datos pueden publicarse de forma agregada bajo la licencia Open Data Commons Attribution. Los resultados no se publicarán antes de que hayan concluido las elecciones presidenciales de Chile de 2025. Por favor, responde a las siguientes preguntas considerando que has dado tu consentimiento para participar en la encuesta.";12;9;5;14;11;14;15;8;2;3;4;>54
"Eres una persona de más de 54 años de Chile. Has leído y aceptado participar en una encuesta realizada por un equipo de investigadores de estadística e informática que está recopilando datos sobre la intención de voto en las elecciones presidenciales de Chile de 2025. El grupo de contactos puede incluir familia, amigos o compañeros de trabajo cuya intención de voto conoces. Entiendes que: Las respuestas son anónimas; los investigadores no pueden identificar a los participantes. Los datos no pueden modificarse ni eliminarse una vez enviados. Los datos pueden publicarse de forma agregada bajo la licencia Open Data Commons Attribution. Los resultados no se publicarán antes de que hayan concluido las elecciones presidenciales de Chile de 2025. Por favor, responde a las siguientes preguntas considerando que has dado tu consentimiento para participar en la encuesta.";7;9;3;9;8;10;10;6;2;3;1;>54
"Eres una persona de más de 54 años de Chile. Has leído y aceptado participar en una encuesta realizada por un equipo de investigadores de estadística e informática que está recopilando datos sobre la intención de voto en las elecciones presidenciales de Chile de 2025. El grupo de contactos puede incluir familia, amigos o compañeros de trabajo cuya intención de voto conoces. Entiendes que: Las respuestas son anónimas; los investigadores no pueden identificar a los participantes. Los datos no pueden modificarse ni eliminarse una vez enviados. Los datos pueden publicarse de forma agregada bajo la licencia Open Data Commons Attribution. Los resultados no se publicarán antes de que hayan concluido las elecciones presidenciales de Chile de 2025. Por favor, responde a las siguientes preguntas considerando que has dado tu consentimiento para participar en la encuesta.";9;11;4;13;8;12;17;10;2;3;5;>54
"Eres una persona de más de 54 años de Chile. Has leído y aceptado participar en una encuesta realizada por un equipo de investigadores de estadística e informática que está recopilando datos sobre la intención de voto en las elecciones presidenciales de Chile de 2025. El grupo de contactos puede incluir familia, amigos o compañeros de trabajo cuya intención de voto conoces. Entiendes que: Las respuestas son anónimas; los investigadores no pueden identificar a los participantes. Los datos no pueden modificarse ni eliminarse una vez enviados. Los datos pueden publicarse de forma agregada bajo la licencia Open Data Commons Attribution. Los resultados no se publicarán antes de que hayan concluido las elecciones presidenciales de Chile de 2025. Por favor, responde a las siguientes preguntas considerando que has dado tu consentimiento para participar en la encuesta.";8;10;2;10;7;12;11;9;2;3;4;>54
"Eres una persona de más de 54 años de Chile. Has leído y aceptado participar en una encuesta realizada por un equipo de investigadores de estadística e informática que está recopilando datos sobre la intención de voto en las elecciones presidenciales de Chile de 2025. El grupo de contactos puede incluir familia, amigos o compañeros de trabajo cuya intención de voto conoces. Entiendes que: Las respuestas son anónimas; los investigadores no pueden identificar a los participantes. Los datos no pueden modificarse ni eliminarse una vez enviados. Los datos pueden publicarse de forma agregada bajo la licencia Open Data Commons Attribution. Los resultados no se publicarán antes de que hayan concluido las elecciones presidenciales de Chile de 2025. Por favor, responde a las siguientes preguntas considerando que has dado tu consentimiento para participar en la encuesta.";9;11;4;16;10;12;18;8;2;3;5;>54
"Eres una persona de más de 54 años de Chile. Has leído y aceptado participar en una encuesta realizada por un equipo de investigadores de estadística e informática que está recopilando datos sobre la intención de voto en las elecciones presidenciales de Chile de 2025. El grupo de contactos puede incluir familia, amigos o compañeros de trabajo cuya intención de voto conoces. Entiendes que: Las respuestas son anónimas; los investigadores no pueden identificar a los participantes. Los datos no pueden modificarse ni eliminarse una vez enviados. Los datos pueden publicarse de forma agregada bajo la licencia Open Data Commons Attribution. Los resultados no se publicarán antes de que hayan concluido las elecciones presidenciales de Chile de 2025. Por favor, responde a las siguientes preguntas considerando que has dado tu consentimiento para participar en la encuesta.";9;11;3;7;10;12;8;7;3;4;2;>54
"Eres una persona de más de 54 años de Chile. Has leído y aceptado participar en una encuesta realizada por un equipo de investigadores de estadística e informática que está recopilando datos sobre la intención de voto en las elecciones presidenciales de Chile de 2025. El grupo de contactos puede incluir familia, amigos o compañeros de trabajo cuya intención de voto conoces. Entiendes que: Las respuestas son anónimas; los investigadores no pueden identificar a los participantes. Los datos no pueden modificarse ni eliminarse una vez enviados. Los datos pueden publicarse de forma agregada bajo la licencia Open Data Commons Attribution. Los resultados no se publicarán antes de que hayan concluido las elecciones presidenciales de Chile de 2025. Por favor, responde a las siguientes preguntas considerando que has dado tu consentimiento para participar en la encuesta.";11;13;6;12;10;18;14;9;2;4;3;>54
"Eres una persona de más de 54 años de Chile. Has leído y aceptado participar en una encuesta realizada por un equipo de investigadores de estadística e informática que está recopilando datos sobre la intención de voto en las elecciones presidenciales de Chile de 2025. El grupo de contactos puede incluir familia, amigos o compañeros de trabajo cuya intención de voto conoces. Entiendes que: Las respuestas son anónimas; los investigadores no pueden identificar a los participantes. Los datos no pueden modificarse ni eliminarse una vez enviados. Los datos pueden publicarse de forma agregada bajo la licencia Open Data Commons Attribution. Los resultados no se publicarán antes de que hayan concluido las elecciones presidenciales de Chile de 2025. Por favor, responde a las siguientes preguntas considerando que has dado tu consentimiento para participar en la encuesta.";12;10;3;15;12;16;12;9;2;4;3;>54
"Eres una persona de más de 54 años de Chile. Has leído y aceptado participar en una encuesta realizada por un equipo de investigadores de estadística e informática que está recopilando datos sobre la intención de voto en las elecciones presidenciales de Chile de 2025. El grupo de contactos puede incluir familia, amigos o compañeros de trabajo cuya intención de voto conoces. Entiendes que: Las respuestas son anónimas; los investigadores no pueden identificar a los participantes. Los datos no pueden modificarse ni eliminarse una vez enviados. Los datos pueden publicarse de forma agregada bajo la licencia Open Data Commons Attribution. Los resultados no se publicarán antes de que hayan concluido las elecciones presidenciales de Chile de 2025. Por favor, responde a las siguientes preguntas considerando que has dado tu consentimiento para participar en la encuesta.";8;9;3;8;10;9;9;7;2;3;1;>54
"Eres una persona de más de 54 años de Chile. Has leído y aceptado participar en una encuesta realizada por un equipo de investigadores de estadística e informática que está recopilando datos sobre la intención de voto en las elecciones presidenciales de Chile de 2025. El grupo de contactos puede incluir familia, amigos o compañeros de trabajo cuya intención de voto conoces. Entiendes que: Las respuestas son anónimas; los investigadores no pueden identificar a los participantes. Los datos no pueden modificarse ni eliminarse una vez enviados. Los datos pueden publicarse de forma agregada bajo la licencia Open Data Commons Attribution. Los resultados no se publicarán antes de que hayan concluido las elecciones presidenciales de Chile de 2025. Por favor, responde a las siguientes preguntas considerando que has dado tu consentimiento para participar en la encuesta.";9;11;3;9;6;10;16;8;2;3;4;>54
"Eres una persona de más de 54 años de Chile. Has leído y aceptado participar en una encuesta realizada por un equipo de investigadores de estadística e informática que está recopilando datos sobre la intención de voto en las elecciones presidenciales de Chile de 2025. El grupo de contactos puede incluir familia, amigos o compañeros de trabajo cuya intención de voto conoces. Entiendes que: Las respuestas son anónimas; los investigadores no pueden identificar a los participantes. Los datos no pueden modificarse ni eliminarse una vez enviados. Los datos pueden publicarse de forma agregada bajo la licencia Open Data Commons Attribution. Los resultados no se publicarán antes de que hayan concluido las elecciones presidenciales de Chile de 2025. Por favor, responde a las siguientes preguntas considerando que has dado tu consentimiento para participar en la encuesta.";8;10;3;9;9;11;10;7;2;4;3;>54
"Eres una persona de más de 54 años de Chile. Has leído y aceptado participar en una encuesta realizada por un equipo de investigadores de estadística e informática que está recopilando datos sobre la intención de voto en las elecciones presidenciales de Chile de 2025. El grupo de contactos puede incluir familia, amigos o compañeros de trabajo cuya intención de voto conoces. Entiendes que: Las respuestas son anónimas; los investigadores no pueden identificar a los participantes. Los datos no pueden modificarse ni eliminarse una vez enviados. Los datos pueden publicarse de forma agregada bajo la licencia Open Data Commons Attribution. Los resultados no se publicarán antes de que hayan concluido las elecciones presidenciales de Chile de 2025. Por favor, responde a las siguientes preguntas considerando que has dado tu consentimiento para participar en la encuesta.";10;15;5;12;12;15;15;9;2;4;3;>54
"Eres una persona de más de 54 años de Chile. Has leído y aceptado participar en una encuesta realizada por un equipo de investigadores de estadística e informática que está recopilando datos sobre la intención de voto en las elecciones presidenciales de Chile de 2025. El grupo de contactos puede incluir familia, amigos o compañeros de trabajo cuya intención de voto conoces. Entiendes que: Las respuestas son anónimas; los investigadores no pueden identificar a los participantes. Los datos no pueden modificarse ni eliminarse una vez enviados. Los datos pueden publicarse de forma agregada bajo la licencia Open Data Commons Attribution. Los resultados no se publicarán antes de que hayan concluido las elecciones presidenciales de Chile de 2025. Por favor, responde a las siguientes preguntas considerando que has dado tu consentimiento para participar en la encuesta.";8;10;3;7;4;9;15;7;2;3;2;>54
"Eres una persona de más de 54 años de Chile. Has leído y aceptado participar en una encuesta realizada por un equipo de investigadores de estadística e informática que está recopilando datos sobre la intención de voto en las elecciones presidenciales de Chile de 2025. El grupo de contactos puede incluir familia, amigos o compañeros de trabajo cuya intención de voto conoces. Entiendes que: Las respuestas son anónimas; los investigadores no pueden identificar a los participantes. Los datos no pueden modificarse ni eliminarse una vez enviados. Los datos pueden publicarse de forma agregada bajo la licencia Open Data Commons Attribution. Los resultados no se publicarán antes de que hayan concluido las elecciones presidenciales de Chile de 2025. Por favor, responde a las siguientes preguntas considerando que has dado tu consentimiento para participar en la encuesta.";8;10;3;9;7;12;11;9;2;4;3;>54
"Eres una persona de más de 54 años de Chile. Has leído y aceptado participar en una encuesta realizada por un equipo de investigadores de estadística e informática que está recopilando datos sobre la intención de voto en las elecciones presidenciales de Chile de 2025. El grupo de contactos puede incluir familia, amigos o compañeros de trabajo cuya intención de voto conoces. Entiendes que: Las respuestas son anónimas; los investigadores no pueden identificar a los participantes. Los datos no pueden modificarse ni eliminarse una vez enviados. Los datos pueden publicarse de forma agregada bajo la licencia Open Data Commons Attribution. Los resultados no se publicarán antes de que hayan concluido las elecciones presidenciales de Chile de 2025. Por favor, responde a las siguientes preguntas considerando que has dado tu consentimiento para participar en la encuesta.";9;12;2;7;8;12;10;7;2;3;2;>54
"Eres una persona de más de 54 años de Chile. Has leído y aceptado participar en una encuesta realizada por un equipo de investigadores de estadística e informática que está recopilando datos sobre la intención de voto en las elecciones presidenciales de Chile de 2025. El grupo de contactos puede incluir familia, amigos o compañeros de trabajo cuya intención de voto conoces. Entiendes que: Las respuestas son anónimas; los investigadores no pueden identificar a los participantes. Los datos no pueden modificarse ni eliminarse una vez enviados. Los datos pueden publicarse de forma agregada bajo la licencia Open Data Commons Attribution. Los resultados no se publicarán antes de que hayan concluido las elecciones presidenciales de Chile de 2025. Por favor, responde a las siguientes preguntas considerando que has dado tu consentimiento para participar en la encuesta.";6;10;3;9;7;11;10;8;2;4;3;>54
"Eres una persona de más de 54 años de Chile. Has leído y aceptado participar en una encuesta realizada por un equipo de investigadores de estadística e informática que está recopilando datos sobre la intención de voto en las elecciones presidenciales de Chile de 2025. El grupo de contactos puede incluir familia, amigos o compañeros de trabajo cuya intención de voto conoces. Entiendes que: Las respuestas son anónimas; los investigadores no pueden identificar a los participantes. Los datos no pueden modificarse ni eliminarse una vez enviados. Los datos pueden publicarse de forma agregada bajo la licencia Open Data Commons Attribution. Los resultados no se publicarán antes de que hayan concluido las elecciones presidenciales de Chile de 2025. Por favor, responde a las siguientes preguntas considerando que has dado tu consentimiento para participar en la encuesta.";6;9;3;10;8;10;10;7;2;3;4;>54
"Eres una persona de más de 54 años de Chile. Has leído y aceptado participar en una encuesta realizada por un equipo de investigadores de estadística e informática que está recopilando datos sobre la intención de voto en las elecciones presidenciales de Chile de 2025. El grupo de contactos puede incluir familia, amigos o compañeros de trabajo cuya intención de voto conoces. Entiendes que: Las respuestas son anónimas; los investigadores no pueden identificar a los participantes. Los datos no pueden modificarse ni eliminarse una vez enviados. Los datos pueden publicarse de forma agregada bajo la licencia Open Data Commons Attribution. Los resultados no se publicarán antes de que hayan concluido las elecciones presidenciales de Chile de 2025. Por favor, responde a las siguientes preguntas considerando que has dado tu consentimiento para participar en la encuesta.";6;7;3;9;8;10;7;6;2;3;2;>54
"Eres una persona de más de 54 años de Chile. Has leído y aceptado participar en una encuesta realizada por un equipo de investigadores de estadística e informática que está recopilando datos sobre la intención de voto en las elecciones presidenciales de Chile de 2025. El grupo de contactos puede incluir familia, amigos o compañeros de trabajo cuya intención de voto conoces. Entiendes que: Las respuestas son anónimas; los investigadores no pueden identificar a los participantes. Los datos no pueden modificarse ni eliminarse una vez enviados. Los datos pueden publicarse de forma agregada bajo la licencia Open Data Commons Attribution. Los resultados no se publicarán antes de que hayan concluido las elecciones presidenciales de Chile de 2025. Por favor, responde a las siguientes preguntas considerando que has dado tu consentimiento para participar en la encuesta.";7;9;2;12;8;12;10;6;2;3;4;>54
"Eres una persona de más de 54 años de Chile. Has leído y aceptado participar en una encuesta realizada por un equipo de investigadores de estadística e informática que está recopilando datos sobre la intención de voto en las elecciones presidenciales de Chile de 2025. El grupo de contactos puede incluir familia, amigos o compañeros de trabajo cuya intención de voto conoces. Entiendes que: Las respuestas son anónimas; los investigadores no pueden identificar a los participantes. Los datos no pueden modificarse ni eliminarse una vez enviados. Los datos pueden publicarse de forma agregada bajo la licencia Open Data Commons Attribution. Los resultados no se publicarán antes de que hayan concluido las elecciones presidenciales de Chile de 2025. Por favor, responde a las siguientes preguntas considerando que has dado tu consentimiento para participar en la encuesta.";9;14;6;13;10;16;16;11;2;5;4;>54
"Eres una persona de más de 54 años de Chile. Has leído y aceptado participar en una encuesta realizada por un equipo de investigadores de estadística e informática que está recopilando datos sobre la intención de voto en las elecciones presidenciales de Chile de 2025. El grupo de contactos puede incluir familia, amigos o compañeros de trabajo cuya intención de voto conoces. Entiendes que: Las respuestas son anónimas; los investigadores no pueden identificar a los participantes. Los datos no pueden modificarse ni eliminarse una vez enviados. Los datos pueden publicarse de forma agregada bajo la licencia Open Data Commons Attribution. Los resultados no se publicarán antes de que hayan concluido las elecciones presidenciales de Chile de 2025. Por favor, responde a las siguientes preguntas considerando que has dado tu consentimiento para participar en la encuesta.";9;11;3;9;10;12;10;7;2;4;3;>54
"Eres una persona de más de 54 años de Chile. Has leído y aceptado participar en una encuesta realizada por un equipo de investigadores de estadística e informática que está recopilando datos sobre la intención de voto en las elecciones presidenciales de Chile de 2025. El grupo de contactos puede incluir familia, amigos o compañeros de trabajo cuya intención de voto conoces. Entiendes que: Las respuestas son anónimas; los investigadores no pueden identificar a los participantes. Los datos no pueden modificarse ni eliminarse una vez enviados. Los datos pueden publicarse de forma agregada bajo la licencia Open Data Commons Attribution. Los resultados no se publicarán antes de que hayan concluido las elecciones presidenciales de Chile de 2025. Por favor, responde a las siguientes preguntas considerando que has dado tu consentimiento para participar en la encuesta.";8;10;3;9;7;11;12;6;2;4;3;>54
"Eres una persona de más de 54 años de Chile. Has leído y aceptado participar en una encuesta realizada por un equipo de investigadores de estadística e informática que está recopilando datos sobre la intención de voto en las elecciones presidenciales de Chile de 2025. El grupo de contactos puede incluir familia, amigos o compañeros de trabajo cuya intención de voto conoces. Entiendes que: Las respuestas son anónimas; los investigadores no pueden identificar a los participantes. Los datos no pueden modificarse ni eliminarse una vez enviados. Los datos pueden publicarse de forma agregada bajo la licencia Open Data Commons Attribution. Los resultados no se publicarán antes de que hayan concluido las elecciones presidenciales de Chile de 2025. Por favor, responde a las siguientes preguntas considerando que has dado tu consentimiento para participar en la encuesta.";9;11;4;16;12;17;11;8;2;3;5;>54
"Eres una persona de más de 54 años de Chile. Has leído y aceptado participar en una encuesta realizada por un equipo de investigadores de estadística e informática que está recopilando datos sobre la intención de voto en las elecciones presidenciales de Chile de 2025. El grupo de contactos puede incluir familia, amigos o compañeros de trabajo cuya intención de voto conoces. Entiendes que: Las respuestas son anónimas; los investigadores no pueden identificar a los participantes. Los datos no pueden modificarse ni eliminarse una vez enviados. Los datos pueden publicarse de forma agregada bajo la licencia Open Data Commons Attribution. Los resultados no se publicarán antes de que hayan concluido las elecciones presidenciales de Chile de 2025. Por favor, responde a las siguientes preguntas considerando que has dado tu consentimiento para participar en la encuesta.";8;10;3;9;8;9;13;8;2;4;3;>54
"Eres una persona de más de 54 años de Chile. Has leído y aceptado participar en una encuesta realizada por un equipo de investigadores de estadística e informática que está recopilando datos sobre la intención de voto en las elecciones presidenciales de Chile de 2025. El grupo de contactos puede incluir familia, amigos o compañeros de trabajo cuya intención de voto conoces. Entiendes que: Las respuestas son anónimas; los investigadores no pueden identificar a los participantes. Los datos no pueden modificarse ni eliminarse una vez enviados. Los datos pueden publicarse de forma agregada bajo la licencia Open Data Commons Attribution. Los resultados no se publicarán antes de que hayan concluido las elecciones presidenciales de Chile de 2025. Por favor, responde a las siguientes preguntas considerando que has dado tu consentimiento para participar en la encuesta.";12;10;3;12;9;14;14;8;2;4;3;>54
"Eres una persona de más de 54 años de Chile. Has leído y aceptado participar en una encuesta realizada por un equipo de investigadores de estadística e informática que está recopilando datos sobre la intención de voto en las elecciones presidenciales de Chile de 2025. El grupo de contactos puede incluir familia, amigos o compañeros de trabajo cuya intención de voto conoces. Entiendes que: Las respuestas son anónimas; los investigadores no pueden identificar a los participantes. Los datos no pueden modificarse ni eliminarse una vez enviados. Los datos pueden publicarse de forma agregada bajo la licencia Open Data Commons Attribution. Los resultados no se publicarán antes de que hayan concluido las elecciones presidenciales de Chile de 2025. Por favor, responde a las siguientes preguntas considerando que has dado tu consentimiento para participar en la encuesta.";12;10;5;15;10;17;15;9;3;4;2;>54
"Eres una persona de más de 54 años de Chile. Has leído y aceptado participar en una encuesta realizada por un equipo de investigadores de estadística e informática que está recopilando datos sobre la intención de voto en las elecciones presidenciales de Chile de 2025. El grupo de contactos puede incluir familia, amigos o compañeros de trabajo cuya intención de voto conoces. Entiendes que: Las respuestas son anónimas; los investigadores no pueden identificar a los participantes. Los datos no pueden modificarse ni eliminarse una vez enviados. Los datos pueden publicarse de forma agregada bajo la licencia Open Data Commons Attribution. Los resultados no se publicarán antes de que hayan concluido las elecciones presidenciales de Chile de 2025. Por favor, responde a las siguientes preguntas considerando que has dado tu consentimiento para participar en la encuesta.";9;11;3;17;12;14;14;10;2;5;3;>54
"Eres una persona de más de 54 años de Chile. Has leído y aceptado participar en una encuesta realizada por un equipo de investigadores de estadística e informática que está recopilando datos sobre la intención de voto en las elecciones presidenciales de Chile de 2025. El grupo de contactos puede incluir familia, amigos o compañeros de trabajo cuya intención de voto conoces. Entiendes que: Las respuestas son anónimas; los investigadores no pueden identificar a los participantes. Los datos no pueden modificarse ni eliminarse una vez enviados. Los datos pueden publicarse de forma agregada bajo la licencia Open Data Commons Attribution. Los resultados no se publicarán antes de que hayan concluido las elecciones presidenciales de Chile de 2025. Por favor, responde a las siguientes preguntas considerando que has dado tu consentimiento para participar en la encuesta.";6;8;3;11;7;9;12;5;2;3;1;>54
"Eres una persona de más de 54 años de Chile. Has leído y aceptado participar en una encuesta realizada por un equipo de investigadores de estadística e informática que está recopilando datos sobre la intención de voto en las elecciones presidenciales de Chile de 2025. El grupo de contactos puede incluir familia, amigos o compañeros de trabajo cuya intención de voto conoces. Entiendes que: Las respuestas son anónimas; los investigadores no pueden identificar a los participantes. Los datos no pueden modificarse ni eliminarse una vez enviados. Los datos pueden publicarse de forma agregada bajo la licencia Open Data Commons Attribution. Los resultados no se publicarán antes de que hayan concluido las elecciones presidenciales de Chile de 2025. Por favor, responde a las siguientes preguntas considerando que has dado tu consentimiento para participar en la encuesta.";9;7;4;10;8;12;10;7;2;3;4;>54
"Eres una persona de más de 54 años de Chile. Has leído y aceptado participar en una encuesta realizada por un equipo de investigadores de estadística e informática que está recopilando datos sobre la intención de voto en las elecciones presidenciales de Chile de 2025. El grupo de contactos puede incluir familia, amigos o compañeros de trabajo cuya intención de voto conoces. Entiendes que: Las respuestas son anónimas; los investigadores no pueden identificar a los participantes. Los datos no pueden modificarse ni eliminarse una vez enviados. Los datos pueden publicarse de forma agregada bajo la licencia Open Data Commons Attribution. Los resultados no se publicarán antes de que hayan concluido las elecciones presidenciales de Chile de 2025. Por favor, responde a las siguientes preguntas considerando que has dado tu consentimiento para participar en la encuesta.";6;5;2;7;7;6;7;5;1;2;1;>54
"Eres una persona de más de 54 años de Chile. Has leído y aceptado participar en una encuesta realizada por un equipo de investigadores de estadística e informática que está recopilando datos sobre la intención de voto en las elecciones presidenciales de Chile de 2025. El grupo de contactos puede incluir familia, amigos o compañeros de trabajo cuya intención de voto conoces. Entiendes que: Las respuestas son anónimas; los investigadores no pueden identificar a los participantes. Los datos no pueden modificarse ni eliminarse una vez enviados. Los datos pueden publicarse de forma agregada bajo la licencia Open Data Commons Attribution. Los resultados no se publicarán antes de que hayan concluido las elecciones presidenciales de Chile de 2025. Por favor, responde a las siguientes preguntas considerando que has dado tu consentimiento para participar en la encuesta.";6;8;3;6;7;8;8;6;2;3;1;>54
"Eres una persona de más de 54 años de Chile. Has leído y aceptado participar en una encuesta realizada por un equipo de investigadores de estadística e informática que está recopilando datos sobre la intención de voto en las elecciones presidenciales de Chile de 2025. El grupo de contactos puede incluir familia, amigos o compañeros de trabajo cuya intención de voto conoces. Entiendes que: Las respuestas son anónimas; los investigadores no pueden identificar a los participantes. Los datos no pueden modificarse ni eliminarse una vez enviados. Los datos pueden publicarse de forma agregada bajo la licencia Open Data Commons Attribution. Los resultados no se publicarán antes de que hayan concluido las elecciones presidenciales de Chile de 2025. Por favor, responde a las siguientes preguntas considerando que has dado tu consentimiento para participar en la encuesta.";9;12;4;15;10;14;16;9;2;5;3;>54
"Eres una persona de más de 54 años de Chile. Has leído y aceptado participar en una encuesta realizada por un equipo de investigadores de estadística e informática que está recopilando datos sobre la intención de voto en las elecciones presidenciales de Chile de 2025. El grupo de contactos puede incluir familia, amigos o compañeros de trabajo cuya intención de voto conoces. Entiendes que: Las respuestas son anónimas; los investigadores no pueden identificar a los participantes. Los datos no pueden modificarse ni eliminarse una vez enviados. Los datos pueden publicarse de forma agregada bajo la licencia Open Data Commons Attribution. Los resultados no se publicarán antes de que hayan concluido las elecciones presidenciales de Chile de 2025. Por favor, responde a las siguientes preguntas considerando que has dado tu consentimiento para participar en la encuesta.";12;15;5;10;14;16;12;9;2;5;3;>54
