Age;JJR;JAKR;Blanco;NS/NC;age.18.34;age.35.54;age.mas.54;independent;unemployed;doctor;overseas;age
"Eres: una persona entre 18 y 24 años de Chile. Has leído y aceptado participar en una encuesta realizada por un equipo de investigadores de estadística e informática que está recopilando datos sobre la intención de voto en las elecciones presidenciales de Chile del 16 de noviembre de 2025. El grupo de contactos puede incluir familia, amigos o compañeros de trabajo cuya intención de voto conoces. Entiendes que: - Las respuestas son anónimas; los investigadores no pueden identificar a los participantes. - Los datos no pueden modificarse ni eliminarse una vez enviados. - Los datos pueden publicarse de forma agregada bajo la licencia Open Data Commons Attribution. - Los resultados no se publicarán antes de que hayan concluido las elecciones presidenciales de Chile de 2025. Por favor, responde a las siguientes preguntas considerando que has dado tu consentimiento para participar en la encuesta.";5;10;7;3;15;8;5;9;2;7;4;18-34
"Eres: una persona entre 18 y 24 años de Chile. Has leído y aceptado participar en una encuesta realizada por un equipo de investigadores de estadística e informática que está recopilando datos sobre la intención de voto en las elecciones presidenciales de Chile del 16 de noviembre de 2025. El grupo de contactos puede incluir familia, amigos o compañeros de trabajo cuya intención de voto conoces. Entiendes que: - Las respuestas son anónimas; los investigadores no pueden identificar a los participantes. - Los datos no pueden modificarse ni eliminarse una vez enviados. - Los datos pueden publicarse de forma agregada bajo la licencia Open Data Commons Attribution. - Los resultados no se publicarán antes de que hayan concluido las elecciones presidenciales de Chile de 2025. Por favor, responde a las siguientes preguntas considerando que has dado tu consentimiento para participar en la encuesta.";15;10;5;20;25;15;10;5;2;3;2;18-34
"Eres: una persona entre 18 y 24 años de Chile. Has leído y aceptado participar en una encuesta realizada por un equipo de investigadores de estadística e informática que está recopilando datos sobre la intención de voto en las elecciones presidenciales de Chile del 16 de noviembre de 2025. El grupo de contactos puede incluir familia, amigos o compañeros de trabajo cuya intención de voto conoces. Entiendes que: - Las respuestas son anónimas; los investigadores no pueden identificar a los participantes. - Los datos no pueden modificarse ni eliminarse una vez enviados. - Los datos pueden publicarse de forma agregada bajo la licencia Open Data Commons Attribution. - Los resultados no se publicarán antes de que hayan concluido las elecciones presidenciales de Chile de 2025. Por favor, responde a las siguientes preguntas considerando que has dado tu consentimiento para participar en la encuesta.";10;5;2;8;15;7;3;6;1;4;2;18-34
"Eres: una persona entre 18 y 24 años de Chile. Has leído y aceptado participar en una encuesta realizada por un equipo de investigadores de estadística e informática que está recopilando datos sobre la intención de voto en las elecciones presidenciales de Chile del 16 de noviembre de 2025. El grupo de contactos puede incluir familia, amigos o compañeros de trabajo cuya intención de voto conoces. Entiendes que: - Las respuestas son anónimas; los investigadores no pueden identificar a los participantes. - Los datos no pueden modificarse ni eliminarse una vez enviados. - Los datos pueden publicarse de forma agregada bajo la licencia Open Data Commons Attribution. - Los resultados no se publicarán antes de que hayan concluido las elecciones presidenciales de Chile de 2025. Por favor, responde a las siguientes preguntas considerando que has dado tu consentimiento para participar en la encuesta.";5;2;3;10;7;6;4;5;1;3;2;18-34
"Eres: una persona entre 18 y 24 años de Chile. Has leído y aceptado participar en una encuesta realizada por un equipo de investigadores de estadística e informática que está recopilando datos sobre la intención de voto en las elecciones presidenciales de Chile del 16 de noviembre de 2025. El grupo de contactos puede incluir familia, amigos o compañeros de trabajo cuya intención de voto conoces. Entiendes que: - Las respuestas son anónimas; los investigadores no pueden identificar a los participantes. - Los datos no pueden modificarse ni eliminarse una vez enviados. - Los datos pueden publicarse de forma agregada bajo la licencia Open Data Commons Attribution. - Los resultados no se publicarán antes de que hayan concluido las elecciones presidenciales de Chile de 2025. Por favor, responde a las siguientes preguntas considerando que has dado tu consentimiento para participar en la encuesta.";10;8;5;7;15;10;5;8;2;6;3;18-34
"Eres: una persona entre 18 y 24 años de Chile. Has leído y aceptado participar en una encuesta realizada por un equipo de investigadores de estadística e informática que está recopilando datos sobre la intención de voto en las elecciones presidenciales de Chile del 16 de noviembre de 2025. El grupo de contactos puede incluir familia, amigos o compañeros de trabajo cuya intención de voto conoces. Entiendes que: - Las respuestas son anónimas; los investigadores no pueden identificar a los participantes. - Los datos no pueden modificarse ni eliminarse una vez enviados. - Los datos pueden publicarse de forma agregada bajo la licencia Open Data Commons Attribution. - Los resultados no se publicarán antes de que hayan concluido las elecciones presidenciales de Chile de 2025. Por favor, responde a las siguientes preguntas considerando que has dado tu consentimiento para participar en la encuesta.";5;3;2;10;12;5;3;4;1;2;0;18-34
"Eres: una persona entre 18 y 24 años de Chile. Has leído y aceptado participar en una encuesta realizada por un equipo de investigadores de estadística e informática que está recopilando datos sobre la intención de voto en las elecciones presidenciales de Chile del 16 de noviembre de 2025. El grupo de contactos puede incluir familia, amigos o compañeros de trabajo cuya intención de voto conoces. Entiendes que: - Las respuestas son anónimas; los investigadores no pueden identificar a los participantes. - Los datos no pueden modificarse ni eliminarse una vez enviados. - Los datos pueden publicarse de forma agregada bajo la licencia Open Data Commons Attribution. - Los resultados no se publicarán antes de que hayan concluido las elecciones presidenciales de Chile de 2025. Por favor, responde a las siguientes preguntas considerando que has dado tu consentimiento para participar en la encuesta.";5;2;1;10;8;6;4;3;1;2;1;18-34
"Eres: una persona entre 18 y 24 años de Chile. Has leído y aceptado participar en una encuesta realizada por un equipo de investigadores de estadística e informática que está recopilando datos sobre la intención de voto en las elecciones presidenciales de Chile del 16 de noviembre de 2025. El grupo de contactos puede incluir familia, amigos o compañeros de trabajo cuya intención de voto conoces. Entiendes que: - Las respuestas son anónimas; los investigadores no pueden identificar a los participantes. - Los datos no pueden modificarse ni eliminarse una vez enviados. - Los datos pueden publicarse de forma agregada bajo la licencia Open Data Commons Attribution. - Los resultados no se publicarán antes de que hayan concluido las elecciones presidenciales de Chile de 2025. Por favor, responde a las siguientes preguntas considerando que has dado tu consentimiento para participar en la encuesta.";15;5;7;10;18;12;7;10;3;4;2;18-34
"Eres: una persona entre 18 y 24 años de Chile. Has leído y aceptado participar en una encuesta realizada por un equipo de investigadores de estadística e informática que está recopilando datos sobre la intención de voto en las elecciones presidenciales de Chile del 16 de noviembre de 2025. El grupo de contactos puede incluir familia, amigos o compañeros de trabajo cuya intención de voto conoces. Entiendes que: - Las respuestas son anónimas; los investigadores no pueden identificar a los participantes. - Los datos no pueden modificarse ni eliminarse una vez enviados. - Los datos pueden publicarse de forma agregada bajo la licencia Open Data Commons Attribution. - Los resultados no se publicarán antes de que hayan concluido las elecciones presidenciales de Chile de 2025. Por favor, responde a las siguientes preguntas considerando que has dado tu consentimiento para participar en la encuesta.";5;3;2;10;12;5;3;7;1;4;2;18-34
"Eres: una persona entre 18 y 24 años de Chile. Has leído y aceptado participar en una encuesta realizada por un equipo de investigadores de estadística e informática que está recopilando datos sobre la intención de voto en las elecciones presidenciales de Chile del 16 de noviembre de 2025. El grupo de contactos puede incluir familia, amigos o compañeros de trabajo cuya intención de voto conoces. Entiendes que: - Las respuestas son anónimas; los investigadores no pueden identificar a los participantes. - Los datos no pueden modificarse ni eliminarse una vez enviados. - Los datos pueden publicarse de forma agregada bajo la licencia Open Data Commons Attribution. - Los resultados no se publicarán antes de que hayan concluido las elecciones presidenciales de Chile de 2025. Por favor, responde a las siguientes preguntas considerando que has dado tu consentimiento para participar en la encuesta.";5;3;2;0;7;2;1;3;0;2;1;18-34
"Eres: una persona entre 18 y 24 años de Chile. Has leído y aceptado participar en una encuesta realizada por un equipo de investigadores de estadística e informática que está recopilando datos sobre la intención de voto en las elecciones presidenciales de Chile del 16 de noviembre de 2025. El grupo de contactos puede incluir familia, amigos o compañeros de trabajo cuya intención de voto conoces. Entiendes que: - Las respuestas son anónimas; los investigadores no pueden identificar a los participantes. - Los datos no pueden modificarse ni eliminarse una vez enviados. - Los datos pueden publicarse de forma agregada bajo la licencia Open Data Commons Attribution. - Los resultados no se publicarán antes de que hayan concluido las elecciones presidenciales de Chile de 2025. Por favor, responde a las siguientes preguntas considerando que has dado tu consentimiento para participar en la encuesta.";15;20;5;10;25;15;10;7;3;2;5;18-34
"Eres: una persona entre 18 y 24 años de Chile. Has leído y aceptado participar en una encuesta realizada por un equipo de investigadores de estadística e informática que está recopilando datos sobre la intención de voto en las elecciones presidenciales de Chile del 16 de noviembre de 2025. El grupo de contactos puede incluir familia, amigos o compañeros de trabajo cuya intención de voto conoces. Entiendes que: - Las respuestas son anónimas; los investigadores no pueden identificar a los participantes. - Los datos no pueden modificarse ni eliminarse una vez enviados. - Los datos pueden publicarse de forma agregada bajo la licencia Open Data Commons Attribution. - Los resultados no se publicarán antes de que hayan concluido las elecciones presidenciales de Chile de 2025. Por favor, responde a las siguientes preguntas considerando que has dado tu consentimiento para participar en la encuesta.";12;5;2;5;15;7;2;3;1;4;1;18-34
"Eres: una persona entre 18 y 24 años de Chile. Has leído y aceptado participar en una encuesta realizada por un equipo de investigadores de estadística e informática que está recopilando datos sobre la intención de voto en las elecciones presidenciales de Chile del 16 de noviembre de 2025. El grupo de contactos puede incluir familia, amigos o compañeros de trabajo cuya intención de voto conoces. Entiendes que: - Las respuestas son anónimas; los investigadores no pueden identificar a los participantes. - Los datos no pueden modificarse ni eliminarse una vez enviados. - Los datos pueden publicarse de forma agregada bajo la licencia Open Data Commons Attribution. - Los resultados no se publicarán antes de que hayan concluido las elecciones presidenciales de Chile de 2025. Por favor, responde a las siguientes preguntas considerando que has dado tu consentimiento para participar en la encuesta.";10;5;3;2;8;6;3;4;2;1;3;18-34
"Eres: una persona entre 18 y 24 años de Chile. Has leído y aceptado participar en una encuesta realizada por un equipo de investigadores de estadística e informática que está recopilando datos sobre la intención de voto en las elecciones presidenciales de Chile del 16 de noviembre de 2025. El grupo de contactos puede incluir familia, amigos o compañeros de trabajo cuya intención de voto conoces. Entiendes que: - Las respuestas son anónimas; los investigadores no pueden identificar a los participantes. - Los datos no pueden modificarse ni eliminarse una vez enviados. - Los datos pueden publicarse de forma agregada bajo la licencia Open Data Commons Attribution. - Los resultados no se publicarán antes de que hayan concluido las elecciones presidenciales de Chile de 2025. Por favor, responde a las siguientes preguntas considerando que has dado tu consentimiento para participar en la encuesta.";15;20;5;10;25;15;10;12;3;7;2;18-34
"Eres: una persona entre 18 y 24 años de Chile. Has leído y aceptado participar en una encuesta realizada por un equipo de investigadores de estadística e informática que está recopilando datos sobre la intención de voto en las elecciones presidenciales de Chile del 16 de noviembre de 2025. El grupo de contactos puede incluir familia, amigos o compañeros de trabajo cuya intención de voto conoces. Entiendes que: - Las respuestas son anónimas; los investigadores no pueden identificar a los participantes. - Los datos no pueden modificarse ni eliminarse una vez enviados. - Los datos pueden publicarse de forma agregada bajo la licencia Open Data Commons Attribution. - Los resultados no se publicarán antes de que hayan concluido las elecciones presidenciales de Chile de 2025. Por favor, responde a las siguientes preguntas considerando que has dado tu consentimiento para participar en la encuesta.";10;5;2;15;20;7;5;6;3;4;2;18-34
"Eres: una persona entre 18 y 24 años de Chile. Has leído y aceptado participar en una encuesta realizada por un equipo de investigadores de estadística e informática que está recopilando datos sobre la intención de voto en las elecciones presidenciales de Chile del 16 de noviembre de 2025. El grupo de contactos puede incluir familia, amigos o compañeros de trabajo cuya intención de voto conoces. Entiendes que: - Las respuestas son anónimas; los investigadores no pueden identificar a los participantes. - Los datos no pueden modificarse ni eliminarse una vez enviados. - Los datos pueden publicarse de forma agregada bajo la licencia Open Data Commons Attribution. - Los resultados no se publicarán antes de que hayan concluido las elecciones presidenciales de Chile de 2025. Por favor, responde a las siguientes preguntas considerando que has dado tu consentimiento para participar en la encuesta.";15;5;8;15;25;12;10;10;5;6;2;18-34
"Eres: una persona entre 18 y 24 años de Chile. Has leído y aceptado participar en una encuesta realizada por un equipo de investigadores de estadística e informática que está recopilando datos sobre la intención de voto en las elecciones presidenciales de Chile del 16 de noviembre de 2025. El grupo de contactos puede incluir familia, amigos o compañeros de trabajo cuya intención de voto conoces. Entiendes que: - Las respuestas son anónimas; los investigadores no pueden identificar a los participantes. - Los datos no pueden modificarse ni eliminarse una vez enviados. - Los datos pueden publicarse de forma agregada bajo la licencia Open Data Commons Attribution. - Los resultados no se publicarán antes de que hayan concluido las elecciones presidenciales de Chile de 2025. Por favor, responde a las siguientes preguntas considerando que has dado tu consentimiento para participar en la encuesta.";5;2;0;10;7;5;3;2;1;0;1;18-34
"Eres: una persona entre 18 y 24 años de Chile. Has leído y aceptado participar en una encuesta realizada por un equipo de investigadores de estadística e informática que está recopilando datos sobre la intención de voto en las elecciones presidenciales de Chile del 16 de noviembre de 2025. El grupo de contactos puede incluir familia, amigos o compañeros de trabajo cuya intención de voto conoces. Entiendes que: - Las respuestas son anónimas; los investigadores no pueden identificar a los participantes. - Los datos no pueden modificarse ni eliminarse una vez enviados. - Los datos pueden publicarse de forma agregada bajo la licencia Open Data Commons Attribution. - Los resultados no se publicarán antes de que hayan concluido las elecciones presidenciales de Chile de 2025. Por favor, responde a las siguientes preguntas considerando que has dado tu consentimiento para participar en la encuesta.";5;2;3;7;8;4;2;4;1;3;2;18-34
"Eres: una persona entre 18 y 24 años de Chile. Has leído y aceptado participar en una encuesta realizada por un equipo de investigadores de estadística e informática que está recopilando datos sobre la intención de voto en las elecciones presidenciales de Chile del 16 de noviembre de 2025. El grupo de contactos puede incluir familia, amigos o compañeros de trabajo cuya intención de voto conoces. Entiendes que: - Las respuestas son anónimas; los investigadores no pueden identificar a los participantes. - Los datos no pueden modificarse ni eliminarse una vez enviados. - Los datos pueden publicarse de forma agregada bajo la licencia Open Data Commons Attribution. - Los resultados no se publicarán antes de que hayan concluido las elecciones presidenciales de Chile de 2025. Por favor, responde a las siguientes preguntas considerando que has dado tu consentimiento para participar en la encuesta.";12;8;5;20;25;10;12;15;3;8;7;18-34
"Eres: una persona entre 18 y 24 años de Chile. Has leído y aceptado participar en una encuesta realizada por un equipo de investigadores de estadística e informática que está recopilando datos sobre la intención de voto en las elecciones presidenciales de Chile del 16 de noviembre de 2025. El grupo de contactos puede incluir familia, amigos o compañeros de trabajo cuya intención de voto conoces. Entiendes que: - Las respuestas son anónimas; los investigadores no pueden identificar a los participantes. - Los datos no pueden modificarse ni eliminarse una vez enviados. - Los datos pueden publicarse de forma agregada bajo la licencia Open Data Commons Attribution. - Los resultados no se publicarán antes de que hayan concluido las elecciones presidenciales de Chile de 2025. Por favor, responde a las siguientes preguntas considerando que has dado tu consentimiento para participar en la encuesta.";5;3;2;8;10;5;3;4;2;1;4;18-34
"Eres: una persona entre 18 y 24 años de Chile. Has leído y aceptado participar en una encuesta realizada por un equipo de investigadores de estadística e informática que está recopilando datos sobre la intención de voto en las elecciones presidenciales de Chile del 16 de noviembre de 2025. El grupo de contactos puede incluir familia, amigos o compañeros de trabajo cuya intención de voto conoces. Entiendes que: - Las respuestas son anónimas; los investigadores no pueden identificar a los participantes. - Los datos no pueden modificarse ni eliminarse una vez enviados. - Los datos pueden publicarse de forma agregada bajo la licencia Open Data Commons Attribution. - Los resultados no se publicarán antes de que hayan concluido las elecciones presidenciales de Chile de 2025. Por favor, responde a las siguientes preguntas considerando que has dado tu consentimiento para participar en la encuesta.";3;7;2;4;8;5;3;4;1;2;1;18-34
"Eres: una persona entre 18 y 24 años de Chile. Has leído y aceptado participar en una encuesta realizada por un equipo de investigadores de estadística e informática que está recopilando datos sobre la intención de voto en las elecciones presidenciales de Chile del 16 de noviembre de 2025. El grupo de contactos puede incluir familia, amigos o compañeros de trabajo cuya intención de voto conoces. Entiendes que: - Las respuestas son anónimas; los investigadores no pueden identificar a los participantes. - Los datos no pueden modificarse ni eliminarse una vez enviados. - Los datos pueden publicarse de forma agregada bajo la licencia Open Data Commons Attribution. - Los resultados no se publicarán antes de que hayan concluido las elecciones presidenciales de Chile de 2025. Por favor, responde a las siguientes preguntas considerando que has dado tu consentimiento para participar en la encuesta.";10;5;3;7;12;10;3;4;2;6;1;18-34
"Eres: una persona entre 18 y 24 años de Chile. Has leído y aceptado participar en una encuesta realizada por un equipo de investigadores de estadística e informática que está recopilando datos sobre la intención de voto en las elecciones presidenciales de Chile del 16 de noviembre de 2025. El grupo de contactos puede incluir familia, amigos o compañeros de trabajo cuya intención de voto conoces. Entiendes que: - Las respuestas son anónimas; los investigadores no pueden identificar a los participantes. - Los datos no pueden modificarse ni eliminarse una vez enviados. - Los datos pueden publicarse de forma agregada bajo la licencia Open Data Commons Attribution. - Los resultados no se publicarán antes de que hayan concluido las elecciones presidenciales de Chile de 2025. Por favor, responde a las siguientes preguntas considerando que has dado tu consentimiento para participar en la encuesta.";10;15;5;20;30;15;5;10;2;8;5;18-34
"Eres: una persona entre 18 y 24 años de Chile. Has leído y aceptado participar en una encuesta realizada por un equipo de investigadores de estadística e informática que está recopilando datos sobre la intención de voto en las elecciones presidenciales de Chile del 16 de noviembre de 2025. El grupo de contactos puede incluir familia, amigos o compañeros de trabajo cuya intención de voto conoces. Entiendes que: - Las respuestas son anónimas; los investigadores no pueden identificar a los participantes. - Los datos no pueden modificarse ni eliminarse una vez enviados. - Los datos pueden publicarse de forma agregada bajo la licencia Open Data Commons Attribution. - Los resultados no se publicarán antes de que hayan concluido las elecciones presidenciales de Chile de 2025. Por favor, responde a las siguientes preguntas considerando que has dado tu consentimiento para participar en la encuesta.";15;8;5;20;18;15;10;7;3;5;4;18-34
"Eres: una persona entre 18 y 24 años de Chile. Has leído y aceptado participar en una encuesta realizada por un equipo de investigadores de estadística e informática que está recopilando datos sobre la intención de voto en las elecciones presidenciales de Chile del 16 de noviembre de 2025. El grupo de contactos puede incluir familia, amigos o compañeros de trabajo cuya intención de voto conoces. Entiendes que: - Las respuestas son anónimas; los investigadores no pueden identificar a los participantes. - Los datos no pueden modificarse ni eliminarse una vez enviados. - Los datos pueden publicarse de forma agregada bajo la licencia Open Data Commons Attribution. - Los resultados no se publicarán antes de que hayan concluido las elecciones presidenciales de Chile de 2025. Por favor, responde a las siguientes preguntas considerando que has dado tu consentimiento para participar en la encuesta.";15;10;5;20;30;15;5;10;2;8;7;18-34
"Eres: una persona entre 18 y 24 años de Chile. Has leído y aceptado participar en una encuesta realizada por un equipo de investigadores de estadística e informática que está recopilando datos sobre la intención de voto en las elecciones presidenciales de Chile del 16 de noviembre de 2025. El grupo de contactos puede incluir familia, amigos o compañeros de trabajo cuya intención de voto conoces. Entiendes que: - Las respuestas son anónimas; los investigadores no pueden identificar a los participantes. - Los datos no pueden modificarse ni eliminarse una vez enviados. - Los datos pueden publicarse de forma agregada bajo la licencia Open Data Commons Attribution. - Los resultados no se publicarán antes de que hayan concluido las elecciones presidenciales de Chile de 2025. Por favor, responde a las siguientes preguntas considerando que has dado tu consentimiento para participar en la encuesta.";15;10;5;20;30;10;15;5;3;7;2;18-34
"Eres: una persona entre 18 y 24 años de Chile. Has leído y aceptado participar en una encuesta realizada por un equipo de investigadores de estadística e informática que está recopilando datos sobre la intención de voto en las elecciones presidenciales de Chile del 16 de noviembre de 2025. El grupo de contactos puede incluir familia, amigos o compañeros de trabajo cuya intención de voto conoces. Entiendes que: - Las respuestas son anónimas; los investigadores no pueden identificar a los participantes. - Los datos no pueden modificarse ni eliminarse una vez enviados. - Los datos pueden publicarse de forma agregada bajo la licencia Open Data Commons Attribution. - Los resultados no se publicarán antes de que hayan concluido las elecciones presidenciales de Chile de 2025. Por favor, responde a las siguientes preguntas considerando que has dado tu consentimiento para participar en la encuesta.";7;5;3;10;15;7;3;10;2;4;1;18-34
"Eres: una persona entre 18 y 24 años de Chile. Has leído y aceptado participar en una encuesta realizada por un equipo de investigadores de estadística e informática que está recopilando datos sobre la intención de voto en las elecciones presidenciales de Chile del 16 de noviembre de 2025. El grupo de contactos puede incluir familia, amigos o compañeros de trabajo cuya intención de voto conoces. Entiendes que: - Las respuestas son anónimas; los investigadores no pueden identificar a los participantes. - Los datos no pueden modificarse ni eliminarse una vez enviados. - Los datos pueden publicarse de forma agregada bajo la licencia Open Data Commons Attribution. - Los resultados no se publicarán antes de que hayan concluido las elecciones presidenciales de Chile de 2025. Por favor, responde a las siguientes preguntas considerando que has dado tu consentimiento para participar en la encuesta.";5;2;1;3;7;3;1;4;1;2;0;18-34
"Eres: una persona entre 25 y 34 años de Chile. Has leído y aceptado participar en una encuesta realizada por un equipo de investigadores de estadística e informática que está recopilando datos sobre la intención de voto en las elecciones presidenciales de Chile del 16 de noviembre de 2025. El grupo de contactos puede incluir familia, amigos o compañeros de trabajo cuya intención de voto conoces. Entiendes que: - Las respuestas son anónimas; los investigadores no pueden identificar a los participantes. - Los datos no pueden modificarse ni eliminarse una vez enviados. - Los datos pueden publicarse de forma agregada bajo la licencia Open Data Commons Attribution. - Los resultados no se publicarán antes de que hayan concluido las elecciones presidenciales de Chile de 2025. Por favor, responde a las siguientes preguntas considerando que has dado tu consentimiento para participar en la encuesta.";5;2;0;3;4;2;4;3;2;1;1;25-34
"Eres: una persona entre 25 y 34 años de Chile. Has leído y aceptado participar en una encuesta realizada por un equipo de investigadores de estadística e informática que está recopilando datos sobre la intención de voto en las elecciones presidenciales de Chile del 16 de noviembre de 2025. El grupo de contactos puede incluir familia, amigos o compañeros de trabajo cuya intención de voto conoces. Entiendes que: - Las respuestas son anónimas; los investigadores no pueden identificar a los participantes. - Los datos no pueden modificarse ni eliminarse una vez enviados. - Los datos pueden publicarse de forma agregada bajo la licencia Open Data Commons Attribution. - Los resultados no se publicarán antes de que hayan concluido las elecciones presidenciales de Chile de 2025. Por favor, responde a las siguientes preguntas considerando que has dado tu consentimiento para participar en la encuesta.";7;5;3;10;15;7;3;9;2;5;4;25-34
"Eres: una persona entre 25 y 34 años de Chile. Has leído y aceptado participar en una encuesta realizada por un equipo de investigadores de estadística e informática que está recopilando datos sobre la intención de voto en las elecciones presidenciales de Chile del 16 de noviembre de 2025. El grupo de contactos puede incluir familia, amigos o compañeros de trabajo cuya intención de voto conoces. Entiendes que: - Las respuestas son anónimas; los investigadores no pueden identificar a los participantes. - Los datos no pueden modificarse ni eliminarse una vez enviados. - Los datos pueden publicarse de forma agregada bajo la licencia Open Data Commons Attribution. - Los resultados no se publicarán antes de que hayan concluido las elecciones presidenciales de Chile de 2025. Por favor, responde a las siguientes preguntas considerando que has dado tu consentimiento para participar en la encuesta.";5;2;1;4;6;3;3;2;1;0;2;25-34
"Eres: una persona entre 25 y 34 años de Chile. Has leído y aceptado participar en una encuesta realizada por un equipo de investigadores de estadística e informática que está recopilando datos sobre la intención de voto en las elecciones presidenciales de Chile del 16 de noviembre de 2025. El grupo de contactos puede incluir familia, amigos o compañeros de trabajo cuya intención de voto conoces. Entiendes que: - Las respuestas son anónimas; los investigadores no pueden identificar a los participantes. - Los datos no pueden modificarse ni eliminarse una vez enviados. - Los datos pueden publicarse de forma agregada bajo la licencia Open Data Commons Attribution. - Los resultados no se publicarán antes de que hayan concluido las elecciones presidenciales de Chile de 2025. Por favor, responde a las siguientes preguntas considerando que has dado tu consentimiento para participar en la encuesta.";5;8;0;7;8;7;5;6;2;3;1;25-34
"Eres: una persona entre 25 y 34 años de Chile. Has leído y aceptado participar en una encuesta realizada por un equipo de investigadores de estadística e informática que está recopilando datos sobre la intención de voto en las elecciones presidenciales de Chile del 16 de noviembre de 2025. El grupo de contactos puede incluir familia, amigos o compañeros de trabajo cuya intención de voto conoces. Entiendes que: - Las respuestas son anónimas; los investigadores no pueden identificar a los participantes. - Los datos no pueden modificarse ni eliminarse una vez enviados. - Los datos pueden publicarse de forma agregada bajo la licencia Open Data Commons Attribution. - Los resultados no se publicarán antes de que hayan concluido las elecciones presidenciales de Chile de 2025. Por favor, responde a las siguientes preguntas considerando que has dado tu consentimiento para participar en la encuesta.";8;12;3;7;15;8;7;6;2;4;3;25-34
"Eres: una persona entre 25 y 34 años de Chile. Has leído y aceptado participar en una encuesta realizada por un equipo de investigadores de estadística e informática que está recopilando datos sobre la intención de voto en las elecciones presidenciales de Chile del 16 de noviembre de 2025. El grupo de contactos puede incluir familia, amigos o compañeros de trabajo cuya intención de voto conoces. Entiendes que: - Las respuestas son anónimas; los investigadores no pueden identificar a los participantes. - Los datos no pueden modificarse ni eliminarse una vez enviados. - Los datos pueden publicarse de forma agregada bajo la licencia Open Data Commons Attribution. - Los resultados no se publicarán antes de que hayan concluido las elecciones presidenciales de Chile de 2025. Por favor, responde a las siguientes preguntas considerando que has dado tu consentimiento para participar en la encuesta.";5;2;3;1;7;3;1;3;1;2;0;25-34
"Eres: una persona entre 25 y 34 años de Chile. Has leído y aceptado participar en una encuesta realizada por un equipo de investigadores de estadística e informática que está recopilando datos sobre la intención de voto en las elecciones presidenciales de Chile del 16 de noviembre de 2025. El grupo de contactos puede incluir familia, amigos o compañeros de trabajo cuya intención de voto conoces. Entiendes que: - Las respuestas son anónimas; los investigadores no pueden identificar a los participantes. - Los datos no pueden modificarse ni eliminarse una vez enviados. - Los datos pueden publicarse de forma agregada bajo la licencia Open Data Commons Attribution. - Los resultados no se publicarán antes de que hayan concluido las elecciones presidenciales de Chile de 2025. Por favor, responde a las siguientes preguntas considerando que has dado tu consentimiento para participar en la encuesta.";15;6;9;10;15;14;11;8;7;2;3;25-34
"Eres: una persona entre 25 y 34 años de Chile. Has leído y aceptado participar en una encuesta realizada por un equipo de investigadores de estadística e informática que está recopilando datos sobre la intención de voto en las elecciones presidenciales de Chile del 16 de noviembre de 2025. El grupo de contactos puede incluir familia, amigos o compañeros de trabajo cuya intención de voto conoces. Entiendes que: - Las respuestas son anónimas; los investigadores no pueden identificar a los participantes. - Los datos no pueden modificarse ni eliminarse una vez enviados. - Los datos pueden publicarse de forma agregada bajo la licencia Open Data Commons Attribution. - Los resultados no se publicarán antes de que hayan concluido las elecciones presidenciales de Chile de 2025. Por favor, responde a las siguientes preguntas considerando que has dado tu consentimiento para participar en la encuesta.";2;5;1;6;3;4;7;2;1;1;0;25-34
"Eres: una persona entre 25 y 34 años de Chile. Has leído y aceptado participar en una encuesta realizada por un equipo de investigadores de estadística e informática que está recopilando datos sobre la intención de voto en las elecciones presidenciales de Chile del 16 de noviembre de 2025. El grupo de contactos puede incluir familia, amigos o compañeros de trabajo cuya intención de voto conoces. Entiendes que: - Las respuestas son anónimas; los investigadores no pueden identificar a los participantes. - Los datos no pueden modificarse ni eliminarse una vez enviados. - Los datos pueden publicarse de forma agregada bajo la licencia Open Data Commons Attribution. - Los resultados no se publicarán antes de que hayan concluido las elecciones presidenciales de Chile de 2025. Por favor, responde a las siguientes preguntas considerando que has dado tu consentimiento para participar en la encuesta.";5;3;2;8;7;6;4;3;1;3;2;25-34
"Eres: una persona entre 25 y 34 años de Chile. Has leído y aceptado participar en una encuesta realizada por un equipo de investigadores de estadística e informática que está recopilando datos sobre la intención de voto en las elecciones presidenciales de Chile del 16 de noviembre de 2025. El grupo de contactos puede incluir familia, amigos o compañeros de trabajo cuya intención de voto conoces. Entiendes que: - Las respuestas son anónimas; los investigadores no pueden identificar a los participantes. - Los datos no pueden modificarse ni eliminarse una vez enviados. - Los datos pueden publicarse de forma agregada bajo la licencia Open Data Commons Attribution. - Los resultados no se publicarán antes de que hayan concluido las elecciones presidenciales de Chile de 2025. Por favor, responde a las siguientes preguntas considerando que has dado tu consentimiento para participar en la encuesta.";5;10;2;8;10;10;5;7;2;4;3;25-34
"Eres: una persona entre 25 y 34 años de Chile. Has leído y aceptado participar en una encuesta realizada por un equipo de investigadores de estadística e informática que está recopilando datos sobre la intención de voto en las elecciones presidenciales de Chile del 16 de noviembre de 2025. El grupo de contactos puede incluir familia, amigos o compañeros de trabajo cuya intención de voto conoces. Entiendes que: - Las respuestas son anónimas; los investigadores no pueden identificar a los participantes. - Los datos no pueden modificarse ni eliminarse una vez enviados. - Los datos pueden publicarse de forma agregada bajo la licencia Open Data Commons Attribution. - Los resultados no se publicarán antes de que hayan concluido las elecciones presidenciales de Chile de 2025. Por favor, responde a las siguientes preguntas considerando que has dado tu consentimiento para participar en la encuesta.";10;5;8;7;15;10;5;7;4;6;7;25-34
"Eres: una persona entre 25 y 34 años de Chile. Has leído y aceptado participar en una encuesta realizada por un equipo de investigadores de estadística e informática que está recopilando datos sobre la intención de voto en las elecciones presidenciales de Chile del 16 de noviembre de 2025. El grupo de contactos puede incluir familia, amigos o compañeros de trabajo cuya intención de voto conoces. Entiendes que: - Las respuestas son anónimas; los investigadores no pueden identificar a los participantes. - Los datos no pueden modificarse ni eliminarse una vez enviados. - Los datos pueden publicarse de forma agregada bajo la licencia Open Data Commons Attribution. - Los resultados no se publicarán antes de que hayan concluido las elecciones presidenciales de Chile de 2025. Por favor, responde a las siguientes preguntas considerando que has dado tu consentimiento para participar en la encuesta.";12;7;5;15;20;10;9;7;2;4;3;25-34
"Eres: una persona entre 25 y 34 años de Chile. Has leído y aceptado participar en una encuesta realizada por un equipo de investigadores de estadística e informática que está recopilando datos sobre la intención de voto en las elecciones presidenciales de Chile del 16 de noviembre de 2025. El grupo de contactos puede incluir familia, amigos o compañeros de trabajo cuya intención de voto conoces. Entiendes que: - Las respuestas son anónimas; los investigadores no pueden identificar a los participantes. - Los datos no pueden modificarse ni eliminarse una vez enviados. - Los datos pueden publicarse de forma agregada bajo la licencia Open Data Commons Attribution. - Los resultados no se publicarán antes de que hayan concluido las elecciones presidenciales de Chile de 2025. Por favor, responde a las siguientes preguntas considerando que has dado tu consentimiento para participar en la encuesta.";5;3;6;2;8;7;1;4;2;3;1;25-34
"Eres: una persona entre 25 y 34 años de Chile. Has leído y aceptado participar en una encuesta realizada por un equipo de investigadores de estadística e informática que está recopilando datos sobre la intención de voto en las elecciones presidenciales de Chile del 16 de noviembre de 2025. El grupo de contactos puede incluir familia, amigos o compañeros de trabajo cuya intención de voto conoces. Entiendes que: - Las respuestas son anónimas; los investigadores no pueden identificar a los participantes. - Los datos no pueden modificarse ni eliminarse una vez enviados. - Los datos pueden publicarse de forma agregada bajo la licencia Open Data Commons Attribution. - Los resultados no se publicarán antes de que hayan concluido las elecciones presidenciales de Chile de 2025. Por favor, responde a las siguientes preguntas considerando que has dado tu consentimiento para participar en la encuesta.";10;5;3;7;12;7;6;9;2;3;2;25-34
"Eres: una persona entre 25 y 34 años de Chile. Has leído y aceptado participar en una encuesta realizada por un equipo de investigadores de estadística e informática que está recopilando datos sobre la intención de voto en las elecciones presidenciales de Chile del 16 de noviembre de 2025. El grupo de contactos puede incluir familia, amigos o compañeros de trabajo cuya intención de voto conoces. Entiendes que: - Las respuestas son anónimas; los investigadores no pueden identificar a los participantes. - Los datos no pueden modificarse ni eliminarse una vez enviados. - Los datos pueden publicarse de forma agregada bajo la licencia Open Data Commons Attribution. - Los resultados no se publicarán antes de que hayan concluido las elecciones presidenciales de Chile de 2025. Por favor, responde a las siguientes preguntas considerando que has dado tu consentimiento para participar en la encuesta.";15;20;10;5;25;15;10;12;3;7;20;25-34
"Eres: una persona entre 25 y 34 años de Chile. Has leído y aceptado participar en una encuesta realizada por un equipo de investigadores de estadística e informática que está recopilando datos sobre la intención de voto en las elecciones presidenciales de Chile del 16 de noviembre de 2025. El grupo de contactos puede incluir familia, amigos o compañeros de trabajo cuya intención de voto conoces. Entiendes que: - Las respuestas son anónimas; los investigadores no pueden identificar a los participantes. - Los datos no pueden modificarse ni eliminarse una vez enviados. - Los datos pueden publicarse de forma agregada bajo la licencia Open Data Commons Attribution. - Los resultados no se publicarán antes de que hayan concluido las elecciones presidenciales de Chile de 2025. Por favor, responde a las siguientes preguntas considerando que has dado tu consentimiento para participar en la encuesta.";5;3;2;10;8;6;6;4;1;2;3;25-34
"Eres: una persona entre 25 y 34 años de Chile. Has leído y aceptado participar en una encuesta realizada por un equipo de investigadores de estadística e informática que está recopilando datos sobre la intención de voto en las elecciones presidenciales de Chile del 16 de noviembre de 2025. El grupo de contactos puede incluir familia, amigos o compañeros de trabajo cuya intención de voto conoces. Entiendes que: - Las respuestas son anónimas; los investigadores no pueden identificar a los participantes. - Los datos no pueden modificarse ni eliminarse una vez enviados. - Los datos pueden publicarse de forma agregada bajo la licencia Open Data Commons Attribution. - Los resultados no se publicarán antes de que hayan concluido las elecciones presidenciales de Chile de 2025. Por favor, responde a las siguientes preguntas considerando que has dado tu consentimiento para participar en la encuesta.";10;5;3;6;12;9;3;7;2;1;4;25-34
"Eres: una persona entre 25 y 34 años de Chile. Has leído y aceptado participar en una encuesta realizada por un equipo de investigadores de estadística e informática que está recopilando datos sobre la intención de voto en las elecciones presidenciales de Chile del 16 de noviembre de 2025. El grupo de contactos puede incluir familia, amigos o compañeros de trabajo cuya intención de voto conoces. Entiendes que: - Las respuestas son anónimas; los investigadores no pueden identificar a los participantes. - Los datos no pueden modificarse ni eliminarse una vez enviados. - Los datos pueden publicarse de forma agregada bajo la licencia Open Data Commons Attribution. - Los resultados no se publicarán antes de que hayan concluido las elecciones presidenciales de Chile de 2025. Por favor, responde a las siguientes preguntas considerando que has dado tu consentimiento para participar en la encuesta.";2;5;3;8;10;4;2;3;2;1;0;25-34
"Eres: una persona entre 25 y 34 años de Chile. Has leído y aceptado participar en una encuesta realizada por un equipo de investigadores de estadística e informática que está recopilando datos sobre la intención de voto en las elecciones presidenciales de Chile del 16 de noviembre de 2025. El grupo de contactos puede incluir familia, amigos o compañeros de trabajo cuya intención de voto conoces. Entiendes que: - Las respuestas son anónimas; los investigadores no pueden identificar a los participantes. - Los datos no pueden modificarse ni eliminarse una vez enviados. - Los datos pueden publicarse de forma agregada bajo la licencia Open Data Commons Attribution. - Los resultados no se publicarán antes de que hayan concluido las elecciones presidenciales de Chile de 2025. Por favor, responde a las siguientes preguntas considerando que has dado tu consentimiento para participar en la encuesta.";5;3;2;10;8;7;5;3;1;2;4;25-34
"Eres: una persona entre 25 y 34 años de Chile. Has leído y aceptado participar en una encuesta realizada por un equipo de investigadores de estadística e informática que está recopilando datos sobre la intención de voto en las elecciones presidenciales de Chile del 16 de noviembre de 2025. El grupo de contactos puede incluir familia, amigos o compañeros de trabajo cuya intención de voto conoces. Entiendes que: - Las respuestas son anónimas; los investigadores no pueden identificar a los participantes. - Los datos no pueden modificarse ni eliminarse una vez enviados. - Los datos pueden publicarse de forma agregada bajo la licencia Open Data Commons Attribution. - Los resultados no se publicarán antes de que hayan concluido las elecciones presidenciales de Chile de 2025. Por favor, responde a las siguientes preguntas considerando que has dado tu consentimiento para participar en la encuesta.";4;1;2;3;6;3;1;2;1;0;1;25-34
"Eres: una persona entre 25 y 34 años de Chile. Has leído y aceptado participar en una encuesta realizada por un equipo de investigadores de estadística e informática que está recopilando datos sobre la intención de voto en las elecciones presidenciales de Chile del 16 de noviembre de 2025. El grupo de contactos puede incluir familia, amigos o compañeros de trabajo cuya intención de voto conoces. Entiendes que: - Las respuestas son anónimas; los investigadores no pueden identificar a los participantes. - Los datos no pueden modificarse ni eliminarse una vez enviados. - Los datos pueden publicarse de forma agregada bajo la licencia Open Data Commons Attribution. - Los resultados no se publicarán antes de que hayan concluido las elecciones presidenciales de Chile de 2025. Por favor, responde a las siguientes preguntas considerando que has dado tu consentimiento para participar en la encuesta.";3;5;2;4;6;7;2;1;0;3;2;25-34
"Eres: una persona entre 25 y 34 años de Chile. Has leído y aceptado participar en una encuesta realizada por un equipo de investigadores de estadística e informática que está recopilando datos sobre la intención de voto en las elecciones presidenciales de Chile del 16 de noviembre de 2025. El grupo de contactos puede incluir familia, amigos o compañeros de trabajo cuya intención de voto conoces. Entiendes que: - Las respuestas son anónimas; los investigadores no pueden identificar a los participantes. - Los datos no pueden modificarse ni eliminarse una vez enviados. - Los datos pueden publicarse de forma agregada bajo la licencia Open Data Commons Attribution. - Los resultados no se publicarán antes de que hayan concluido las elecciones presidenciales de Chile de 2025. Por favor, responde a las siguientes preguntas considerando que has dado tu consentimiento para participar en la encuesta.";7;12;4;17;15;10;15;5;3;4;6;25-34
"Eres: una persona entre 25 y 34 años de Chile. Has leído y aceptado participar en una encuesta realizada por un equipo de investigadores de estadística e informática que está recopilando datos sobre la intención de voto en las elecciones presidenciales de Chile del 16 de noviembre de 2025. El grupo de contactos puede incluir familia, amigos o compañeros de trabajo cuya intención de voto conoces. Entiendes que: - Las respuestas son anónimas; los investigadores no pueden identificar a los participantes. - Los datos no pueden modificarse ni eliminarse una vez enviados. - Los datos pueden publicarse de forma agregada bajo la licencia Open Data Commons Attribution. - Los resultados no se publicarán antes de que hayan concluido las elecciones presidenciales de Chile de 2025. Por favor, responde a las siguientes preguntas considerando que has dado tu consentimiento para participar en la encuesta.";5;3;2;7;6;4;7;4;0;2;1;25-34
"Eres: una persona entre 25 y 34 años de Chile. Has leído y aceptado participar en una encuesta realizada por un equipo de investigadores de estadística e informática que está recopilando datos sobre la intención de voto en las elecciones presidenciales de Chile del 16 de noviembre de 2025. El grupo de contactos puede incluir familia, amigos o compañeros de trabajo cuya intención de voto conoces. Entiendes que: - Las respuestas son anónimas; los investigadores no pueden identificar a los participantes. - Los datos no pueden modificarse ni eliminarse una vez enviados. - Los datos pueden publicarse de forma agregada bajo la licencia Open Data Commons Attribution. - Los resultados no se publicarán antes de que hayan concluido las elecciones presidenciales de Chile de 2025. Por favor, responde a las siguientes preguntas considerando que has dado tu consentimiento para participar en la encuesta.";1;2;0;5;3;2;1;3;0;1;2;25-34
"Eres: una persona entre 25 y 34 años de Chile. Has leído y aceptado participar en una encuesta realizada por un equipo de investigadores de estadística e informática que está recopilando datos sobre la intención de voto en las elecciones presidenciales de Chile del 16 de noviembre de 2025. El grupo de contactos puede incluir familia, amigos o compañeros de trabajo cuya intención de voto conoces. Entiendes que: - Las respuestas son anónimas; los investigadores no pueden identificar a los participantes. - Los datos no pueden modificarse ni eliminarse una vez enviados. - Los datos pueden publicarse de forma agregada bajo la licencia Open Data Commons Attribution. - Los resultados no se publicarán antes de que hayan concluido las elecciones presidenciales de Chile de 2025. Por favor, responde a las siguientes preguntas considerando que has dado tu consentimiento para participar en la encuesta.";15;20;5;10;20;15;15;12;3;7;2;25-34
"Eres: una persona entre 25 y 34 años de Chile. Has leído y aceptado participar en una encuesta realizada por un equipo de investigadores de estadística e informática que está recopilando datos sobre la intención de voto en las elecciones presidenciales de Chile del 16 de noviembre de 2025. El grupo de contactos puede incluir familia, amigos o compañeros de trabajo cuya intención de voto conoces. Entiendes que: - Las respuestas son anónimas; los investigadores no pueden identificar a los participantes. - Los datos no pueden modificarse ni eliminarse una vez enviados. - Los datos pueden publicarse de forma agregada bajo la licencia Open Data Commons Attribution. - Los resultados no se publicarán antes de que hayan concluido las elecciones presidenciales de Chile de 2025. Por favor, responde a las siguientes preguntas considerando que has dado tu consentimiento para participar en la encuesta.";5;2;3;8;10;5;3;4;0;2;1;25-34
"Eres: una persona entre 25 y 34 años de Chile. Has leído y aceptado participar en una encuesta realizada por un equipo de investigadores de estadística e informática que está recopilando datos sobre la intención de voto en las elecciones presidenciales de Chile del 16 de noviembre de 2025. El grupo de contactos puede incluir familia, amigos o compañeros de trabajo cuya intención de voto conoces. Entiendes que: - Las respuestas son anónimas; los investigadores no pueden identificar a los participantes. - Los datos no pueden modificarse ni eliminarse una vez enviados. - Los datos pueden publicarse de forma agregada bajo la licencia Open Data Commons Attribution. - Los resultados no se publicarán antes de que hayan concluido las elecciones presidenciales de Chile de 2025. Por favor, responde a las siguientes preguntas considerando que has dado tu consentimiento para participar en la encuesta.";5;7;3;10;12;9;4;6;2;1;3;25-34
"Eres: una persona entre 25 y 34 años de Chile. Has leído y aceptado participar en una encuesta realizada por un equipo de investigadores de estadística e informática que está recopilando datos sobre la intención de voto en las elecciones presidenciales de Chile del 16 de noviembre de 2025. El grupo de contactos puede incluir familia, amigos o compañeros de trabajo cuya intención de voto conoces. Entiendes que: - Las respuestas son anónimas; los investigadores no pueden identificar a los participantes. - Los datos no pueden modificarse ni eliminarse una vez enviados. - Los datos pueden publicarse de forma agregada bajo la licencia Open Data Commons Attribution. - Los resultados no se publicarán antes de que hayan concluido las elecciones presidenciales de Chile de 2025. Por favor, responde a las siguientes preguntas considerando que has dado tu consentimiento para participar en la encuesta.";5;3;2;6;8;5;3;4;1;2;1;25-34
"Eres: una persona entre 25 y 34 años de Chile. Has leído y aceptado participar en una encuesta realizada por un equipo de investigadores de estadística e informática que está recopilando datos sobre la intención de voto en las elecciones presidenciales de Chile del 16 de noviembre de 2025. El grupo de contactos puede incluir familia, amigos o compañeros de trabajo cuya intención de voto conoces. Entiendes que: - Las respuestas son anónimas; los investigadores no pueden identificar a los participantes. - Los datos no pueden modificarse ni eliminarse una vez enviados. - Los datos pueden publicarse de forma agregada bajo la licencia Open Data Commons Attribution. - Los resultados no se publicarán antes de que hayan concluido las elecciones presidenciales de Chile de 2025. Por favor, responde a las siguientes preguntas considerando que has dado tu consentimiento para participar en la encuesta.";15;10;5;20;25;15;10;20;5;10;15;25-34
"Eres: una persona entre 25 y 34 años de Chile. Has leído y aceptado participar en una encuesta realizada por un equipo de investigadores de estadística e informática que está recopilando datos sobre la intención de voto en las elecciones presidenciales de Chile del 16 de noviembre de 2025. El grupo de contactos puede incluir familia, amigos o compañeros de trabajo cuya intención de voto conoces. Entiendes que: - Las respuestas son anónimas; los investigadores no pueden identificar a los participantes. - Los datos no pueden modificarse ni eliminarse una vez enviados. - Los datos pueden publicarse de forma agregada bajo la licencia Open Data Commons Attribution. - Los resultados no se publicarán antes de que hayan concluido las elecciones presidenciales de Chile de 2025. Por favor, responde a las siguientes preguntas considerando que has dado tu consentimiento para participar en la encuesta.";4;7;2;12;8;12;5;6;2;3;4;25-34
"Eres: una persona entre 25 y 34 años de Chile. Has leído y aceptado participar en una encuesta realizada por un equipo de investigadores de estadística e informática que está recopilando datos sobre la intención de voto en las elecciones presidenciales de Chile del 16 de noviembre de 2025. El grupo de contactos puede incluir familia, amigos o compañeros de trabajo cuya intención de voto conoces. Entiendes que: - Las respuestas son anónimas; los investigadores no pueden identificar a los participantes. - Los datos no pueden modificarse ni eliminarse una vez enviados. - Los datos pueden publicarse de forma agregada bajo la licencia Open Data Commons Attribution. - Los resultados no se publicarán antes de que hayan concluido las elecciones presidenciales de Chile de 2025. Por favor, responde a las siguientes preguntas considerando que has dado tu consentimiento para participar en la encuesta.";5;3;2;6;10;3;5;8;2;1;3;25-34
"Eres: una persona entre 25 y 34 años de Chile. Has leído y aceptado participar en una encuesta realizada por un equipo de investigadores de estadística e informática que está recopilando datos sobre la intención de voto en las elecciones presidenciales de Chile del 16 de noviembre de 2025. El grupo de contactos puede incluir familia, amigos o compañeros de trabajo cuya intención de voto conoces. Entiendes que: - Las respuestas son anónimas; los investigadores no pueden identificar a los participantes. - Los datos no pueden modificarse ni eliminarse una vez enviados. - Los datos pueden publicarse de forma agregada bajo la licencia Open Data Commons Attribution. - Los resultados no se publicarán antes de que hayan concluido las elecciones presidenciales de Chile de 2025. Por favor, responde a las siguientes preguntas considerando que has dado tu consentimiento para participar en la encuesta.";5;10;3;7;15;5;4;6;3;2;2;25-34
"Eres: una persona entre 25 y 34 años de Chile. Has leído y aceptado participar en una encuesta realizada por un equipo de investigadores de estadística e informática que está recopilando datos sobre la intención de voto en las elecciones presidenciales de Chile del 16 de noviembre de 2025. El grupo de contactos puede incluir familia, amigos o compañeros de trabajo cuya intención de voto conoces. Entiendes que: - Las respuestas son anónimas; los investigadores no pueden identificar a los participantes. - Los datos no pueden modificarse ni eliminarse una vez enviados. - Los datos pueden publicarse de forma agregada bajo la licencia Open Data Commons Attribution. - Los resultados no se publicarán antes de que hayan concluido las elecciones presidenciales de Chile de 2025. Por favor, responde a las siguientes preguntas considerando que has dado tu consentimiento para participar en la encuesta.";5;10;4;15;20;10;5;7;3;2;8;25-34
"Eres: una persona entre 25 y 34 años de Chile. Has leído y aceptado participar en una encuesta realizada por un equipo de investigadores de estadística e informática que está recopilando datos sobre la intención de voto en las elecciones presidenciales de Chile del 16 de noviembre de 2025. El grupo de contactos puede incluir familia, amigos o compañeros de trabajo cuya intención de voto conoces. Entiendes que: - Las respuestas son anónimas; los investigadores no pueden identificar a los participantes. - Los datos no pueden modificarse ni eliminarse una vez enviados. - Los datos pueden publicarse de forma agregada bajo la licencia Open Data Commons Attribution. - Los resultados no se publicarán antes de que hayan concluido las elecciones presidenciales de Chile de 2025. Por favor, responde a las siguientes preguntas considerando que has dado tu consentimiento para participar en la encuesta.";3;5;1;10;8;6;5;4;2;1;3;25-34
"Eres: una persona entre 25 y 34 años de Chile. Has leído y aceptado participar en una encuesta realizada por un equipo de investigadores de estadística e informática que está recopilando datos sobre la intención de voto en las elecciones presidenciales de Chile del 16 de noviembre de 2025. El grupo de contactos puede incluir familia, amigos o compañeros de trabajo cuya intención de voto conoces. Entiendes que: - Las respuestas son anónimas; los investigadores no pueden identificar a los participantes. - Los datos no pueden modificarse ni eliminarse una vez enviados. - Los datos pueden publicarse de forma agregada bajo la licencia Open Data Commons Attribution. - Los resultados no se publicarán antes de que hayan concluido las elecciones presidenciales de Chile de 2025. Por favor, responde a las siguientes preguntas considerando que has dado tu consentimiento para participar en la encuesta.";15;20;5;10;25;15;10;12;3;8;2;25-34
"Eres: una persona entre 25 y 34 años de Chile. Has leído y aceptado participar en una encuesta realizada por un equipo de investigadores de estadística e informática que está recopilando datos sobre la intención de voto en las elecciones presidenciales de Chile del 16 de noviembre de 2025. El grupo de contactos puede incluir familia, amigos o compañeros de trabajo cuya intención de voto conoces. Entiendes que: - Las respuestas son anónimas; los investigadores no pueden identificar a los participantes. - Los datos no pueden modificarse ni eliminarse una vez enviados. - Los datos pueden publicarse de forma agregada bajo la licencia Open Data Commons Attribution. - Los resultados no se publicarán antes de que hayan concluido las elecciones presidenciales de Chile de 2025. Por favor, responde a las siguientes preguntas considerando que has dado tu consentimiento para participar en la encuesta.";10;15;5;10;25;15;10;5;2;8;3;25-34
"Eres: una persona entre 25 y 34 años de Chile. Has leído y aceptado participar en una encuesta realizada por un equipo de investigadores de estadística e informática que está recopilando datos sobre la intención de voto en las elecciones presidenciales de Chile del 16 de noviembre de 2025. El grupo de contactos puede incluir familia, amigos o compañeros de trabajo cuya intención de voto conoces. Entiendes que: - Las respuestas son anónimas; los investigadores no pueden identificar a los participantes. - Los datos no pueden modificarse ni eliminarse una vez enviados. - Los datos pueden publicarse de forma agregada bajo la licencia Open Data Commons Attribution. - Los resultados no se publicarán antes de que hayan concluido las elecciones presidenciales de Chile de 2025. Por favor, responde a las siguientes preguntas considerando que has dado tu consentimiento para participar en la encuesta.";5;3;1;6;7;4;4;2;1;3;1;25-34
"Eres: una persona entre 25 y 34 años de Chile. Has leído y aceptado participar en una encuesta realizada por un equipo de investigadores de estadística e informática que está recopilando datos sobre la intención de voto en las elecciones presidenciales de Chile del 16 de noviembre de 2025. El grupo de contactos puede incluir familia, amigos o compañeros de trabajo cuya intención de voto conoces. Entiendes que: - Las respuestas son anónimas; los investigadores no pueden identificar a los participantes. - Los datos no pueden modificarse ni eliminarse una vez enviados. - Los datos pueden publicarse de forma agregada bajo la licencia Open Data Commons Attribution. - Los resultados no se publicarán antes de que hayan concluido las elecciones presidenciales de Chile de 2025. Por favor, responde a las siguientes preguntas considerando que has dado tu consentimiento para participar en la encuesta.";18;7;10;15;25;20;5;15;3;5;2;25-34
"Eres: una persona entre 25 y 34 años de Chile. Has leído y aceptado participar en una encuesta realizada por un equipo de investigadores de estadística e informática que está recopilando datos sobre la intención de voto en las elecciones presidenciales de Chile del 16 de noviembre de 2025. El grupo de contactos puede incluir familia, amigos o compañeros de trabajo cuya intención de voto conoces. Entiendes que: - Las respuestas son anónimas; los investigadores no pueden identificar a los participantes. - Los datos no pueden modificarse ni eliminarse una vez enviados. - Los datos pueden publicarse de forma agregada bajo la licencia Open Data Commons Attribution. - Los resultados no se publicarán antes de que hayan concluido las elecciones presidenciales de Chile de 2025. Por favor, responde a las siguientes preguntas considerando que has dado tu consentimiento para participar en la encuesta.";5;3;4;8;10;7;3;6;2;4;5;25-34
"Eres: una persona entre 35 y 44 años de Chile. Has leído y aceptado participar en una encuesta realizada por un equipo de investigadores de estadística e informática que está recopilando datos sobre la intención de voto en las elecciones presidenciales de Chile del 16 de noviembre de 2025. El grupo de contactos puede incluir familia, amigos o compañeros de trabajo cuya intención de voto conoces. Entiendes que: - Las respuestas son anónimas; los investigadores no pueden identificar a los participantes. - Los datos no pueden modificarse ni eliminarse una vez enviados. - Los datos pueden publicarse de forma agregada bajo la licencia Open Data Commons Attribution. - Los resultados no se publicarán antes de que hayan concluido las elecciones presidenciales de Chile de 2025. Por favor, responde a las siguientes preguntas considerando que has dado tu consentimiento para participar en la encuesta.";15;10;5;20;25;30;10;15;2;5;3;35-44
"Eres: una persona entre 35 y 44 años de Chile. Has leído y aceptado participar en una encuesta realizada por un equipo de investigadores de estadística e informática que está recopilando datos sobre la intención de voto en las elecciones presidenciales de Chile del 16 de noviembre de 2025. El grupo de contactos puede incluir familia, amigos o compañeros de trabajo cuya intención de voto conoces. Entiendes que: - Las respuestas son anónimas; los investigadores no pueden identificar a los participantes. - Los datos no pueden modificarse ni eliminarse una vez enviados. - Los datos pueden publicarse de forma agregada bajo la licencia Open Data Commons Attribution. - Los resultados no se publicarán antes de que hayan concluido las elecciones presidenciales de Chile de 2025. Por favor, responde a las siguientes preguntas considerando que has dado tu consentimiento para participar en la encuesta.";10;20;5;15;15;20;15;10;5;10;5;35-44
"Eres: una persona entre 35 y 44 años de Chile. Has leído y aceptado participar en una encuesta realizada por un equipo de investigadores de estadística e informática que está recopilando datos sobre la intención de voto en las elecciones presidenciales de Chile del 16 de noviembre de 2025. El grupo de contactos puede incluir familia, amigos o compañeros de trabajo cuya intención de voto conoces. Entiendes que: - Las respuestas son anónimas; los investigadores no pueden identificar a los participantes. - Los datos no pueden modificarse ni eliminarse una vez enviados. - Los datos pueden publicarse de forma agregada bajo la licencia Open Data Commons Attribution. - Los resultados no se publicarán antes de que hayan concluido las elecciones presidenciales de Chile de 2025. Por favor, responde a las siguientes preguntas considerando que has dado tu consentimiento para participar en la encuesta.";10;5;2;8;12;9;4;6;3;1;2;35-44
"Eres: una persona entre 35 y 44 años de Chile. Has leído y aceptado participar en una encuesta realizada por un equipo de investigadores de estadística e informática que está recopilando datos sobre la intención de voto en las elecciones presidenciales de Chile del 16 de noviembre de 2025. El grupo de contactos puede incluir familia, amigos o compañeros de trabajo cuya intención de voto conoces. Entiendes que: - Las respuestas son anónimas; los investigadores no pueden identificar a los participantes. - Los datos no pueden modificarse ni eliminarse una vez enviados. - Los datos pueden publicarse de forma agregada bajo la licencia Open Data Commons Attribution. - Los resultados no se publicarán antes de que hayan concluido las elecciones presidenciales de Chile de 2025. Por favor, responde a las siguientes preguntas considerando que has dado tu consentimiento para participar en la encuesta.";5;8;2;5;8;7;5;4;2;3;1;35-44
"Eres: una persona entre 35 y 44 años de Chile. Has leído y aceptado participar en una encuesta realizada por un equipo de investigadores de estadística e informática que está recopilando datos sobre la intención de voto en las elecciones presidenciales de Chile del 16 de noviembre de 2025. El grupo de contactos puede incluir familia, amigos o compañeros de trabajo cuya intención de voto conoces. Entiendes que: - Las respuestas son anónimas; los investigadores no pueden identificar a los participantes. - Los datos no pueden modificarse ni eliminarse una vez enviados. - Los datos pueden publicarse de forma agregada bajo la licencia Open Data Commons Attribution. - Los resultados no se publicarán antes de que hayan concluido las elecciones presidenciales de Chile de 2025. Por favor, responde a las siguientes preguntas considerando que has dado tu consentimiento para participar en la encuesta.";10;5;2;15;12;8;12;7;1;2;4;35-44
"Eres: una persona entre 35 y 44 años de Chile. Has leído y aceptado participar en una encuesta realizada por un equipo de investigadores de estadística e informática que está recopilando datos sobre la intención de voto en las elecciones presidenciales de Chile del 16 de noviembre de 2025. El grupo de contactos puede incluir familia, amigos o compañeros de trabajo cuya intención de voto conoces. Entiendes que: - Las respuestas son anónimas; los investigadores no pueden identificar a los participantes. - Los datos no pueden modificarse ni eliminarse una vez enviados. - Los datos pueden publicarse de forma agregada bajo la licencia Open Data Commons Attribution. - Los resultados no se publicarán antes de que hayan concluido las elecciones presidenciales de Chile de 2025. Por favor, responde a las siguientes preguntas considerando que has dado tu consentimiento para participar en la encuesta.";12;15;10;18;20;22;8;10;5;7;3;35-44
"Eres: una persona entre 35 y 44 años de Chile. Has leído y aceptado participar en una encuesta realizada por un equipo de investigadores de estadística e informática que está recopilando datos sobre la intención de voto en las elecciones presidenciales de Chile del 16 de noviembre de 2025. El grupo de contactos puede incluir familia, amigos o compañeros de trabajo cuya intención de voto conoces. Entiendes que: - Las respuestas son anónimas; los investigadores no pueden identificar a los participantes. - Los datos no pueden modificarse ni eliminarse una vez enviados. - Los datos pueden publicarse de forma agregada bajo la licencia Open Data Commons Attribution. - Los resultados no se publicarán antes de que hayan concluido las elecciones presidenciales de Chile de 2025. Por favor, responde a las siguientes preguntas considerando que has dado tu consentimiento para participar en la encuesta.";10;8;2;15;12;15;8;6;2;5;4;35-44
"Eres: una persona entre 35 y 44 años de Chile. Has leído y aceptado participar en una encuesta realizada por un equipo de investigadores de estadística e informática que está recopilando datos sobre la intención de voto en las elecciones presidenciales de Chile del 16 de noviembre de 2025. El grupo de contactos puede incluir familia, amigos o compañeros de trabajo cuya intención de voto conoces. Entiendes que: - Las respuestas son anónimas; los investigadores no pueden identificar a los participantes. - Los datos no pueden modificarse ni eliminarse una vez enviados. - Los datos pueden publicarse de forma agregada bajo la licencia Open Data Commons Attribution. - Los resultados no se publicarán antes de que hayan concluido las elecciones presidenciales de Chile de 2025. Por favor, responde a las siguientes preguntas considerando que has dado tu consentimiento para participar en la encuesta.";15;10;5;20;25;15;10;5;2;5;3;35-44
"Eres: una persona entre 35 y 44 años de Chile. Has leído y aceptado participar en una encuesta realizada por un equipo de investigadores de estadística e informática que está recopilando datos sobre la intención de voto en las elecciones presidenciales de Chile del 16 de noviembre de 2025. El grupo de contactos puede incluir familia, amigos o compañeros de trabajo cuya intención de voto conoces. Entiendes que: - Las respuestas son anónimas; los investigadores no pueden identificar a los participantes. - Los datos no pueden modificarse ni eliminarse una vez enviados. - Los datos pueden publicarse de forma agregada bajo la licencia Open Data Commons Attribution. - Los resultados no se publicarán antes de que hayan concluido las elecciones presidenciales de Chile de 2025. Por favor, responde a las siguientes preguntas considerando que has dado tu consentimiento para participar en la encuesta.";12;18;2;8;15;20;5;10;3;6;4;35-44
"Eres: una persona entre 35 y 44 años de Chile. Has leído y aceptado participar en una encuesta realizada por un equipo de investigadores de estadística e informática que está recopilando datos sobre la intención de voto en las elecciones presidenciales de Chile del 16 de noviembre de 2025. El grupo de contactos puede incluir familia, amigos o compañeros de trabajo cuya intención de voto conoces. Entiendes que: - Las respuestas son anónimas; los investigadores no pueden identificar a los participantes. - Los datos no pueden modificarse ni eliminarse una vez enviados. - Los datos pueden publicarse de forma agregada bajo la licencia Open Data Commons Attribution. - Los resultados no se publicarán antes de que hayan concluido las elecciones presidenciales de Chile de 2025. Por favor, responde a las siguientes preguntas considerando que has dado tu consentimiento para participar en la encuesta.";15;10;5;20;10;15;25;8;2;4;3;35-44
"Eres: una persona entre 35 y 44 años de Chile. Has leído y aceptado participar en una encuesta realizada por un equipo de investigadores de estadística e informática que está recopilando datos sobre la intención de voto en las elecciones presidenciales de Chile del 16 de noviembre de 2025. El grupo de contactos puede incluir familia, amigos o compañeros de trabajo cuya intención de voto conoces. Entiendes que: - Las respuestas son anónimas; los investigadores no pueden identificar a los participantes. - Los datos no pueden modificarse ni eliminarse una vez enviados. - Los datos pueden publicarse de forma agregada bajo la licencia Open Data Commons Attribution. - Los resultados no se publicarán antes de que hayan concluido las elecciones presidenciales de Chile de 2025. Por favor, responde a las siguientes preguntas considerando que has dado tu consentimiento para participar en la encuesta.";5;10;3;7;6;8;12;4;2;3;1;35-44
"Eres: una persona entre 35 y 44 años de Chile. Has leído y aceptado participar en una encuesta realizada por un equipo de investigadores de estadística e informática que está recopilando datos sobre la intención de voto en las elecciones presidenciales de Chile del 16 de noviembre de 2025. El grupo de contactos puede incluir familia, amigos o compañeros de trabajo cuya intención de voto conoces. Entiendes que: - Las respuestas son anónimas; los investigadores no pueden identificar a los participantes. - Los datos no pueden modificarse ni eliminarse una vez enviados. - Los datos pueden publicarse de forma agregada bajo la licencia Open Data Commons Attribution. - Los resultados no se publicarán antes de que hayan concluido las elecciones presidenciales de Chile de 2025. Por favor, responde a las siguientes preguntas considerando que has dado tu consentimiento para participar en la encuesta.";8;10;2;5;10;12;3;6;1;2;4;35-44
"Eres: una persona entre 35 y 44 años de Chile. Has leído y aceptado participar en una encuesta realizada por un equipo de investigadores de estadística e informática que está recopilando datos sobre la intención de voto en las elecciones presidenciales de Chile del 16 de noviembre de 2025. El grupo de contactos puede incluir familia, amigos o compañeros de trabajo cuya intención de voto conoces. Entiendes que: - Las respuestas son anónimas; los investigadores no pueden identificar a los participantes. - Los datos no pueden modificarse ni eliminarse una vez enviados. - Los datos pueden publicarse de forma agregada bajo la licencia Open Data Commons Attribution. - Los resultados no se publicarán antes de que hayan concluido las elecciones presidenciales de Chile de 2025. Por favor, responde a las siguientes preguntas considerando que has dado tu consentimiento para participar en la encuesta.";7;3;2;5;6;7;3;4;1;2;3;35-44
"Eres: una persona entre 35 y 44 años de Chile. Has leído y aceptado participar en una encuesta realizada por un equipo de investigadores de estadística e informática que está recopilando datos sobre la intención de voto en las elecciones presidenciales de Chile del 16 de noviembre de 2025. El grupo de contactos puede incluir familia, amigos o compañeros de trabajo cuya intención de voto conoces. Entiendes que: - Las respuestas son anónimas; los investigadores no pueden identificar a los participantes. - Los datos no pueden modificarse ni eliminarse una vez enviados. - Los datos pueden publicarse de forma agregada bajo la licencia Open Data Commons Attribution. - Los resultados no se publicarán antes de que hayan concluido las elecciones presidenciales de Chile de 2025. Por favor, responde a las siguientes preguntas considerando que has dado tu consentimiento para participar en la encuesta.";7;10;2;16;15;10;10;4;2;3;4;35-44
"Eres: una persona entre 35 y 44 años de Chile. Has leído y aceptado participar en una encuesta realizada por un equipo de investigadores de estadística e informática que está recopilando datos sobre la intención de voto en las elecciones presidenciales de Chile del 16 de noviembre de 2025. El grupo de contactos puede incluir familia, amigos o compañeros de trabajo cuya intención de voto conoces. Entiendes que: - Las respuestas son anónimas; los investigadores no pueden identificar a los participantes. - Los datos no pueden modificarse ni eliminarse una vez enviados. - Los datos pueden publicarse de forma agregada bajo la licencia Open Data Commons Attribution. - Los resultados no se publicarán antes de que hayan concluido las elecciones presidenciales de Chile de 2025. Por favor, responde a las siguientes preguntas considerando que has dado tu consentimiento para participar en la encuesta.";15;7;3;10;12;18;5;9;2;4;6;35-44
"Eres: una persona entre 35 y 44 años de Chile. Has leído y aceptado participar en una encuesta realizada por un equipo de investigadores de estadística e informática que está recopilando datos sobre la intención de voto en las elecciones presidenciales de Chile del 16 de noviembre de 2025. El grupo de contactos puede incluir familia, amigos o compañeros de trabajo cuya intención de voto conoces. Entiendes que: - Las respuestas son anónimas; los investigadores no pueden identificar a los participantes. - Los datos no pueden modificarse ni eliminarse una vez enviados. - Los datos pueden publicarse de forma agregada bajo la licencia Open Data Commons Attribution. - Los resultados no se publicarán antes de que hayan concluido las elecciones presidenciales de Chile de 2025. Por favor, responde a las siguientes preguntas considerando que has dado tu consentimiento para participar en la encuesta.";15;8;7;10;20;12;8;15;2;5;3;35-44
"Eres: una persona entre 35 y 44 años de Chile. Has leído y aceptado participar en una encuesta realizada por un equipo de investigadores de estadística e informática que está recopilando datos sobre la intención de voto en las elecciones presidenciales de Chile del 16 de noviembre de 2025. El grupo de contactos puede incluir familia, amigos o compañeros de trabajo cuya intención de voto conoces. Entiendes que: - Las respuestas son anónimas; los investigadores no pueden identificar a los participantes. - Los datos no pueden modificarse ni eliminarse una vez enviados. - Los datos pueden publicarse de forma agregada bajo la licencia Open Data Commons Attribution. - Los resultados no se publicarán antes de que hayan concluido las elecciones presidenciales de Chile de 2025. Por favor, responde a las siguientes preguntas considerando que has dado tu consentimiento para participar en la encuesta.";20;10;5;15;30;10;10;20;4;6;5;35-44
"Eres: una persona entre 35 y 44 años de Chile. Has leído y aceptado participar en una encuesta realizada por un equipo de investigadores de estadística e informática que está recopilando datos sobre la intención de voto en las elecciones presidenciales de Chile del 16 de noviembre de 2025. El grupo de contactos puede incluir familia, amigos o compañeros de trabajo cuya intención de voto conoces. Entiendes que: - Las respuestas son anónimas; los investigadores no pueden identificar a los participantes. - Los datos no pueden modificarse ni eliminarse una vez enviados. - Los datos pueden publicarse de forma agregada bajo la licencia Open Data Commons Attribution. - Los resultados no se publicarán antes de que hayan concluido las elecciones presidenciales de Chile de 2025. Por favor, responde a las siguientes preguntas considerando que has dado tu consentimiento para participar en la encuesta.";10;15;5;20;15;25;10;5;2;8;3;35-44
"Eres: una persona entre 35 y 44 años de Chile. Has leído y aceptado participar en una encuesta realizada por un equipo de investigadores de estadística e informática que está recopilando datos sobre la intención de voto en las elecciones presidenciales de Chile del 16 de noviembre de 2025. El grupo de contactos puede incluir familia, amigos o compañeros de trabajo cuya intención de voto conoces. Entiendes que: - Las respuestas son anónimas; los investigadores no pueden identificar a los participantes. - Los datos no pueden modificarse ni eliminarse una vez enviados. - Los datos pueden publicarse de forma agregada bajo la licencia Open Data Commons Attribution. - Los resultados no se publicarán antes de que hayan concluido las elecciones presidenciales de Chile de 2025. Por favor, responde a las siguientes preguntas considerando que has dado tu consentimiento para participar en la encuesta.";10;20;5;15;25;20;5;10;2;5;4;35-44
"Eres: una persona entre 35 y 44 años de Chile. Has leído y aceptado participar en una encuesta realizada por un equipo de investigadores de estadística e informática que está recopilando datos sobre la intención de voto en las elecciones presidenciales de Chile del 16 de noviembre de 2025. El grupo de contactos puede incluir familia, amigos o compañeros de trabajo cuya intención de voto conoces. Entiendes que: - Las respuestas son anónimas; los investigadores no pueden identificar a los participantes. - Los datos no pueden modificarse ni eliminarse una vez enviados. - Los datos pueden publicarse de forma agregada bajo la licencia Open Data Commons Attribution. - Los resultados no se publicarán antes de que hayan concluido las elecciones presidenciales de Chile de 2025. Por favor, responde a las siguientes preguntas considerando que has dado tu consentimiento para participar en la encuesta.";6;4;2;8;7;9;4;6;2;1;0;35-44
"Eres: una persona entre 35 y 44 años de Chile. Has leído y aceptado participar en una encuesta realizada por un equipo de investigadores de estadística e informática que está recopilando datos sobre la intención de voto en las elecciones presidenciales de Chile del 16 de noviembre de 2025. El grupo de contactos puede incluir familia, amigos o compañeros de trabajo cuya intención de voto conoces. Entiendes que: - Las respuestas son anónimas; los investigadores no pueden identificar a los participantes. - Los datos no pueden modificarse ni eliminarse una vez enviados. - Los datos pueden publicarse de forma agregada bajo la licencia Open Data Commons Attribution. - Los resultados no se publicarán antes de que hayan concluido las elecciones presidenciales de Chile de 2025. Por favor, responde a las siguientes preguntas considerando que has dado tu consentimiento para participar en la encuesta.";7;5;4;8;10;7;6;9;1;3;2;35-44
"Eres: una persona entre 35 y 44 años de Chile. Has leído y aceptado participar en una encuesta realizada por un equipo de investigadores de estadística e informática que está recopilando datos sobre la intención de voto en las elecciones presidenciales de Chile del 16 de noviembre de 2025. El grupo de contactos puede incluir familia, amigos o compañeros de trabajo cuya intención de voto conoces. Entiendes que: - Las respuestas son anónimas; los investigadores no pueden identificar a los participantes. - Los datos no pueden modificarse ni eliminarse una vez enviados. - Los datos pueden publicarse de forma agregada bajo la licencia Open Data Commons Attribution. - Los resultados no se publicarán antes de que hayan concluido las elecciones presidenciales de Chile de 2025. Por favor, responde a las siguientes preguntas considerando que has dado tu consentimiento para participar en la encuesta.";5;3;2;4;3;7;4;6;1;2;1;35-44
"Eres: una persona entre 35 y 44 años de Chile. Has leído y aceptado participar en una encuesta realizada por un equipo de investigadores de estadística e informática que está recopilando datos sobre la intención de voto en las elecciones presidenciales de Chile del 16 de noviembre de 2025. El grupo de contactos puede incluir familia, amigos o compañeros de trabajo cuya intención de voto conoces. Entiendes que: - Las respuestas son anónimas; los investigadores no pueden identificar a los participantes. - Los datos no pueden modificarse ni eliminarse una vez enviados. - Los datos pueden publicarse de forma agregada bajo la licencia Open Data Commons Attribution. - Los resultados no se publicarán antes de que hayan concluido las elecciones presidenciales de Chile de 2025. Por favor, responde a las siguientes preguntas considerando que has dado tu consentimiento para participar en la encuesta.";12;6;5;8;15;10;6;9;2;4;3;35-44
"Eres: una persona entre 35 y 44 años de Chile. Has leído y aceptado participar en una encuesta realizada por un equipo de investigadores de estadística e informática que está recopilando datos sobre la intención de voto en las elecciones presidenciales de Chile del 16 de noviembre de 2025. El grupo de contactos puede incluir familia, amigos o compañeros de trabajo cuya intención de voto conoces. Entiendes que: - Las respuestas son anónimas; los investigadores no pueden identificar a los participantes. - Los datos no pueden modificarse ni eliminarse una vez enviados. - Los datos pueden publicarse de forma agregada bajo la licencia Open Data Commons Attribution. - Los resultados no se publicarán antes de que hayan concluido las elecciones presidenciales de Chile de 2025. Por favor, responde a las siguientes preguntas considerando que has dado tu consentimiento para participar en la encuesta.";2;4;3;5;3;5;4;3;1;4;1;35-44
"Eres: una persona entre 35 y 44 años de Chile. Has leído y aceptado participar en una encuesta realizada por un equipo de investigadores de estadística e informática que está recopilando datos sobre la intención de voto en las elecciones presidenciales de Chile del 16 de noviembre de 2025. El grupo de contactos puede incluir familia, amigos o compañeros de trabajo cuya intención de voto conoces. Entiendes que: - Las respuestas son anónimas; los investigadores no pueden identificar a los participantes. - Los datos no pueden modificarse ni eliminarse una vez enviados. - Los datos pueden publicarse de forma agregada bajo la licencia Open Data Commons Attribution. - Los resultados no se publicarán antes de que hayan concluido las elecciones presidenciales de Chile de 2025. Por favor, responde a las siguientes preguntas considerando que has dado tu consentimiento para participar en la encuesta.";5;8;2;3;7;9;4;3;2;1;3;35-44
"Eres: una persona entre 35 y 44 años de Chile. Has leído y aceptado participar en una encuesta realizada por un equipo de investigadores de estadística e informática que está recopilando datos sobre la intención de voto en las elecciones presidenciales de Chile del 16 de noviembre de 2025. El grupo de contactos puede incluir familia, amigos o compañeros de trabajo cuya intención de voto conoces. Entiendes que: - Las respuestas son anónimas; los investigadores no pueden identificar a los participantes. - Los datos no pueden modificarse ni eliminarse una vez enviados. - Los datos pueden publicarse de forma agregada bajo la licencia Open Data Commons Attribution. - Los resultados no se publicarán antes de que hayan concluido las elecciones presidenciales de Chile de 2025. Por favor, responde a las siguientes preguntas considerando que has dado tu consentimiento para participar en la encuesta.";10;20;5;15;20;15;10;5;2;8;0;35-44
"Eres: una persona entre 35 y 44 años de Chile. Has leído y aceptado participar en una encuesta realizada por un equipo de investigadores de estadística e informática que está recopilando datos sobre la intención de voto en las elecciones presidenciales de Chile del 16 de noviembre de 2025. El grupo de contactos puede incluir familia, amigos o compañeros de trabajo cuya intención de voto conoces. Entiendes que: - Las respuestas son anónimas; los investigadores no pueden identificar a los participantes. - Los datos no pueden modificarse ni eliminarse una vez enviados. - Los datos pueden publicarse de forma agregada bajo la licencia Open Data Commons Attribution. - Los resultados no se publicarán antes de que hayan concluido las elecciones presidenciales de Chile de 2025. Por favor, responde a las siguientes preguntas considerando que has dado tu consentimiento para participar en la encuesta.";5;15;10;20;18;22;10;8;2;5;3;35-44
"Eres: una persona entre 35 y 44 años de Chile. Has leído y aceptado participar en una encuesta realizada por un equipo de investigadores de estadística e informática que está recopilando datos sobre la intención de voto en las elecciones presidenciales de Chile del 16 de noviembre de 2025. El grupo de contactos puede incluir familia, amigos o compañeros de trabajo cuya intención de voto conoces. Entiendes que: - Las respuestas son anónimas; los investigadores no pueden identificar a los participantes. - Los datos no pueden modificarse ni eliminarse una vez enviados. - Los datos pueden publicarse de forma agregada bajo la licencia Open Data Commons Attribution. - Los resultados no se publicarán antes de que hayan concluido las elecciones presidenciales de Chile de 2025. Por favor, responde a las siguientes preguntas considerando que has dado tu consentimiento para participar en la encuesta.";5;10;3;7;9;13;2;4;1;3;2;35-44
"Eres: una persona entre 35 y 44 años de Chile. Has leído y aceptado participar en una encuesta realizada por un equipo de investigadores de estadística e informática que está recopilando datos sobre la intención de voto en las elecciones presidenciales de Chile del 16 de noviembre de 2025. El grupo de contactos puede incluir familia, amigos o compañeros de trabajo cuya intención de voto conoces. Entiendes que: - Las respuestas son anónimas; los investigadores no pueden identificar a los participantes. - Los datos no pueden modificarse ni eliminarse una vez enviados. - Los datos pueden publicarse de forma agregada bajo la licencia Open Data Commons Attribution. - Los resultados no se publicarán antes de que hayan concluido las elecciones presidenciales de Chile de 2025. Por favor, responde a las siguientes preguntas considerando que has dado tu consentimiento para participar en la encuesta.";10;5;8;7;16;19;5;12;3;1;4;35-44
"Eres: una persona entre 35 y 44 años de Chile. Has leído y aceptado participar en una encuesta realizada por un equipo de investigadores de estadística e informática que está recopilando datos sobre la intención de voto en las elecciones presidenciales de Chile del 16 de noviembre de 2025. El grupo de contactos puede incluir familia, amigos o compañeros de trabajo cuya intención de voto conoces. Entiendes que: - Las respuestas son anónimas; los investigadores no pueden identificar a los participantes. - Los datos no pueden modificarse ni eliminarse una vez enviados. - Los datos pueden publicarse de forma agregada bajo la licencia Open Data Commons Attribution. - Los resultados no se publicarán antes de que hayan concluido las elecciones presidenciales de Chile de 2025. Por favor, responde a las siguientes preguntas considerando que has dado tu consentimiento para participar en la encuesta.";5;10;3;2;8;12;4;9;2;1;4;35-44
"Eres: una persona entre 35 y 44 años de Chile. Has leído y aceptado participar en una encuesta realizada por un equipo de investigadores de estadística e informática que está recopilando datos sobre la intención de voto en las elecciones presidenciales de Chile del 16 de noviembre de 2025. El grupo de contactos puede incluir familia, amigos o compañeros de trabajo cuya intención de voto conoces. Entiendes que: - Las respuestas son anónimas; los investigadores no pueden identificar a los participantes. - Los datos no pueden modificarse ni eliminarse una vez enviados. - Los datos pueden publicarse de forma agregada bajo la licencia Open Data Commons Attribution. - Los resultados no se publicarán antes de que hayan concluido las elecciones presidenciales de Chile de 2025. Por favor, responde a las siguientes preguntas considerando que has dado tu consentimiento para participar en la encuesta.";5;3;2;7;4;6;7;2;1;1;1;35-44
"Eres: una persona entre 35 y 44 años de Chile. Has leído y aceptado participar en una encuesta realizada por un equipo de investigadores de estadística e informática que está recopilando datos sobre la intención de voto en las elecciones presidenciales de Chile del 16 de noviembre de 2025. El grupo de contactos puede incluir familia, amigos o compañeros de trabajo cuya intención de voto conoces. Entiendes que: - Las respuestas son anónimas; los investigadores no pueden identificar a los participantes. - Los datos no pueden modificarse ni eliminarse una vez enviados. - Los datos pueden publicarse de forma agregada bajo la licencia Open Data Commons Attribution. - Los resultados no se publicarán antes de que hayan concluido las elecciones presidenciales de Chile de 2025. Por favor, responde a las siguientes preguntas considerando que has dado tu consentimiento para participar en la encuesta.";5;15;3;7;10;12;8;9;2;6;4;35-44
"Eres: una persona entre 35 y 44 años de Chile. Has leído y aceptado participar en una encuesta realizada por un equipo de investigadores de estadística e informática que está recopilando datos sobre la intención de voto en las elecciones presidenciales de Chile del 16 de noviembre de 2025. El grupo de contactos puede incluir familia, amigos o compañeros de trabajo cuya intención de voto conoces. Entiendes que: - Las respuestas son anónimas; los investigadores no pueden identificar a los participantes. - Los datos no pueden modificarse ni eliminarse una vez enviados. - Los datos pueden publicarse de forma agregada bajo la licencia Open Data Commons Attribution. - Los resultados no se publicarán antes de que hayan concluido las elecciones presidenciales de Chile de 2025. Por favor, responde a las siguientes preguntas considerando que has dado tu consentimiento para participar en la encuesta.";10;15;3;5;12;10;6;5;2;4;3;35-44
"Eres: una persona entre 35 y 44 años de Chile. Has leído y aceptado participar en una encuesta realizada por un equipo de investigadores de estadística e informática que está recopilando datos sobre la intención de voto en las elecciones presidenciales de Chile del 16 de noviembre de 2025. El grupo de contactos puede incluir familia, amigos o compañeros de trabajo cuya intención de voto conoces. Entiendes que: - Las respuestas son anónimas; los investigadores no pueden identificar a los participantes. - Los datos no pueden modificarse ni eliminarse una vez enviados. - Los datos pueden publicarse de forma agregada bajo la licencia Open Data Commons Attribution. - Los resultados no se publicarán antes de que hayan concluido las elecciones presidenciales de Chile de 2025. Por favor, responde a las siguientes preguntas considerando que has dado tu consentimiento para participar en la encuesta.";7;10;3;15;12;15;8;9;2;5;6;35-44
"Eres: una persona entre 35 y 44 años de Chile. Has leído y aceptado participar en una encuesta realizada por un equipo de investigadores de estadística e informática que está recopilando datos sobre la intención de voto en las elecciones presidenciales de Chile del 16 de noviembre de 2025. El grupo de contactos puede incluir familia, amigos o compañeros de trabajo cuya intención de voto conoces. Entiendes que: - Las respuestas son anónimas; los investigadores no pueden identificar a los participantes. - Los datos no pueden modificarse ni eliminarse una vez enviados. - Los datos pueden publicarse de forma agregada bajo la licencia Open Data Commons Attribution. - Los resultados no se publicarán antes de que hayan concluido las elecciones presidenciales de Chile de 2025. Por favor, responde a las siguientes preguntas considerando que has dado tu consentimiento para participar en la encuesta.";5;7;3;10;15;25;8;12;2;6;4;35-44
"Eres: una persona entre 35 y 44 años de Chile. Has leído y aceptado participar en una encuesta realizada por un equipo de investigadores de estadística e informática que está recopilando datos sobre la intención de voto en las elecciones presidenciales de Chile del 16 de noviembre de 2025. El grupo de contactos puede incluir familia, amigos o compañeros de trabajo cuya intención de voto conoces. Entiendes que: - Las respuestas son anónimas; los investigadores no pueden identificar a los participantes. - Los datos no pueden modificarse ni eliminarse una vez enviados. - Los datos pueden publicarse de forma agregada bajo la licencia Open Data Commons Attribution. - Los resultados no se publicarán antes de que hayan concluido las elecciones presidenciales de Chile de 2025. Por favor, responde a las siguientes preguntas considerando que has dado tu consentimiento para participar en la encuesta.";10;5;3;8;10;15;7;5;2;4;3;35-44
"Eres: una persona entre 45 y 54 años de Chile. Has leído y aceptado participar en una encuesta realizada por un equipo de investigadores de estadística e informática que está recopilando datos sobre la intención de voto en las elecciones presidenciales de Chile del 16 de noviembre de 2025. El grupo de contactos puede incluir familia, amigos o compañeros de trabajo cuya intención de voto conoces. Entiendes que: - Las respuestas son anónimas; los investigadores no pueden identificar a los participantes. - Los datos no pueden modificarse ni eliminarse una vez enviados. - Los datos pueden publicarse de forma agregada bajo la licencia Open Data Commons Attribution. - Los resultados no se publicarán antes de que hayan concluido las elecciones presidenciales de Chile de 2025. Por favor, responde a las siguientes preguntas considerando que has dado tu consentimiento para participar en la encuesta.";12;8;5;10;15;20;25;10;3;7;4;45-54
"Eres: una persona entre 45 y 54 años de Chile. Has leído y aceptado participar en una encuesta realizada por un equipo de investigadores de estadística e informática que está recopilando datos sobre la intención de voto en las elecciones presidenciales de Chile del 16 de noviembre de 2025. El grupo de contactos puede incluir familia, amigos o compañeros de trabajo cuya intención de voto conoces. Entiendes que: - Las respuestas son anónimas; los investigadores no pueden identificar a los participantes. - Los datos no pueden modificarse ni eliminarse una vez enviados. - Los datos pueden publicarse de forma agregada bajo la licencia Open Data Commons Attribution. - Los resultados no se publicarán antes de que hayan concluido las elecciones presidenciales de Chile de 2025. Por favor, responde a las siguientes preguntas considerando que has dado tu consentimiento para participar en la encuesta.";15;10;8;20;18;25;10;15;5;8;7;45-54
"Eres: una persona entre 45 y 54 años de Chile. Has leído y aceptado participar en una encuesta realizada por un equipo de investigadores de estadística e informática que está recopilando datos sobre la intención de voto en las elecciones presidenciales de Chile del 16 de noviembre de 2025. El grupo de contactos puede incluir familia, amigos o compañeros de trabajo cuya intención de voto conoces. Entiendes que: - Las respuestas son anónimas; los investigadores no pueden identificar a los participantes. - Los datos no pueden modificarse ni eliminarse una vez enviados. - Los datos pueden publicarse de forma agregada bajo la licencia Open Data Commons Attribution. - Los resultados no se publicarán antes de que hayan concluido las elecciones presidenciales de Chile de 2025. Por favor, responde a las siguientes preguntas considerando que has dado tu consentimiento para participar en la encuesta.";15;20;5;10;30;15;5;20;5;10;5;45-54
"Eres: una persona entre 45 y 54 años de Chile. Has leído y aceptado participar en una encuesta realizada por un equipo de investigadores de estadística e informática que está recopilando datos sobre la intención de voto en las elecciones presidenciales de Chile del 16 de noviembre de 2025. El grupo de contactos puede incluir familia, amigos o compañeros de trabajo cuya intención de voto conoces. Entiendes que: - Las respuestas son anónimas; los investigadores no pueden identificar a los participantes. - Los datos no pueden modificarse ni eliminarse una vez enviados. - Los datos pueden publicarse de forma agregada bajo la licencia Open Data Commons Attribution. - Los resultados no se publicarán antes de que hayan concluido las elecciones presidenciales de Chile de 2025. Por favor, responde a las siguientes preguntas considerando que has dado tu consentimiento para participar en la encuesta.";7;15;2;10;6;22;6;5;3;4;2;45-54
"Eres: una persona entre 45 y 54 años de Chile. Has leído y aceptado participar en una encuesta realizada por un equipo de investigadores de estadística e informática que está recopilando datos sobre la intención de voto en las elecciones presidenciales de Chile del 16 de noviembre de 2025. El grupo de contactos puede incluir familia, amigos o compañeros de trabajo cuya intención de voto conoces. Entiendes que: - Las respuestas son anónimas; los investigadores no pueden identificar a los participantes. - Los datos no pueden modificarse ni eliminarse una vez enviados. - Los datos pueden publicarse de forma agregada bajo la licencia Open Data Commons Attribution. - Los resultados no se publicarán antes de que hayan concluido las elecciones presidenciales de Chile de 2025. Por favor, responde a las siguientes preguntas considerando que has dado tu consentimiento para participar en la encuesta.";10;7;3;5;7;12;6;4;2;1;3;45-54
"Eres: una persona entre 45 y 54 años de Chile. Has leído y aceptado participar en una encuesta realizada por un equipo de investigadores de estadística e informática que está recopilando datos sobre la intención de voto en las elecciones presidenciales de Chile del 16 de noviembre de 2025. El grupo de contactos puede incluir familia, amigos o compañeros de trabajo cuya intención de voto conoces. Entiendes que: - Las respuestas son anónimas; los investigadores no pueden identificar a los participantes. - Los datos no pueden modificarse ni eliminarse una vez enviados. - Los datos pueden publicarse de forma agregada bajo la licencia Open Data Commons Attribution. - Los resultados no se publicarán antes de que hayan concluido las elecciones presidenciales de Chile de 2025. Por favor, responde a las siguientes preguntas considerando que has dado tu consentimiento para participar en la encuesta.";15;10;5;20;18;22;10;12;2;3;5;45-54
"Eres: una persona entre 45 y 54 años de Chile. Has leído y aceptado participar en una encuesta realizada por un equipo de investigadores de estadística e informática que está recopilando datos sobre la intención de voto en las elecciones presidenciales de Chile del 16 de noviembre de 2025. El grupo de contactos puede incluir familia, amigos o compañeros de trabajo cuya intención de voto conoces. Entiendes que: - Las respuestas son anónimas; los investigadores no pueden identificar a los participantes. - Los datos no pueden modificarse ni eliminarse una vez enviados. - Los datos pueden publicarse de forma agregada bajo la licencia Open Data Commons Attribution. - Los resultados no se publicarán antes de que hayan concluido las elecciones presidenciales de Chile de 2025. Por favor, responde a las siguientes preguntas considerando que has dado tu consentimiento para participar en la encuesta.";5;10;3;7;8;6;5;4;1;3;2;45-54
"Eres: una persona entre 45 y 54 años de Chile. Has leído y aceptado participar en una encuesta realizada por un equipo de investigadores de estadística e informática que está recopilando datos sobre la intención de voto en las elecciones presidenciales de Chile del 16 de noviembre de 2025. El grupo de contactos puede incluir familia, amigos o compañeros de trabajo cuya intención de voto conoces. Entiendes que: - Las respuestas son anónimas; los investigadores no pueden identificar a los participantes. - Los datos no pueden modificarse ni eliminarse una vez enviados. - Los datos pueden publicarse de forma agregada bajo la licencia Open Data Commons Attribution. - Los resultados no se publicarán antes de que hayan concluido las elecciones presidenciales de Chile de 2025. Por favor, responde a las siguientes preguntas considerando que has dado tu consentimiento para participar en la encuesta.";7;12;5;15;12;15;10;8;2;4;3;45-54
"Eres: una persona entre 45 y 54 años de Chile. Has leído y aceptado participar en una encuesta realizada por un equipo de investigadores de estadística e informática que está recopilando datos sobre la intención de voto en las elecciones presidenciales de Chile del 16 de noviembre de 2025. El grupo de contactos puede incluir familia, amigos o compañeros de trabajo cuya intención de voto conoces. Entiendes que: - Las respuestas son anónimas; los investigadores no pueden identificar a los participantes. - Los datos no pueden modificarse ni eliminarse una vez enviados. - Los datos pueden publicarse de forma agregada bajo la licencia Open Data Commons Attribution. - Los resultados no se publicarán antes de que hayan concluido las elecciones presidenciales de Chile de 2025. Por favor, responde a las siguientes preguntas considerando que has dado tu consentimiento para participar en la encuesta.";12;25;6;2;15;20;10;9;3;7;4;45-54
"Eres: una persona entre 45 y 54 años de Chile. Has leído y aceptado participar en una encuesta realizada por un equipo de investigadores de estadística e informática que está recopilando datos sobre la intención de voto en las elecciones presidenciales de Chile del 16 de noviembre de 2025. El grupo de contactos puede incluir familia, amigos o compañeros de trabajo cuya intención de voto conoces. Entiendes que: - Las respuestas son anónimas; los investigadores no pueden identificar a los participantes. - Los datos no pueden modificarse ni eliminarse una vez enviados. - Los datos pueden publicarse de forma agregada bajo la licencia Open Data Commons Attribution. - Los resultados no se publicarán antes de que hayan concluido las elecciones presidenciales de Chile de 2025. Por favor, responde a las siguientes preguntas considerando que has dado tu consentimiento para participar en la encuesta.";3;5;1;6;4;7;3;2;1;2;0;45-54
"Eres: una persona entre 45 y 54 años de Chile. Has leído y aceptado participar en una encuesta realizada por un equipo de investigadores de estadística e informática que está recopilando datos sobre la intención de voto en las elecciones presidenciales de Chile del 16 de noviembre de 2025. El grupo de contactos puede incluir familia, amigos o compañeros de trabajo cuya intención de voto conoces. Entiendes que: - Las respuestas son anónimas; los investigadores no pueden identificar a los participantes. - Los datos no pueden modificarse ni eliminarse una vez enviados. - Los datos pueden publicarse de forma agregada bajo la licencia Open Data Commons Attribution. - Los resultados no se publicarán antes de que hayan concluido las elecciones presidenciales de Chile de 2025. Por favor, responde a las siguientes preguntas considerando que has dado tu consentimiento para participar en la encuesta.";5;3;2;1;10;6;4;3;2;1;0;45-54
"Eres: una persona entre 45 y 54 años de Chile. Has leído y aceptado participar en una encuesta realizada por un equipo de investigadores de estadística e informática que está recopilando datos sobre la intención de voto en las elecciones presidenciales de Chile del 16 de noviembre de 2025. El grupo de contactos puede incluir familia, amigos o compañeros de trabajo cuya intención de voto conoces. Entiendes que: - Las respuestas son anónimas; los investigadores no pueden identificar a los participantes. - Los datos no pueden modificarse ni eliminarse una vez enviados. - Los datos pueden publicarse de forma agregada bajo la licencia Open Data Commons Attribution. - Los resultados no se publicarán antes de que hayan concluido las elecciones presidenciales de Chile de 2025. Por favor, responde a las siguientes preguntas considerando que has dado tu consentimiento para participar en la encuesta.";10;15;5;20;18;24;8;12;4;7;3;45-54
"Eres: una persona entre 45 y 54 años de Chile. Has leído y aceptado participar en una encuesta realizada por un equipo de investigadores de estadística e informática que está recopilando datos sobre la intención de voto en las elecciones presidenciales de Chile del 16 de noviembre de 2025. El grupo de contactos puede incluir familia, amigos o compañeros de trabajo cuya intención de voto conoces. Entiendes que: - Las respuestas son anónimas; los investigadores no pueden identificar a los participantes. - Los datos no pueden modificarse ni eliminarse una vez enviados. - Los datos pueden publicarse de forma agregada bajo la licencia Open Data Commons Attribution. - Los resultados no se publicarán antes de que hayan concluido las elecciones presidenciales de Chile de 2025. Por favor, responde a las siguientes preguntas considerando que has dado tu consentimiento para participar en la encuesta.";5;7;2;10;8;12;4;6;1;2;3;45-54
"Eres: una persona entre 45 y 54 años de Chile. Has leído y aceptado participar en una encuesta realizada por un equipo de investigadores de estadística e informática que está recopilando datos sobre la intención de voto en las elecciones presidenciales de Chile del 16 de noviembre de 2025. El grupo de contactos puede incluir familia, amigos o compañeros de trabajo cuya intención de voto conoces. Entiendes que: - Las respuestas son anónimas; los investigadores no pueden identificar a los participantes. - Los datos no pueden modificarse ni eliminarse una vez enviados. - Los datos pueden publicarse de forma agregada bajo la licencia Open Data Commons Attribution. - Los resultados no se publicarán antes de que hayan concluido las elecciones presidenciales de Chile de 2025. Por favor, responde a las siguientes preguntas considerando que has dado tu consentimiento para participar en la encuesta.";5;10;2;8;10;10;5;7;2;3;5;45-54
"Eres: una persona entre 45 y 54 años de Chile. Has leído y aceptado participar en una encuesta realizada por un equipo de investigadores de estadística e informática que está recopilando datos sobre la intención de voto en las elecciones presidenciales de Chile del 16 de noviembre de 2025. El grupo de contactos puede incluir familia, amigos o compañeros de trabajo cuya intención de voto conoces. Entiendes que: - Las respuestas son anónimas; los investigadores no pueden identificar a los participantes. - Los datos no pueden modificarse ni eliminarse una vez enviados. - Los datos pueden publicarse de forma agregada bajo la licencia Open Data Commons Attribution. - Los resultados no se publicarán antes de que hayan concluido las elecciones presidenciales de Chile de 2025. Por favor, responde a las siguientes preguntas considerando que has dado tu consentimiento para participar en la encuesta.";12;8;5;14;7;15;17;6;2;3;1;45-54
"Eres: una persona entre 45 y 54 años de Chile. Has leído y aceptado participar en una encuesta realizada por un equipo de investigadores de estadística e informática que está recopilando datos sobre la intención de voto en las elecciones presidenciales de Chile del 16 de noviembre de 2025. El grupo de contactos puede incluir familia, amigos o compañeros de trabajo cuya intención de voto conoces. Entiendes que: - Las respuestas son anónimas; los investigadores no pueden identificar a los participantes. - Los datos no pueden modificarse ni eliminarse una vez enviados. - Los datos pueden publicarse de forma agregada bajo la licencia Open Data Commons Attribution. - Los resultados no se publicarán antes de que hayan concluido las elecciones presidenciales de Chile de 2025. Por favor, responde a las siguientes preguntas considerando que has dado tu consentimiento para participar en la encuesta.";8;14;3;10;12;15;20;7;2;5;3;45-54
"Eres: una persona entre 45 y 54 años de Chile. Has leído y aceptado participar en una encuesta realizada por un equipo de investigadores de estadística e informática que está recopilando datos sobre la intención de voto en las elecciones presidenciales de Chile del 16 de noviembre de 2025. El grupo de contactos puede incluir familia, amigos o compañeros de trabajo cuya intención de voto conoces. Entiendes que: - Las respuestas son anónimas; los investigadores no pueden identificar a los participantes. - Los datos no pueden modificarse ni eliminarse una vez enviados. - Los datos pueden publicarse de forma agregada bajo la licencia Open Data Commons Attribution. - Los resultados no se publicarán antes de que hayan concluido las elecciones presidenciales de Chile de 2025. Por favor, responde a las siguientes preguntas considerando que has dado tu consentimiento para participar en la encuesta.";10;8;12;5;18;15;2;7;3;4;6;45-54
"Eres: una persona entre 45 y 54 años de Chile. Has leído y aceptado participar en una encuesta realizada por un equipo de investigadores de estadística e informática que está recopilando datos sobre la intención de voto en las elecciones presidenciales de Chile del 16 de noviembre de 2025. El grupo de contactos puede incluir familia, amigos o compañeros de trabajo cuya intención de voto conoces. Entiendes que: - Las respuestas son anónimas; los investigadores no pueden identificar a los participantes. - Los datos no pueden modificarse ni eliminarse una vez enviados. - Los datos pueden publicarse de forma agregada bajo la licencia Open Data Commons Attribution. - Los resultados no se publicarán antes de que hayan concluido las elecciones presidenciales de Chile de 2025. Por favor, responde a las siguientes preguntas considerando que has dado tu consentimiento para participar en la encuesta.";10;8;5;7;10;12;8;6;2;3;4;45-54
"Eres: una persona entre 45 y 54 años de Chile. Has leído y aceptado participar en una encuesta realizada por un equipo de investigadores de estadística e informática que está recopilando datos sobre la intención de voto en las elecciones presidenciales de Chile del 16 de noviembre de 2025. El grupo de contactos puede incluir familia, amigos o compañeros de trabajo cuya intención de voto conoces. Entiendes que: - Las respuestas son anónimas; los investigadores no pueden identificar a los participantes. - Los datos no pueden modificarse ni eliminarse una vez enviados. - Los datos pueden publicarse de forma agregada bajo la licencia Open Data Commons Attribution. - Los resultados no se publicarán antes de que hayan concluido las elecciones presidenciales de Chile de 2025. Por favor, responde a las siguientes preguntas considerando que has dado tu consentimiento para participar en la encuesta.";12;8;5;10;15;20;5;10;2;3;4;45-54
"Eres: una persona entre 45 y 54 años de Chile. Has leído y aceptado participar en una encuesta realizada por un equipo de investigadores de estadística e informática que está recopilando datos sobre la intención de voto en las elecciones presidenciales de Chile del 16 de noviembre de 2025. El grupo de contactos puede incluir familia, amigos o compañeros de trabajo cuya intención de voto conoces. Entiendes que: - Las respuestas son anónimas; los investigadores no pueden identificar a los participantes. - Los datos no pueden modificarse ni eliminarse una vez enviados. - Los datos pueden publicarse de forma agregada bajo la licencia Open Data Commons Attribution. - Los resultados no se publicarán antes de que hayan concluido las elecciones presidenciales de Chile de 2025. Por favor, responde a las siguientes preguntas considerando que has dado tu consentimiento para participar en la encuesta.";3;7;5;12;8;16;3;6;2;4;3;45-54
"Eres: una persona entre 45 y 54 años de Chile. Has leído y aceptado participar en una encuesta realizada por un equipo de investigadores de estadística e informática que está recopilando datos sobre la intención de voto en las elecciones presidenciales de Chile del 16 de noviembre de 2025. El grupo de contactos puede incluir familia, amigos o compañeros de trabajo cuya intención de voto conoces. Entiendes que: - Las respuestas son anónimas; los investigadores no pueden identificar a los participantes. - Los datos no pueden modificarse ni eliminarse una vez enviados. - Los datos pueden publicarse de forma agregada bajo la licencia Open Data Commons Attribution. - Los resultados no se publicarán antes de que hayan concluido las elecciones presidenciales de Chile de 2025. Por favor, responde a las siguientes preguntas considerando que has dado tu consentimiento para participar en la encuesta.";7;4;1;8;7;10;3;6;2;1;3;45-54
"Eres: una persona entre 45 y 54 años de Chile. Has leído y aceptado participar en una encuesta realizada por un equipo de investigadores de estadística e informática que está recopilando datos sobre la intención de voto en las elecciones presidenciales de Chile del 16 de noviembre de 2025. El grupo de contactos puede incluir familia, amigos o compañeros de trabajo cuya intención de voto conoces. Entiendes que: - Las respuestas son anónimas; los investigadores no pueden identificar a los participantes. - Los datos no pueden modificarse ni eliminarse una vez enviados. - Los datos pueden publicarse de forma agregada bajo la licencia Open Data Commons Attribution. - Los resultados no se publicarán antes de que hayan concluido las elecciones presidenciales de Chile de 2025. Por favor, responde a las siguientes preguntas considerando que has dado tu consentimiento para participar en la encuesta.";10;15;7;8;12;18;10;5;2;3;4;45-54
"Eres: una persona entre 45 y 54 años de Chile. Has leído y aceptado participar en una encuesta realizada por un equipo de investigadores de estadística e informática que está recopilando datos sobre la intención de voto en las elecciones presidenciales de Chile del 16 de noviembre de 2025. El grupo de contactos puede incluir familia, amigos o compañeros de trabajo cuya intención de voto conoces. Entiendes que: - Las respuestas son anónimas; los investigadores no pueden identificar a los participantes. - Los datos no pueden modificarse ni eliminarse una vez enviados. - Los datos pueden publicarse de forma agregada bajo la licencia Open Data Commons Attribution. - Los resultados no se publicarán antes de que hayan concluido las elecciones presidenciales de Chile de 2025. Por favor, responde a las siguientes preguntas considerando que has dado tu consentimiento para participar en la encuesta.";15;20;5;10;15;25;10;15;3;7;5;45-54
"Eres: una persona entre 45 y 54 años de Chile. Has leído y aceptado participar en una encuesta realizada por un equipo de investigadores de estadística e informática que está recopilando datos sobre la intención de voto en las elecciones presidenciales de Chile del 16 de noviembre de 2025. El grupo de contactos puede incluir familia, amigos o compañeros de trabajo cuya intención de voto conoces. Entiendes que: - Las respuestas son anónimas; los investigadores no pueden identificar a los participantes. - Los datos no pueden modificarse ni eliminarse una vez enviados. - Los datos pueden publicarse de forma agregada bajo la licencia Open Data Commons Attribution. - Los resultados no se publicarán antes de que hayan concluido las elecciones presidenciales de Chile de 2025. Por favor, responde a las siguientes preguntas considerando que has dado tu consentimiento para participar en la encuesta.";12;7;5;6;10;14;6;9;1;4;2;45-54
"Eres: una persona entre 45 y 54 años de Chile. Has leído y aceptado participar en una encuesta realizada por un equipo de investigadores de estadística e informática que está recopilando datos sobre la intención de voto en las elecciones presidenciales de Chile del 16 de noviembre de 2025. El grupo de contactos puede incluir familia, amigos o compañeros de trabajo cuya intención de voto conoces. Entiendes que: - Las respuestas son anónimas; los investigadores no pueden identificar a los participantes. - Los datos no pueden modificarse ni eliminarse una vez enviados. - Los datos pueden publicarse de forma agregada bajo la licencia Open Data Commons Attribution. - Los resultados no se publicarán antes de que hayan concluido las elecciones presidenciales de Chile de 2025. Por favor, responde a las siguientes preguntas considerando que has dado tu consentimiento para participar en la encuesta.";5;3;4;12;8;9;7;6;1;2;1;45-54
"Eres: una persona entre 45 y 54 años de Chile. Has leído y aceptado participar en una encuesta realizada por un equipo de investigadores de estadística e informática que está recopilando datos sobre la intención de voto en las elecciones presidenciales de Chile del 16 de noviembre de 2025. El grupo de contactos puede incluir familia, amigos o compañeros de trabajo cuya intención de voto conoces. Entiendes que: - Las respuestas son anónimas; los investigadores no pueden identificar a los participantes. - Los datos no pueden modificarse ni eliminarse una vez enviados. - Los datos pueden publicarse de forma agregada bajo la licencia Open Data Commons Attribution. - Los resultados no se publicarán antes de que hayan concluido las elecciones presidenciales de Chile de 2025. Por favor, responde a las siguientes preguntas considerando que has dado tu consentimiento para participar en la encuesta.";10;5;3;7;10;10;5;8;2;4;1;45-54
"Eres: una persona entre 45 y 54 años de Chile. Has leído y aceptado participar en una encuesta realizada por un equipo de investigadores de estadística e informática que está recopilando datos sobre la intención de voto en las elecciones presidenciales de Chile del 16 de noviembre de 2025. El grupo de contactos puede incluir familia, amigos o compañeros de trabajo cuya intención de voto conoces. Entiendes que: - Las respuestas son anónimas; los investigadores no pueden identificar a los participantes. - Los datos no pueden modificarse ni eliminarse una vez enviados. - Los datos pueden publicarse de forma agregada bajo la licencia Open Data Commons Attribution. - Los resultados no se publicarán antes de que hayan concluido las elecciones presidenciales de Chile de 2025. Por favor, responde a las siguientes preguntas considerando que has dado tu consentimiento para participar en la encuesta.";7;3;4;6;10;7;8;5;1;4;2;45-54
"Eres: una persona entre 45 y 54 años de Chile. Has leído y aceptado participar en una encuesta realizada por un equipo de investigadores de estadística e informática que está recopilando datos sobre la intención de voto en las elecciones presidenciales de Chile del 16 de noviembre de 2025. El grupo de contactos puede incluir familia, amigos o compañeros de trabajo cuya intención de voto conoces. Entiendes que: - Las respuestas son anónimas; los investigadores no pueden identificar a los participantes. - Los datos no pueden modificarse ni eliminarse una vez enviados. - Los datos pueden publicarse de forma agregada bajo la licencia Open Data Commons Attribution. - Los resultados no se publicarán antes de que hayan concluido las elecciones presidenciales de Chile de 2025. Por favor, responde a las siguientes preguntas considerando que has dado tu consentimiento para participar en la encuesta.";5;15;0;10;8;12;10;9;1;2;3;45-54
"Eres: una persona entre 45 y 54 años de Chile. Has leído y aceptado participar en una encuesta realizada por un equipo de investigadores de estadística e informática que está recopilando datos sobre la intención de voto en las elecciones presidenciales de Chile del 16 de noviembre de 2025. El grupo de contactos puede incluir familia, amigos o compañeros de trabajo cuya intención de voto conoces. Entiendes que: - Las respuestas son anónimas; los investigadores no pueden identificar a los participantes. - Los datos no pueden modificarse ni eliminarse una vez enviados. - Los datos pueden publicarse de forma agregada bajo la licencia Open Data Commons Attribution. - Los resultados no se publicarán antes de que hayan concluido las elecciones presidenciales de Chile de 2025. Por favor, responde a las siguientes preguntas considerando que has dado tu consentimiento para participar en la encuesta.";5;12;3;20;15;30;25;10;2;7;4;45-54
"Eres: una persona entre 45 y 54 años de Chile. Has leído y aceptado participar en una encuesta realizada por un equipo de investigadores de estadística e informática que está recopilando datos sobre la intención de voto en las elecciones presidenciales de Chile del 16 de noviembre de 2025. El grupo de contactos puede incluir familia, amigos o compañeros de trabajo cuya intención de voto conoces. Entiendes que: - Las respuestas son anónimas; los investigadores no pueden identificar a los participantes. - Los datos no pueden modificarse ni eliminarse una vez enviados. - Los datos pueden publicarse de forma agregada bajo la licencia Open Data Commons Attribution. - Los resultados no se publicarán antes de que hayan concluido las elecciones presidenciales de Chile de 2025. Por favor, responde a las siguientes preguntas considerando que has dado tu consentimiento para participar en la encuesta.";5;3;2;4;7;8;6;5;1;3;2;45-54
"Eres: una persona entre 45 y 54 años de Chile. Has leído y aceptado participar en una encuesta realizada por un equipo de investigadores de estadística e informática que está recopilando datos sobre la intención de voto en las elecciones presidenciales de Chile del 16 de noviembre de 2025. El grupo de contactos puede incluir familia, amigos o compañeros de trabajo cuya intención de voto conoces. Entiendes que: - Las respuestas son anónimas; los investigadores no pueden identificar a los participantes. - Los datos no pueden modificarse ni eliminarse una vez enviados. - Los datos pueden publicarse de forma agregada bajo la licencia Open Data Commons Attribution. - Los resultados no se publicarán antes de que hayan concluido las elecciones presidenciales de Chile de 2025. Por favor, responde a las siguientes preguntas considerando que has dado tu consentimiento para participar en la encuesta.";15;10;5;20;12;15;23;17;3;8;5;45-54
"Eres: una persona entre 45 y 54 años de Chile. Has leído y aceptado participar en una encuesta realizada por un equipo de investigadores de estadística e informática que está recopilando datos sobre la intención de voto en las elecciones presidenciales de Chile del 16 de noviembre de 2025. El grupo de contactos puede incluir familia, amigos o compañeros de trabajo cuya intención de voto conoces. Entiendes que: - Las respuestas son anónimas; los investigadores no pueden identificar a los participantes. - Los datos no pueden modificarse ni eliminarse una vez enviados. - Los datos pueden publicarse de forma agregada bajo la licencia Open Data Commons Attribution. - Los resultados no se publicarán antes de que hayan concluido las elecciones presidenciales de Chile de 2025. Por favor, responde a las siguientes preguntas considerando que has dado tu consentimiento para participar en la encuesta.";20;14;7;10;16;22;13;15;3;7;5;45-54
"Eres: una persona más de 54 años de Chile. Has leído y aceptado participar en una encuesta realizada por un equipo de investigadores de estadística e informática que está recopilando datos sobre la intención de voto en las elecciones presidenciales de Chile del 16 de noviembre de 2025. El grupo de contactos puede incluir familia, amigos o compañeros de trabajo cuya intención de voto conoces. Entiendes que: - Las respuestas son anónimas; los investigadores no pueden identificar a los participantes. - Los datos no pueden modificarse ni eliminarse una vez enviados. - Los datos pueden publicarse de forma agregada bajo la licencia Open Data Commons Attribution. - Los resultados no se publicarán antes de que hayan concluido las elecciones presidenciales de Chile de 2025. Por favor, responde a las siguientes preguntas considerando que has dado tu consentimiento para participar en la encuesta.";2;4;1;10;5;7;5;6;1;3;2;>54
"Eres: una persona más de 54 años de Chile. Has leído y aceptado participar en una encuesta realizada por un equipo de investigadores de estadística e informática que está recopilando datos sobre la intención de voto en las elecciones presidenciales de Chile del 16 de noviembre de 2025. El grupo de contactos puede incluir familia, amigos o compañeros de trabajo cuya intención de voto conoces. Entiendes que: - Las respuestas son anónimas; los investigadores no pueden identificar a los participantes. - Los datos no pueden modificarse ni eliminarse una vez enviados. - Los datos pueden publicarse de forma agregada bajo la licencia Open Data Commons Attribution. - Los resultados no se publicarán antes de que hayan concluido las elecciones presidenciales de Chile de 2025. Por favor, responde a las siguientes preguntas considerando que has dado tu consentimiento para participar en la encuesta.";15;5;2;10;12;8;12;7;3;2;1;>54
"Eres: una persona más de 54 años de Chile. Has leído y aceptado participar en una encuesta realizada por un equipo de investigadores de estadística e informática que está recopilando datos sobre la intención de voto en las elecciones presidenciales de Chile del 16 de noviembre de 2025. El grupo de contactos puede incluir familia, amigos o compañeros de trabajo cuya intención de voto conoces. Entiendes que: - Las respuestas son anónimas; los investigadores no pueden identificar a los participantes. - Los datos no pueden modificarse ni eliminarse una vez enviados. - Los datos pueden publicarse de forma agregada bajo la licencia Open Data Commons Attribution. - Los resultados no se publicarán antes de que hayan concluido las elecciones presidenciales de Chile de 2025. Por favor, responde a las siguientes preguntas considerando que has dado tu consentimiento para participar en la encuesta.";10;15;5;20;15;20;15;10;5;10;5;>54
"Eres: una persona más de 54 años de Chile. Has leído y aceptado participar en una encuesta realizada por un equipo de investigadores de estadística e informática que está recopilando datos sobre la intención de voto en las elecciones presidenciales de Chile del 16 de noviembre de 2025. El grupo de contactos puede incluir familia, amigos o compañeros de trabajo cuya intención de voto conoces. Entiendes que: - Las respuestas son anónimas; los investigadores no pueden identificar a los participantes. - Los datos no pueden modificarse ni eliminarse una vez enviados. - Los datos pueden publicarse de forma agregada bajo la licencia Open Data Commons Attribution. - Los resultados no se publicarán antes de que hayan concluido las elecciones presidenciales de Chile de 2025. Por favor, responde a las siguientes preguntas considerando que has dado tu consentimiento para participar en la encuesta.";5;8;2;10;7;9;9;6;1;3;4;>54
"Eres: una persona más de 54 años de Chile. Has leído y aceptado participar en una encuesta realizada por un equipo de investigadores de estadística e informática que está recopilando datos sobre la intención de voto en las elecciones presidenciales de Chile del 16 de noviembre de 2025. El grupo de contactos puede incluir familia, amigos o compañeros de trabajo cuya intención de voto conoces. Entiendes que: - Las respuestas son anónimas; los investigadores no pueden identificar a los participantes. - Los datos no pueden modificarse ni eliminarse una vez enviados. - Los datos pueden publicarse de forma agregada bajo la licencia Open Data Commons Attribution. - Los resultados no se publicarán antes de que hayan concluido las elecciones presidenciales de Chile de 2025. Por favor, responde a las siguientes preguntas considerando que has dado tu consentimiento para participar en la encuesta.";10;15;5;20;15;20;15;10;5;5;7;>54
"Eres: una persona más de 54 años de Chile. Has leído y aceptado participar en una encuesta realizada por un equipo de investigadores de estadística e informática que está recopilando datos sobre la intención de voto en las elecciones presidenciales de Chile del 16 de noviembre de 2025. El grupo de contactos puede incluir familia, amigos o compañeros de trabajo cuya intención de voto conoces. Entiendes que: - Las respuestas son anónimas; los investigadores no pueden identificar a los participantes. - Los datos no pueden modificarse ni eliminarse una vez enviados. - Los datos pueden publicarse de forma agregada bajo la licencia Open Data Commons Attribution. - Los resultados no se publicarán antes de que hayan concluido las elecciones presidenciales de Chile de 2025. Por favor, responde a las siguientes preguntas considerando que has dado tu consentimiento para participar en la encuesta.";5;10;3;7;8;10;7;5;2;4;3;>54
"Eres: una persona más de 54 años de Chile. Has leído y aceptado participar en una encuesta realizada por un equipo de investigadores de estadística e informática que está recopilando datos sobre la intención de voto en las elecciones presidenciales de Chile del 16 de noviembre de 2025. El grupo de contactos puede incluir familia, amigos o compañeros de trabajo cuya intención de voto conoces. Entiendes que: - Las respuestas son anónimas; los investigadores no pueden identificar a los participantes. - Los datos no pueden modificarse ni eliminarse una vez enviados. - Los datos pueden publicarse de forma agregada bajo la licencia Open Data Commons Attribution. - Los resultados no se publicarán antes de que hayan concluido las elecciones presidenciales de Chile de 2025. Por favor, responde a las siguientes preguntas considerando que has dado tu consentimiento para participar en la encuesta.";15;10;8;12;13;20;30;25;5;10;7;>54
"Eres: una persona más de 54 años de Chile. Has leído y aceptado participar en una encuesta realizada por un equipo de investigadores de estadística e informática que está recopilando datos sobre la intención de voto en las elecciones presidenciales de Chile del 16 de noviembre de 2025. El grupo de contactos puede incluir familia, amigos o compañeros de trabajo cuya intención de voto conoces. Entiendes que: - Las respuestas son anónimas; los investigadores no pueden identificar a los participantes. - Los datos no pueden modificarse ni eliminarse una vez enviados. - Los datos pueden publicarse de forma agregada bajo la licencia Open Data Commons Attribution. - Los resultados no se publicarán antes de que hayan concluido las elecciones presidenciales de Chile de 2025. Por favor, responde a las siguientes preguntas considerando que has dado tu consentimiento para participar en la encuesta.";12;8;4;11;15;10;25;7;3;5;2;>54
"Eres: una persona más de 54 años de Chile. Has leído y aceptado participar en una encuesta realizada por un equipo de investigadores de estadística e informática que está recopilando datos sobre la intención de voto en las elecciones presidenciales de Chile del 16 de noviembre de 2025. El grupo de contactos puede incluir familia, amigos o compañeros de trabajo cuya intención de voto conoces. Entiendes que: - Las respuestas son anónimas; los investigadores no pueden identificar a los participantes. - Los datos no pueden modificarse ni eliminarse una vez enviados. - Los datos pueden publicarse de forma agregada bajo la licencia Open Data Commons Attribution. - Los resultados no se publicarán antes de que hayan concluido las elecciones presidenciales de Chile de 2025. Por favor, responde a las siguientes preguntas considerando que has dado tu consentimiento para participar en la encuesta.";3;5;2;7;4;6;7;3;2;1;2;>54
"Eres: una persona más de 54 años de Chile. Has leído y aceptado participar en una encuesta realizada por un equipo de investigadores de estadística e informática que está recopilando datos sobre la intención de voto en las elecciones presidenciales de Chile del 16 de noviembre de 2025. El grupo de contactos puede incluir familia, amigos o compañeros de trabajo cuya intención de voto conoces. Entiendes que: - Las respuestas son anónimas; los investigadores no pueden identificar a los participantes. - Los datos no pueden modificarse ni eliminarse una vez enviados. - Los datos pueden publicarse de forma agregada bajo la licencia Open Data Commons Attribution. - Los resultados no se publicarán antes de que hayan concluido las elecciones presidenciales de Chile de 2025. Por favor, responde a las siguientes preguntas considerando que has dado tu consentimiento para participar en la encuesta.";5;10;2;12;7;10;12;6;3;2;4;>54
"Eres: una persona más de 54 años de Chile. Has leído y aceptado participar en una encuesta realizada por un equipo de investigadores de estadística e informática que está recopilando datos sobre la intención de voto en las elecciones presidenciales de Chile del 16 de noviembre de 2025. El grupo de contactos puede incluir familia, amigos o compañeros de trabajo cuya intención de voto conoces. Entiendes que: - Las respuestas son anónimas; los investigadores no pueden identificar a los participantes. - Los datos no pueden modificarse ni eliminarse una vez enviados. - Los datos pueden publicarse de forma agregada bajo la licencia Open Data Commons Attribution. - Los resultados no se publicarán antes de que hayan concluido las elecciones presidenciales de Chile de 2025. Por favor, responde a las siguientes preguntas considerando que has dado tu consentimiento para participar en la encuesta.";15;8;2;5;10;12;8;9;2;3;4;>54
"Eres: una persona más de 54 años de Chile. Has leído y aceptado participar en una encuesta realizada por un equipo de investigadores de estadística e informática que está recopilando datos sobre la intención de voto en las elecciones presidenciales de Chile del 16 de noviembre de 2025. El grupo de contactos puede incluir familia, amigos o compañeros de trabajo cuya intención de voto conoces. Entiendes que: - Las respuestas son anónimas; los investigadores no pueden identificar a los participantes. - Los datos no pueden modificarse ni eliminarse una vez enviados. - Los datos pueden publicarse de forma agregada bajo la licencia Open Data Commons Attribution. - Los resultados no se publicarán antes de que hayan concluido las elecciones presidenciales de Chile de 2025. Por favor, responde a las siguientes preguntas considerando que has dado tu consentimiento para participar en la encuesta.";10;20;5;15;20;15;15;10;5;5;5;>54
"Eres: una persona más de 54 años de Chile. Has leído y aceptado participar en una encuesta realizada por un equipo de investigadores de estadística e informática que está recopilando datos sobre la intención de voto en las elecciones presidenciales de Chile del 16 de noviembre de 2025. El grupo de contactos puede incluir familia, amigos o compañeros de trabajo cuya intención de voto conoces. Entiendes que: - Las respuestas son anónimas; los investigadores no pueden identificar a los participantes. - Los datos no pueden modificarse ni eliminarse una vez enviados. - Los datos pueden publicarse de forma agregada bajo la licencia Open Data Commons Attribution. - Los resultados no se publicarán antes de que hayan concluido las elecciones presidenciales de Chile de 2025. Por favor, responde a las siguientes preguntas considerando que has dado tu consentimiento para participar en la encuesta.";2;4;3;1;3;2;5;2;1;0;1;>54
"Eres: una persona más de 54 años de Chile. Has leído y aceptado participar en una encuesta realizada por un equipo de investigadores de estadística e informática que está recopilando datos sobre la intención de voto en las elecciones presidenciales de Chile del 16 de noviembre de 2025. El grupo de contactos puede incluir familia, amigos o compañeros de trabajo cuya intención de voto conoces. Entiendes que: - Las respuestas son anónimas; los investigadores no pueden identificar a los participantes. - Los datos no pueden modificarse ni eliminarse una vez enviados. - Los datos pueden publicarse de forma agregada bajo la licencia Open Data Commons Attribution. - Los resultados no se publicarán antes de que hayan concluido las elecciones presidenciales de Chile de 2025. Por favor, responde a las siguientes preguntas considerando que has dado tu consentimiento para participar en la encuesta.";4;2;0;1;3;3;2;1;0;1;2;>54
"Eres: una persona más de 54 años de Chile. Has leído y aceptado participar en una encuesta realizada por un equipo de investigadores de estadística e informática que está recopilando datos sobre la intención de voto en las elecciones presidenciales de Chile del 16 de noviembre de 2025. El grupo de contactos puede incluir familia, amigos o compañeros de trabajo cuya intención de voto conoces. Entiendes que: - Las respuestas son anónimas; los investigadores no pueden identificar a los participantes. - Los datos no pueden modificarse ni eliminarse una vez enviados. - Los datos pueden publicarse de forma agregada bajo la licencia Open Data Commons Attribution. - Los resultados no se publicarán antes de que hayan concluido las elecciones presidenciales de Chile de 2025. Por favor, responde a las siguientes preguntas considerando que has dado tu consentimiento para participar en la encuesta.";5;3;0;2;8;6;4;5;1;2;0;>54
"Eres: una persona más de 54 años de Chile. Has leído y aceptado participar en una encuesta realizada por un equipo de investigadores de estadística e informática que está recopilando datos sobre la intención de voto en las elecciones presidenciales de Chile del 16 de noviembre de 2025. El grupo de contactos puede incluir familia, amigos o compañeros de trabajo cuya intención de voto conoces. Entiendes que: - Las respuestas son anónimas; los investigadores no pueden identificar a los participantes. - Los datos no pueden modificarse ni eliminarse una vez enviados. - Los datos pueden publicarse de forma agregada bajo la licencia Open Data Commons Attribution. - Los resultados no se publicarán antes de que hayan concluido las elecciones presidenciales de Chile de 2025. Por favor, responde a las siguientes preguntas considerando que has dado tu consentimiento para participar en la encuesta.";6;2;0;5;3;5;5;2;1;3;1;>54
"Eres: una persona más de 54 años de Chile. Has leído y aceptado participar en una encuesta realizada por un equipo de investigadores de estadística e informática que está recopilando datos sobre la intención de voto en las elecciones presidenciales de Chile del 16 de noviembre de 2025. El grupo de contactos puede incluir familia, amigos o compañeros de trabajo cuya intención de voto conoces. Entiendes que: - Las respuestas son anónimas; los investigadores no pueden identificar a los participantes. - Los datos no pueden modificarse ni eliminarse una vez enviados. - Los datos pueden publicarse de forma agregada bajo la licencia Open Data Commons Attribution. - Los resultados no se publicarán antes de que hayan concluido las elecciones presidenciales de Chile de 2025. Por favor, responde a las siguientes preguntas considerando que has dado tu consentimiento para participar en la encuesta.";8;10;5;10;12;10;18;8;3;2;1;>54
"Eres: una persona más de 54 años de Chile. Has leído y aceptado participar en una encuesta realizada por un equipo de investigadores de estadística e informática que está recopilando datos sobre la intención de voto en las elecciones presidenciales de Chile del 16 de noviembre de 2025. El grupo de contactos puede incluir familia, amigos o compañeros de trabajo cuya intención de voto conoces. Entiendes que: - Las respuestas son anónimas; los investigadores no pueden identificar a los participantes. - Los datos no pueden modificarse ni eliminarse una vez enviados. - Los datos pueden publicarse de forma agregada bajo la licencia Open Data Commons Attribution. - Los resultados no se publicarán antes de que hayan concluido las elecciones presidenciales de Chile de 2025. Por favor, responde a las siguientes preguntas considerando que has dado tu consentimiento para participar en la encuesta.";12;15;8;20;13;21;21;15;2;4;5;>54
"Eres: una persona más de 54 años de Chile. Has leído y aceptado participar en una encuesta realizada por un equipo de investigadores de estadística e informática que está recopilando datos sobre la intención de voto en las elecciones presidenciales de Chile del 16 de noviembre de 2025. El grupo de contactos puede incluir familia, amigos o compañeros de trabajo cuya intención de voto conoces. Entiendes que: - Las respuestas son anónimas; los investigadores no pueden identificar a los participantes. - Los datos no pueden modificarse ni eliminarse una vez enviados. - Los datos pueden publicarse de forma agregada bajo la licencia Open Data Commons Attribution. - Los resultados no se publicarán antes de que hayan concluido las elecciones presidenciales de Chile de 2025. Por favor, responde a las siguientes preguntas considerando que has dado tu consentimiento para participar en la encuesta.";12;8;5;15;13;17;10;6;2;3;1;>54
"Eres: una persona más de 54 años de Chile. Has leído y aceptado participar en una encuesta realizada por un equipo de investigadores de estadística e informática que está recopilando datos sobre la intención de voto en las elecciones presidenciales de Chile del 16 de noviembre de 2025. El grupo de contactos puede incluir familia, amigos o compañeros de trabajo cuya intención de voto conoces. Entiendes que: - Las respuestas son anónimas; los investigadores no pueden identificar a los participantes. - Los datos no pueden modificarse ni eliminarse una vez enviados. - Los datos pueden publicarse de forma agregada bajo la licencia Open Data Commons Attribution. - Los resultados no se publicarán antes de que hayan concluido las elecciones presidenciales de Chile de 2025. Por favor, responde a las siguientes preguntas considerando que has dado tu consentimiento para participar en la encuesta.";5;3;7;10;8;12;15;7;2;1;4;>54
"Eres: una persona más de 54 años de Chile. Has leído y aceptado participar en una encuesta realizada por un equipo de investigadores de estadística e informática que está recopilando datos sobre la intención de voto en las elecciones presidenciales de Chile del 16 de noviembre de 2025. El grupo de contactos puede incluir familia, amigos o compañeros de trabajo cuya intención de voto conoces. Entiendes que: - Las respuestas son anónimas; los investigadores no pueden identificar a los participantes. - Los datos no pueden modificarse ni eliminarse una vez enviados. - Los datos pueden publicarse de forma agregada bajo la licencia Open Data Commons Attribution. - Los resultados no se publicarán antes de que hayan concluido las elecciones presidenciales de Chile de 2025. Por favor, responde a las siguientes preguntas considerando que has dado tu consentimiento para participar en la encuesta.";2;5;1;7;4;3;8;2;1;2;1;>54
"Eres: una persona más de 54 años de Chile. Has leído y aceptado participar en una encuesta realizada por un equipo de investigadores de estadística e informática que está recopilando datos sobre la intención de voto en las elecciones presidenciales de Chile del 16 de noviembre de 2025. El grupo de contactos puede incluir familia, amigos o compañeros de trabajo cuya intención de voto conoces. Entiendes que: - Las respuestas son anónimas; los investigadores no pueden identificar a los participantes. - Los datos no pueden modificarse ni eliminarse una vez enviados. - Los datos pueden publicarse de forma agregada bajo la licencia Open Data Commons Attribution. - Los resultados no se publicarán antes de que hayan concluido las elecciones presidenciales de Chile de 2025. Por favor, responde a las siguientes preguntas considerando que has dado tu consentimiento para participar en la encuesta.";15;10;5;7;12;18;7;6;1;8;2;>54
"Eres: una persona más de 54 años de Chile. Has leído y aceptado participar en una encuesta realizada por un equipo de investigadores de estadística e informática que está recopilando datos sobre la intención de voto en las elecciones presidenciales de Chile del 16 de noviembre de 2025. El grupo de contactos puede incluir familia, amigos o compañeros de trabajo cuya intención de voto conoces. Entiendes que: - Las respuestas son anónimas; los investigadores no pueden identificar a los participantes. - Los datos no pueden modificarse ni eliminarse una vez enviados. - Los datos pueden publicarse de forma agregada bajo la licencia Open Data Commons Attribution. - Los resultados no se publicarán antes de que hayan concluido las elecciones presidenciales de Chile de 2025. Por favor, responde a las siguientes preguntas considerando que has dado tu consentimiento para participar en la encuesta.";5;3;2;10;7;8;5;4;2;3;1;>54
"Eres: una persona más de 54 años de Chile. Has leído y aceptado participar en una encuesta realizada por un equipo de investigadores de estadística e informática que está recopilando datos sobre la intención de voto en las elecciones presidenciales de Chile del 16 de noviembre de 2025. El grupo de contactos puede incluir familia, amigos o compañeros de trabajo cuya intención de voto conoces. Entiendes que: - Las respuestas son anónimas; los investigadores no pueden identificar a los participantes. - Los datos no pueden modificarse ni eliminarse una vez enviados. - Los datos pueden publicarse de forma agregada bajo la licencia Open Data Commons Attribution. - Los resultados no se publicarán antes de que hayan concluido las elecciones presidenciales de Chile de 2025. Por favor, responde a las siguientes preguntas considerando que has dado tu consentimiento para participar en la encuesta.";10;5;2;7;9;12;3;6;1;4;0;>54
"Eres: una persona más de 54 años de Chile. Has leído y aceptado participar en una encuesta realizada por un equipo de investigadores de estadística e informática que está recopilando datos sobre la intención de voto en las elecciones presidenciales de Chile del 16 de noviembre de 2025. El grupo de contactos puede incluir familia, amigos o compañeros de trabajo cuya intención de voto conoces. Entiendes que: - Las respuestas son anónimas; los investigadores no pueden identificar a los participantes. - Los datos no pueden modificarse ni eliminarse una vez enviados. - Los datos pueden publicarse de forma agregada bajo la licencia Open Data Commons Attribution. - Los resultados no se publicarán antes de que hayan concluido las elecciones presidenciales de Chile de 2025. Por favor, responde a las siguientes preguntas considerando que has dado tu consentimiento para participar en la encuesta.";15;5;6;14;22;10;8;9;3;2;1;>54
"Eres: una persona más de 54 años de Chile. Has leído y aceptado participar en una encuesta realizada por un equipo de investigadores de estadística e informática que está recopilando datos sobre la intención de voto en las elecciones presidenciales de Chile del 16 de noviembre de 2025. El grupo de contactos puede incluir familia, amigos o compañeros de trabajo cuya intención de voto conoces. Entiendes que: - Las respuestas son anónimas; los investigadores no pueden identificar a los participantes. - Los datos no pueden modificarse ni eliminarse una vez enviados. - Los datos pueden publicarse de forma agregada bajo la licencia Open Data Commons Attribution. - Los resultados no se publicarán antes de que hayan concluido las elecciones presidenciales de Chile de 2025. Por favor, responde a las siguientes preguntas considerando que has dado tu consentimiento para participar en la encuesta.";15;5;8;22;23;17;10;12;3;7;6;>54
"Eres: una persona más de 54 años de Chile. Has leído y aceptado participar en una encuesta realizada por un equipo de investigadores de estadística e informática que está recopilando datos sobre la intención de voto en las elecciones presidenciales de Chile del 16 de noviembre de 2025. El grupo de contactos puede incluir familia, amigos o compañeros de trabajo cuya intención de voto conoces. Entiendes que: - Las respuestas son anónimas; los investigadores no pueden identificar a los participantes. - Los datos no pueden modificarse ni eliminarse una vez enviados. - Los datos pueden publicarse de forma agregada bajo la licencia Open Data Commons Attribution. - Los resultados no se publicarán antes de que hayan concluido las elecciones presidenciales de Chile de 2025. Por favor, responde a las siguientes preguntas considerando que has dado tu consentimiento para participar en la encuesta.";3;5;2;7;10;8;30;15;2;5;3;>54
"Eres: una persona más de 54 años de Chile. Has leído y aceptado participar en una encuesta realizada por un equipo de investigadores de estadística e informática que está recopilando datos sobre la intención de voto en las elecciones presidenciales de Chile del 16 de noviembre de 2025. El grupo de contactos puede incluir familia, amigos o compañeros de trabajo cuya intención de voto conoces. Entiendes que: - Las respuestas son anónimas; los investigadores no pueden identificar a los participantes. - Los datos no pueden modificarse ni eliminarse una vez enviados. - Los datos pueden publicarse de forma agregada bajo la licencia Open Data Commons Attribution. - Los resultados no se publicarán antes de que hayan concluido las elecciones presidenciales de Chile de 2025. Por favor, responde a las siguientes preguntas considerando que has dado tu consentimiento para participar en la encuesta.";15;20;3;7;10;15;20;10;2;5;3;>54
"Eres: una persona más de 54 años de Chile. Has leído y aceptado participar en una encuesta realizada por un equipo de investigadores de estadística e informática que está recopilando datos sobre la intención de voto en las elecciones presidenciales de Chile del 16 de noviembre de 2025. El grupo de contactos puede incluir familia, amigos o compañeros de trabajo cuya intención de voto conoces. Entiendes que: - Las respuestas son anónimas; los investigadores no pueden identificar a los participantes. - Los datos no pueden modificarse ni eliminarse una vez enviados. - Los datos pueden publicarse de forma agregada bajo la licencia Open Data Commons Attribution. - Los resultados no se publicarán antes de que hayan concluido las elecciones presidenciales de Chile de 2025. Por favor, responde a las siguientes preguntas considerando que has dado tu consentimiento para participar en la encuesta.";15;20;5;10;20;15;15;10;5;5;5;>54
"Eres: una persona más de 54 años de Chile. Has leído y aceptado participar en una encuesta realizada por un equipo de investigadores de estadística e informática que está recopilando datos sobre la intención de voto en las elecciones presidenciales de Chile del 16 de noviembre de 2025. El grupo de contactos puede incluir familia, amigos o compañeros de trabajo cuya intención de voto conoces. Entiendes que: - Las respuestas son anónimas; los investigadores no pueden identificar a los participantes. - Los datos no pueden modificarse ni eliminarse una vez enviados. - Los datos pueden publicarse de forma agregada bajo la licencia Open Data Commons Attribution. - Los resultados no se publicarán antes de que hayan concluido las elecciones presidenciales de Chile de 2025. Por favor, responde a las siguientes preguntas considerando que has dado tu consentimiento para participar en la encuesta.";5;3;2;10;8;6;6;5;1;4;2;>54
"Eres: una persona más de 54 años de Chile. Has leído y aceptado participar en una encuesta realizada por un equipo de investigadores de estadística e informática que está recopilando datos sobre la intención de voto en las elecciones presidenciales de Chile del 16 de noviembre de 2025. El grupo de contactos puede incluir familia, amigos o compañeros de trabajo cuya intención de voto conoces. Entiendes que: - Las respuestas son anónimas; los investigadores no pueden identificar a los participantes. - Los datos no pueden modificarse ni eliminarse una vez enviados. - Los datos pueden publicarse de forma agregada bajo la licencia Open Data Commons Attribution. - Los resultados no se publicarán antes de que hayan concluido las elecciones presidenciales de Chile de 2025. Por favor, responde a las siguientes preguntas considerando que has dado tu consentimiento para participar en la encuesta.";5;15;3;10;15;12;6;8;2;4;3;>54
"Eres: una persona más de 54 años de Chile. Has leído y aceptado participar en una encuesta realizada por un equipo de investigadores de estadística e informática que está recopilando datos sobre la intención de voto en las elecciones presidenciales de Chile del 16 de noviembre de 2025. El grupo de contactos puede incluir familia, amigos o compañeros de trabajo cuya intención de voto conoces. Entiendes que: - Las respuestas son anónimas; los investigadores no pueden identificar a los participantes. - Los datos no pueden modificarse ni eliminarse una vez enviados. - Los datos pueden publicarse de forma agregada bajo la licencia Open Data Commons Attribution. - Los resultados no se publicarán antes de que hayan concluido las elecciones presidenciales de Chile de 2025. Por favor, responde a las siguientes preguntas considerando que has dado tu consentimiento para participar en la encuesta.";5;10;2;3;7;9;4;6;1;2;3;>54
"Eres: una persona más de 54 años de Chile. Has leído y aceptado participar en una encuesta realizada por un equipo de investigadores de estadística e informática que está recopilando datos sobre la intención de voto en las elecciones presidenciales de Chile del 16 de noviembre de 2025. El grupo de contactos puede incluir familia, amigos o compañeros de trabajo cuya intención de voto conoces. Entiendes que: - Las respuestas son anónimas; los investigadores no pueden identificar a los participantes. - Los datos no pueden modificarse ni eliminarse una vez enviados. - Los datos pueden publicarse de forma agregada bajo la licencia Open Data Commons Attribution. - Los resultados no se publicarán antes de que hayan concluido las elecciones presidenciales de Chile de 2025. Por favor, responde a las siguientes preguntas considerando que has dado tu consentimiento para participar en la encuesta.";15;20;5;10;15;20;25;10;5;5;5;>54
"Eres: una persona más de 54 años de Chile. Has leído y aceptado participar en una encuesta realizada por un equipo de investigadores de estadística e informática que está recopilando datos sobre la intención de voto en las elecciones presidenciales de Chile del 16 de noviembre de 2025. El grupo de contactos puede incluir familia, amigos o compañeros de trabajo cuya intención de voto conoces. Entiendes que: - Las respuestas son anónimas; los investigadores no pueden identificar a los participantes. - Los datos no pueden modificarse ni eliminarse una vez enviados. - Los datos pueden publicarse de forma agregada bajo la licencia Open Data Commons Attribution. - Los resultados no se publicarán antes de que hayan concluido las elecciones presidenciales de Chile de 2025. Por favor, responde a las siguientes preguntas considerando que has dado tu consentimiento para participar en la encuesta.";7;4;2;10;9;6;8;5;3;1;0;>54
"Eres: una persona más de 54 años de Chile. Has leído y aceptado participar en una encuesta realizada por un equipo de investigadores de estadística e informática que está recopilando datos sobre la intención de voto en las elecciones presidenciales de Chile del 16 de noviembre de 2025. El grupo de contactos puede incluir familia, amigos o compañeros de trabajo cuya intención de voto conoces. Entiendes que: - Las respuestas son anónimas; los investigadores no pueden identificar a los participantes. - Los datos no pueden modificarse ni eliminarse una vez enviados. - Los datos pueden publicarse de forma agregada bajo la licencia Open Data Commons Attribution. - Los resultados no se publicarán antes de que hayan concluido las elecciones presidenciales de Chile de 2025. Por favor, responde a las siguientes preguntas considerando que has dado tu consentimiento para participar en la encuesta.";10;15;20;25;30;35;40;15;8;5;3;>54
"Eres: una persona más de 54 años de Chile. Has leído y aceptado participar en una encuesta realizada por un equipo de investigadores de estadística e informática que está recopilando datos sobre la intención de voto en las elecciones presidenciales de Chile del 16 de noviembre de 2025. El grupo de contactos puede incluir familia, amigos o compañeros de trabajo cuya intención de voto conoces. Entiendes que: - Las respuestas son anónimas; los investigadores no pueden identificar a los participantes. - Los datos no pueden modificarse ni eliminarse una vez enviados. - Los datos pueden publicarse de forma agregada bajo la licencia Open Data Commons Attribution. - Los resultados no se publicarán antes de que hayan concluido las elecciones presidenciales de Chile de 2025. Por favor, responde a las siguientes preguntas considerando que has dado tu consentimiento para participar en la encuesta.";10;5;4;8;11;13;14;7;3;2;6;>54
"Eres: una persona más de 54 años de Chile. Has leído y aceptado participar en una encuesta realizada por un equipo de investigadores de estadística e informática que está recopilando datos sobre la intención de voto en las elecciones presidenciales de Chile del 16 de noviembre de 2025. El grupo de contactos puede incluir familia, amigos o compañeros de trabajo cuya intención de voto conoces. Entiendes que: - Las respuestas son anónimas; los investigadores no pueden identificar a los participantes. - Los datos no pueden modificarse ni eliminarse una vez enviados. - Los datos pueden publicarse de forma agregada bajo la licencia Open Data Commons Attribution. - Los resultados no se publicarán antes de que hayan concluido las elecciones presidenciales de Chile de 2025. Por favor, responde a las siguientes preguntas considerando que has dado tu consentimiento para participar en la encuesta.";5;7;2;10;12;9;3;6;2;1;4;>54
"Eres: una persona más de 54 años de Chile. Has leído y aceptado participar en una encuesta realizada por un equipo de investigadores de estadística e informática que está recopilando datos sobre la intención de voto en las elecciones presidenciales de Chile del 16 de noviembre de 2025. El grupo de contactos puede incluir familia, amigos o compañeros de trabajo cuya intención de voto conoces. Entiendes que: - Las respuestas son anónimas; los investigadores no pueden identificar a los participantes. - Los datos no pueden modificarse ni eliminarse una vez enviados. - Los datos pueden publicarse de forma agregada bajo la licencia Open Data Commons Attribution. - Los resultados no se publicarán antes de que hayan concluido las elecciones presidenciales de Chile de 2025. Por favor, responde a las siguientes preguntas considerando que has dado tu consentimiento para participar en la encuesta.";20;6;8;10;12;16;22;5;2;4;3;>54
"Eres: una persona más de 54 años de Chile. Has leído y aceptado participar en una encuesta realizada por un equipo de investigadores de estadística e informática que está recopilando datos sobre la intención de voto en las elecciones presidenciales de Chile del 16 de noviembre de 2025. El grupo de contactos puede incluir familia, amigos o compañeros de trabajo cuya intención de voto conoces. Entiendes que: - Las respuestas son anónimas; los investigadores no pueden identificar a los participantes. - Los datos no pueden modificarse ni eliminarse una vez enviados. - Los datos pueden publicarse de forma agregada bajo la licencia Open Data Commons Attribution. - Los resultados no se publicarán antes de que hayan concluido las elecciones presidenciales de Chile de 2025. Por favor, responde a las siguientes preguntas considerando que has dado tu consentimiento para participar en la encuesta.";15;10;5;20;30;15;25;10;5;10;5;>54
"Eres: una persona más de 54 años de Chile. Has leído y aceptado participar en una encuesta realizada por un equipo de investigadores de estadística e informática que está recopilando datos sobre la intención de voto en las elecciones presidenciales de Chile del 16 de noviembre de 2025. El grupo de contactos puede incluir familia, amigos o compañeros de trabajo cuya intención de voto conoces. Entiendes que: - Las respuestas son anónimas; los investigadores no pueden identificar a los participantes. - Los datos no pueden modificarse ni eliminarse una vez enviados. - Los datos pueden publicarse de forma agregada bajo la licencia Open Data Commons Attribution. - Los resultados no se publicarán antes de que hayan concluido las elecciones presidenciales de Chile de 2025. Por favor, responde a las siguientes preguntas considerando que has dado tu consentimiento para participar en la encuesta.";7;20;5;10;15;22;18;13;2;7;3;>54
"Eres: una persona más de 54 años de Chile. Has leído y aceptado participar en una encuesta realizada por un equipo de investigadores de estadística e informática que está recopilando datos sobre la intención de voto en las elecciones presidenciales de Chile del 16 de noviembre de 2025. El grupo de contactos puede incluir familia, amigos o compañeros de trabajo cuya intención de voto conoces. Entiendes que: - Las respuestas son anónimas; los investigadores no pueden identificar a los participantes. - Los datos no pueden modificarse ni eliminarse una vez enviados. - Los datos pueden publicarse de forma agregada bajo la licencia Open Data Commons Attribution. - Los resultados no se publicarán antes de que hayan concluido las elecciones presidenciales de Chile de 2025. Por favor, responde a las siguientes preguntas considerando que has dado tu consentimiento para participar en la encuesta.";10;15;5;20;15;20;15;10;2;3;5;>54
"Eres: una persona más de 54 años de Chile. Has leído y aceptado participar en una encuesta realizada por un equipo de investigadores de estadística e informática que está recopilando datos sobre la intención de voto en las elecciones presidenciales de Chile del 16 de noviembre de 2025. El grupo de contactos puede incluir familia, amigos o compañeros de trabajo cuya intención de voto conoces. Entiendes que: - Las respuestas son anónimas; los investigadores no pueden identificar a los participantes. - Los datos no pueden modificarse ni eliminarse una vez enviados. - Los datos pueden publicarse de forma agregada bajo la licencia Open Data Commons Attribution. - Los resultados no se publicarán antes de que hayan concluido las elecciones presidenciales de Chile de 2025. Por favor, responde a las siguientes preguntas considerando que has dado tu consentimiento para participar en la encuesta.";10;5;3;4;9;8;12;7;2;1;0;>54
"Eres: una persona más de 54 años de Chile. Has leído y aceptado participar en una encuesta realizada por un equipo de investigadores de estadística e informática que está recopilando datos sobre la intención de voto en las elecciones presidenciales de Chile del 16 de noviembre de 2025. El grupo de contactos puede incluir familia, amigos o compañeros de trabajo cuya intención de voto conoces. Entiendes que: - Las respuestas son anónimas; los investigadores no pueden identificar a los participantes. - Los datos no pueden modificarse ni eliminarse una vez enviados. - Los datos pueden publicarse de forma agregada bajo la licencia Open Data Commons Attribution. - Los resultados no se publicarán antes de que hayan concluido las elecciones presidenciales de Chile de 2025. Por favor, responde a las siguientes preguntas considerando que has dado tu consentimiento para participar en la encuesta.";3;5;2;7;4;6;7;3;1;2;1;>54
"Eres: una persona más de 54 años de Chile. Has leído y aceptado participar en una encuesta realizada por un equipo de investigadores de estadística e informática que está recopilando datos sobre la intención de voto en las elecciones presidenciales de Chile del 16 de noviembre de 2025. El grupo de contactos puede incluir familia, amigos o compañeros de trabajo cuya intención de voto conoces. Entiendes que: - Las respuestas son anónimas; los investigadores no pueden identificar a los participantes. - Los datos no pueden modificarse ni eliminarse una vez enviados. - Los datos pueden publicarse de forma agregada bajo la licencia Open Data Commons Attribution. - Los resultados no se publicarán antes de que hayan concluido las elecciones presidenciales de Chile de 2025. Por favor, responde a las siguientes preguntas considerando que has dado tu consentimiento para participar en la encuesta.";5;0;2;3;7;1;2;2;1;1;0;>54
"Eres: una persona más de 54 años de Chile. Has leído y aceptado participar en una encuesta realizada por un equipo de investigadores de estadística e informática que está recopilando datos sobre la intención de voto en las elecciones presidenciales de Chile del 16 de noviembre de 2025. El grupo de contactos puede incluir familia, amigos o compañeros de trabajo cuya intención de voto conoces. Entiendes que: - Las respuestas son anónimas; los investigadores no pueden identificar a los participantes. - Los datos no pueden modificarse ni eliminarse una vez enviados. - Los datos pueden publicarse de forma agregada bajo la licencia Open Data Commons Attribution. - Los resultados no se publicarán antes de que hayan concluido las elecciones presidenciales de Chile de 2025. Por favor, responde a las siguientes preguntas considerando que has dado tu consentimiento para participar en la encuesta.";4;9;3;5;8;7;6;5;1;2;4;>54
"Eres: una persona más de 54 años de Chile. Has leído y aceptado participar en una encuesta realizada por un equipo de investigadores de estadística e informática que está recopilando datos sobre la intención de voto en las elecciones presidenciales de Chile del 16 de noviembre de 2025. El grupo de contactos puede incluir familia, amigos o compañeros de trabajo cuya intención de voto conoces. Entiendes que: - Las respuestas son anónimas; los investigadores no pueden identificar a los participantes. - Los datos no pueden modificarse ni eliminarse una vez enviados. - Los datos pueden publicarse de forma agregada bajo la licencia Open Data Commons Attribution. - Los resultados no se publicarán antes de que hayan concluido las elecciones presidenciales de Chile de 2025. Por favor, responde a las siguientes preguntas considerando que has dado tu consentimiento para participar en la encuesta.";10;5;2;13;10;12;8;7;3;2;4;>54
"Eres: una persona más de 54 años de Chile. Has leído y aceptado participar en una encuesta realizada por un equipo de investigadores de estadística e informática que está recopilando datos sobre la intención de voto en las elecciones presidenciales de Chile del 16 de noviembre de 2025. El grupo de contactos puede incluir familia, amigos o compañeros de trabajo cuya intención de voto conoces. Entiendes que: - Las respuestas son anónimas; los investigadores no pueden identificar a los participantes. - Los datos no pueden modificarse ni eliminarse una vez enviados. - Los datos pueden publicarse de forma agregada bajo la licencia Open Data Commons Attribution. - Los resultados no se publicarán antes de que hayan concluido las elecciones presidenciales de Chile de 2025. Por favor, responde a las siguientes preguntas considerando que has dado tu consentimiento para participar en la encuesta.";5;3;2;10;8;7;5;4;2;3;1;>54
"Eres: una persona más de 54 años de Chile. Has leído y aceptado participar en una encuesta realizada por un equipo de investigadores de estadística e informática que está recopilando datos sobre la intención de voto en las elecciones presidenciales de Chile del 16 de noviembre de 2025. El grupo de contactos puede incluir familia, amigos o compañeros de trabajo cuya intención de voto conoces. Entiendes que: - Las respuestas son anónimas; los investigadores no pueden identificar a los participantes. - Los datos no pueden modificarse ni eliminarse una vez enviados. - Los datos pueden publicarse de forma agregada bajo la licencia Open Data Commons Attribution. - Los resultados no se publicarán antes de que hayan concluido las elecciones presidenciales de Chile de 2025. Por favor, responde a las siguientes preguntas considerando que has dado tu consentimiento para participar en la encuesta.";2;3;0;5;2;3;5;4;1;0;1;>54
"Eres: una persona más de 54 años de Chile. Has leído y aceptado participar en una encuesta realizada por un equipo de investigadores de estadística e informática que está recopilando datos sobre la intención de voto en las elecciones presidenciales de Chile del 16 de noviembre de 2025. El grupo de contactos puede incluir familia, amigos o compañeros de trabajo cuya intención de voto conoces. Entiendes que: - Las respuestas son anónimas; los investigadores no pueden identificar a los participantes. - Los datos no pueden modificarse ni eliminarse una vez enviados. - Los datos pueden publicarse de forma agregada bajo la licencia Open Data Commons Attribution. - Los resultados no se publicarán antes de que hayan concluido las elecciones presidenciales de Chile de 2025. Por favor, responde a las siguientes preguntas considerando que has dado tu consentimiento para participar en la encuesta.";12;5;3;8;10;14;18;8;2;4;6;>54
"Eres: una persona más de 54 años de Chile. Has leído y aceptado participar en una encuesta realizada por un equipo de investigadores de estadística e informática que está recopilando datos sobre la intención de voto en las elecciones presidenciales de Chile del 16 de noviembre de 2025. El grupo de contactos puede incluir familia, amigos o compañeros de trabajo cuya intención de voto conoces. Entiendes que: - Las respuestas son anónimas; los investigadores no pueden identificar a los participantes. - Los datos no pueden modificarse ni eliminarse una vez enviados. - Los datos pueden publicarse de forma agregada bajo la licencia Open Data Commons Attribution. - Los resultados no se publicarán antes de que hayan concluido las elecciones presidenciales de Chile de 2025. Por favor, responde a las siguientes preguntas considerando que has dado tu consentimiento para participar en la encuesta.";12;3;6;9;14;7;9;5;2;3;4;>54
"Eres: una persona más de 54 años de Chile. Has leído y aceptado participar en una encuesta realizada por un equipo de investigadores de estadística e informática que está recopilando datos sobre la intención de voto en las elecciones presidenciales de Chile del 16 de noviembre de 2025. El grupo de contactos puede incluir familia, amigos o compañeros de trabajo cuya intención de voto conoces. Entiendes que: - Las respuestas son anónimas; los investigadores no pueden identificar a los participantes. - Los datos no pueden modificarse ni eliminarse una vez enviados. - Los datos pueden publicarse de forma agregada bajo la licencia Open Data Commons Attribution. - Los resultados no se publicarán antes de que hayan concluido las elecciones presidenciales de Chile de 2025. Por favor, responde a las siguientes preguntas considerando que has dado tu consentimiento para participar en la encuesta.";5;10;2;3;8;7;5;4;2;1;3;>54
"Eres: una persona más de 54 años de Chile. Has leído y aceptado participar en una encuesta realizada por un equipo de investigadores de estadística e informática que está recopilando datos sobre la intención de voto en las elecciones presidenciales de Chile del 16 de noviembre de 2025. El grupo de contactos puede incluir familia, amigos o compañeros de trabajo cuya intención de voto conoces. Entiendes que: - Las respuestas son anónimas; los investigadores no pueden identificar a los participantes. - Los datos no pueden modificarse ni eliminarse una vez enviados. - Los datos pueden publicarse de forma agregada bajo la licencia Open Data Commons Attribution. - Los resultados no se publicarán antes de que hayan concluido las elecciones presidenciales de Chile de 2025. Por favor, responde a las siguientes preguntas considerando que has dado tu consentimiento para participar en la encuesta.";12;7;3;5;9;10;8;5;2;4;3;>54
"Eres: una persona más de 54 años de Chile. Has leído y aceptado participar en una encuesta realizada por un equipo de investigadores de estadística e informática que está recopilando datos sobre la intención de voto en las elecciones presidenciales de Chile del 16 de noviembre de 2025. El grupo de contactos puede incluir familia, amigos o compañeros de trabajo cuya intención de voto conoces. Entiendes que: - Las respuestas son anónimas; los investigadores no pueden identificar a los participantes. - Los datos no pueden modificarse ni eliminarse una vez enviados. - Los datos pueden publicarse de forma agregada bajo la licencia Open Data Commons Attribution. - Los resultados no se publicarán antes de que hayan concluido las elecciones presidenciales de Chile de 2025. Por favor, responde a las siguientes preguntas considerando que has dado tu consentimiento para participar en la encuesta.";20;10;3;5;15;10;15;7;3;10;2;>54
"Eres: una persona más de 54 años de Chile. Has leído y aceptado participar en una encuesta realizada por un equipo de investigadores de estadística e informática que está recopilando datos sobre la intención de voto en las elecciones presidenciales de Chile del 16 de noviembre de 2025. El grupo de contactos puede incluir familia, amigos o compañeros de trabajo cuya intención de voto conoces. Entiendes que: - Las respuestas son anónimas; los investigadores no pueden identificar a los participantes. - Los datos no pueden modificarse ni eliminarse una vez enviados. - Los datos pueden publicarse de forma agregada bajo la licencia Open Data Commons Attribution. - Los resultados no se publicarán antes de que hayan concluido las elecciones presidenciales de Chile de 2025. Por favor, responde a las siguientes preguntas considerando que has dado tu consentimiento para participar en la encuesta.";5;10;2;15;12;10;25;7;3;4;2;>54
"Eres: una persona más de 54 años de Chile. Has leído y aceptado participar en una encuesta realizada por un equipo de investigadores de estadística e informática que está recopilando datos sobre la intención de voto en las elecciones presidenciales de Chile del 16 de noviembre de 2025. El grupo de contactos puede incluir familia, amigos o compañeros de trabajo cuya intención de voto conoces. Entiendes que: - Las respuestas son anónimas; los investigadores no pueden identificar a los participantes. - Los datos no pueden modificarse ni eliminarse una vez enviados. - Los datos pueden publicarse de forma agregada bajo la licencia Open Data Commons Attribution. - Los resultados no se publicarán antes de que hayan concluido las elecciones presidenciales de Chile de 2025. Por favor, responde a las siguientes preguntas considerando que has dado tu consentimiento para participar en la encuesta.";3;5;2;10;7;5;8;4;2;6;5;>54
"Eres: una persona más de 54 años de Chile. Has leído y aceptado participar en una encuesta realizada por un equipo de investigadores de estadística e informática que está recopilando datos sobre la intención de voto en las elecciones presidenciales de Chile del 16 de noviembre de 2025. El grupo de contactos puede incluir familia, amigos o compañeros de trabajo cuya intención de voto conoces. Entiendes que: - Las respuestas son anónimas; los investigadores no pueden identificar a los participantes. - Los datos no pueden modificarse ni eliminarse una vez enviados. - Los datos pueden publicarse de forma agregada bajo la licencia Open Data Commons Attribution. - Los resultados no se publicarán antes de que hayan concluido las elecciones presidenciales de Chile de 2025. Por favor, responde a las siguientes preguntas considerando que has dado tu consentimiento para participar en la encuesta.";5;7;2;8;5;8;9;6;3;2;4;>54
"Eres: una persona más de 54 años de Chile. Has leído y aceptado participar en una encuesta realizada por un equipo de investigadores de estadística e informática que está recopilando datos sobre la intención de voto en las elecciones presidenciales de Chile del 16 de noviembre de 2025. El grupo de contactos puede incluir familia, amigos o compañeros de trabajo cuya intención de voto conoces. Entiendes que: - Las respuestas son anónimas; los investigadores no pueden identificar a los participantes. - Los datos no pueden modificarse ni eliminarse una vez enviados. - Los datos pueden publicarse de forma agregada bajo la licencia Open Data Commons Attribution. - Los resultados no se publicarán antes de que hayan concluido las elecciones presidenciales de Chile de 2025. Por favor, responde a las siguientes preguntas considerando que has dado tu consentimiento para participar en la encuesta.";5;8;2;10;7;9;6;3;1;4;2;>54
"Eres: una persona más de 54 años de Chile. Has leído y aceptado participar en una encuesta realizada por un equipo de investigadores de estadística e informática que está recopilando datos sobre la intención de voto en las elecciones presidenciales de Chile del 16 de noviembre de 2025. El grupo de contactos puede incluir familia, amigos o compañeros de trabajo cuya intención de voto conoces. Entiendes que: - Las respuestas son anónimas; los investigadores no pueden identificar a los participantes. - Los datos no pueden modificarse ni eliminarse una vez enviados. - Los datos pueden publicarse de forma agregada bajo la licencia Open Data Commons Attribution. - Los resultados no se publicarán antes de que hayan concluido las elecciones presidenciales de Chile de 2025. Por favor, responde a las siguientes preguntas considerando que has dado tu consentimiento para participar en la encuesta.";8;10;5;7;12;8;10;4;3;7;2;>54
"Eres: una persona más de 54 años de Chile. Has leído y aceptado participar en una encuesta realizada por un equipo de investigadores de estadística e informática que está recopilando datos sobre la intención de voto en las elecciones presidenciales de Chile del 16 de noviembre de 2025. El grupo de contactos puede incluir familia, amigos o compañeros de trabajo cuya intención de voto conoces. Entiendes que: - Las respuestas son anónimas; los investigadores no pueden identificar a los participantes. - Los datos no pueden modificarse ni eliminarse una vez enviados. - Los datos pueden publicarse de forma agregada bajo la licencia Open Data Commons Attribution. - Los resultados no se publicarán antes de que hayan concluido las elecciones presidenciales de Chile de 2025. Por favor, responde a las siguientes preguntas considerando que has dado tu consentimiento para participar en la encuesta.";3;2;0;1;2;1;3;2;0;1;1;>54
"Eres: una persona más de 54 años de Chile. Has leído y aceptado participar en una encuesta realizada por un equipo de investigadores de estadística e informática que está recopilando datos sobre la intención de voto en las elecciones presidenciales de Chile del 16 de noviembre de 2025. El grupo de contactos puede incluir familia, amigos o compañeros de trabajo cuya intención de voto conoces. Entiendes que: - Las respuestas son anónimas; los investigadores no pueden identificar a los participantes. - Los datos no pueden modificarse ni eliminarse una vez enviados. - Los datos pueden publicarse de forma agregada bajo la licencia Open Data Commons Attribution. - Los resultados no se publicarán antes de que hayan concluido las elecciones presidenciales de Chile de 2025. Por favor, responde a las siguientes preguntas considerando que has dado tu consentimiento para participar en la encuesta.";7;5;3;10;15;7;8;4;2;6;1;>54
"Eres: una persona más de 54 años de Chile. Has leído y aceptado participar en una encuesta realizada por un equipo de investigadores de estadística e informática que está recopilando datos sobre la intención de voto en las elecciones presidenciales de Chile del 16 de noviembre de 2025. El grupo de contactos puede incluir familia, amigos o compañeros de trabajo cuya intención de voto conoces. Entiendes que: - Las respuestas son anónimas; los investigadores no pueden identificar a los participantes. - Los datos no pueden modificarse ni eliminarse una vez enviados. - Los datos pueden publicarse de forma agregada bajo la licencia Open Data Commons Attribution. - Los resultados no se publicarán antes de que hayan concluido las elecciones presidenciales de Chile de 2025. Por favor, responde a las siguientes preguntas considerando que has dado tu consentimiento para participar en la encuesta.";12;8;5;15;10;15;15;10;2;4;3;>54
"Eres: una persona más de 54 años de Chile. Has leído y aceptado participar en una encuesta realizada por un equipo de investigadores de estadística e informática que está recopilando datos sobre la intención de voto en las elecciones presidenciales de Chile del 16 de noviembre de 2025. El grupo de contactos puede incluir familia, amigos o compañeros de trabajo cuya intención de voto conoces. Entiendes que: - Las respuestas son anónimas; los investigadores no pueden identificar a los participantes. - Los datos no pueden modificarse ni eliminarse una vez enviados. - Los datos pueden publicarse de forma agregada bajo la licencia Open Data Commons Attribution. - Los resultados no se publicarán antes de que hayan concluido las elecciones presidenciales de Chile de 2025. Por favor, responde a las siguientes preguntas considerando que has dado tu consentimiento para participar en la encuesta.";7;3;2;5;4;6;7;3;1;2;1;>54
"Eres: una persona más de 54 años de Chile. Has leído y aceptado participar en una encuesta realizada por un equipo de investigadores de estadística e informática que está recopilando datos sobre la intención de voto en las elecciones presidenciales de Chile del 16 de noviembre de 2025. El grupo de contactos puede incluir familia, amigos o compañeros de trabajo cuya intención de voto conoces. Entiendes que: - Las respuestas son anónimas; los investigadores no pueden identificar a los participantes. - Los datos no pueden modificarse ni eliminarse una vez enviados. - Los datos pueden publicarse de forma agregada bajo la licencia Open Data Commons Attribution. - Los resultados no se publicarán antes de que hayan concluido las elecciones presidenciales de Chile de 2025. Por favor, responde a las siguientes preguntas considerando que has dado tu consentimiento para participar en la encuesta.";3;8;2;5;8;4;6;3;1;2;0;>54
"Eres: una persona más de 54 años de Chile. Has leído y aceptado participar en una encuesta realizada por un equipo de investigadores de estadística e informática que está recopilando datos sobre la intención de voto en las elecciones presidenciales de Chile del 16 de noviembre de 2025. El grupo de contactos puede incluir familia, amigos o compañeros de trabajo cuya intención de voto conoces. Entiendes que: - Las respuestas son anónimas; los investigadores no pueden identificar a los participantes. - Los datos no pueden modificarse ni eliminarse una vez enviados. - Los datos pueden publicarse de forma agregada bajo la licencia Open Data Commons Attribution. - Los resultados no se publicarán antes de que hayan concluido las elecciones presidenciales de Chile de 2025. Por favor, responde a las siguientes preguntas considerando que has dado tu consentimiento para participar en la encuesta.";4;3;2;1;0;6;7;2;1;0;3;>54
"Eres: una persona más de 54 años de Chile. Has leído y aceptado participar en una encuesta realizada por un equipo de investigadores de estadística e informática que está recopilando datos sobre la intención de voto en las elecciones presidenciales de Chile del 16 de noviembre de 2025. El grupo de contactos puede incluir familia, amigos o compañeros de trabajo cuya intención de voto conoces. Entiendes que: - Las respuestas son anónimas; los investigadores no pueden identificar a los participantes. - Los datos no pueden modificarse ni eliminarse una vez enviados. - Los datos pueden publicarse de forma agregada bajo la licencia Open Data Commons Attribution. - Los resultados no se publicarán antes de que hayan concluido las elecciones presidenciales de Chile de 2025. Por favor, responde a las siguientes preguntas considerando que has dado tu consentimiento para participar en la encuesta.";15;10;5;50;25;35;20;30;3;7;10;>54
