Age;JJR;JAKR;Blanco;NS/NC;age.18.34;age.35.54;age.mas.54;independent;unemployed;doctor;overseas;error;age
"Eres: una persona entre 18 y 24 años de Chile. Has leído y aceptado participar en una encuesta realizada por un equipo de investigadores de estadística e informática que está recopilando datos sobre la intención de voto en las elecciones presidenciales de Chile del 16 de noviembre de 2025. El grupo de contactos puede incluir familia, amigos o compañeros de trabajo cuya intención de voto conoces. Entiendes que: - Las respuestas son anónimas; los investigadores no pueden identificar a los participantes. - Los datos no pueden modificarse ni eliminarse una vez enviados. - Los datos pueden publicarse de forma agregada bajo la licencia Open Data Commons Attribution. - Los resultados no se publicarán antes de que hayan concluido las elecciones presidenciales de Chile de 2025. Por favor, responde a las siguientes preguntas considerando que has dado tu consentimiento para participar en la encuesta.";6;5;3;6;14;5;1;3;1;4;2;;18-34
"Eres: una persona entre 18 y 24 años de Chile. Has leído y aceptado participar en una encuesta realizada por un equipo de investigadores de estadística e informática que está recopilando datos sobre la intención de voto en las elecciones presidenciales de Chile del 16 de noviembre de 2025. El grupo de contactos puede incluir familia, amigos o compañeros de trabajo cuya intención de voto conoces. Entiendes que: - Las respuestas son anónimas; los investigadores no pueden identificar a los participantes. - Los datos no pueden modificarse ni eliminarse una vez enviados. - Los datos pueden publicarse de forma agregada bajo la licencia Open Data Commons Attribution. - Los resultados no se publicarán antes de que hayan concluido las elecciones presidenciales de Chile de 2025. Por favor, responde a las siguientes preguntas considerando que has dado tu consentimiento para participar en la encuesta.";6;5;3;6;16;3;1;5;1;4;2;;18-34
"Eres: una persona entre 18 y 24 años de Chile. Has leído y aceptado participar en una encuesta realizada por un equipo de investigadores de estadística e informática que está recopilando datos sobre la intención de voto en las elecciones presidenciales de Chile del 16 de noviembre de 2025. El grupo de contactos puede incluir familia, amigos o compañeros de trabajo cuya intención de voto conoces. Entiendes que: - Las respuestas son anónimas; los investigadores no pueden identificar a los participantes. - Los datos no pueden modificarse ni eliminarse una vez enviados. - Los datos pueden publicarse de forma agregada bajo la licencia Open Data Commons Attribution. - Los resultados no se publicarán antes de que hayan concluido las elecciones presidenciales de Chile de 2025. Por favor, responde a las siguientes preguntas considerando que has dado tu consentimiento para participar en la encuesta.";7;6;3;6;15;5;2;4;1;3;2;;18-34
"Eres: una persona entre 18 y 24 años de Chile. Has leído y aceptado participar en una encuesta realizada por un equipo de investigadores de estadística e informática que está recopilando datos sobre la intención de voto en las elecciones presidenciales de Chile del 16 de noviembre de 2025. El grupo de contactos puede incluir familia, amigos o compañeros de trabajo cuya intención de voto conoces. Entiendes que: - Las respuestas son anónimas; los investigadores no pueden identificar a los participantes. - Los datos no pueden modificarse ni eliminarse una vez enviados. - Los datos pueden publicarse de forma agregada bajo la licencia Open Data Commons Attribution. - Los resultados no se publicarán antes de que hayan concluido las elecciones presidenciales de Chile de 2025. Por favor, responde a las siguientes preguntas considerando que has dado tu consentimiento para participar en la encuesta.";6;5;2;7;15;4;1;3;1;2;1;;18-34
"Eres: una persona entre 18 y 24 años de Chile. Has leído y aceptado participar en una encuesta realizada por un equipo de investigadores de estadística e informática que está recopilando datos sobre la intención de voto en las elecciones presidenciales de Chile del 16 de noviembre de 2025. El grupo de contactos puede incluir familia, amigos o compañeros de trabajo cuya intención de voto conoces. Entiendes que: - Las respuestas son anónimas; los investigadores no pueden identificar a los participantes. - Los datos no pueden modificarse ni eliminarse una vez enviados. - Los datos pueden publicarse de forma agregada bajo la licencia Open Data Commons Attribution. - Los resultados no se publicarán antes de que hayan concluido las elecciones presidenciales de Chile de 2025. Por favor, responde a las siguientes preguntas considerando que has dado tu consentimiento para participar en la encuesta.";6;7;3;4;12;6;2;5;1;3;2;;18-34
"Eres: una persona entre 18 y 24 años de Chile. Has leído y aceptado participar en una encuesta realizada por un equipo de investigadores de estadística e informática que está recopilando datos sobre la intención de voto en las elecciones presidenciales de Chile del 16 de noviembre de 2025. El grupo de contactos puede incluir familia, amigos o compañeros de trabajo cuya intención de voto conoces. Entiendes que: - Las respuestas son anónimas; los investigadores no pueden identificar a los participantes. - Los datos no pueden modificarse ni eliminarse una vez enviados. - Los datos pueden publicarse de forma agregada bajo la licencia Open Data Commons Attribution. - Los resultados no se publicarán antes de que hayan concluido las elecciones presidenciales de Chile de 2025. Por favor, responde a las siguientes preguntas considerando que has dado tu consentimiento para participar en la encuesta.";4;5;2;4;11;3;1;3;1;2;1;;18-34
"Eres: una persona entre 18 y 24 años de Chile. Has leído y aceptado participar en una encuesta realizada por un equipo de investigadores de estadística e informática que está recopilando datos sobre la intención de voto en las elecciones presidenciales de Chile del 16 de noviembre de 2025. El grupo de contactos puede incluir familia, amigos o compañeros de trabajo cuya intención de voto conoces. Entiendes que: - Las respuestas son anónimas; los investigadores no pueden identificar a los participantes. - Los datos no pueden modificarse ni eliminarse una vez enviados. - Los datos pueden publicarse de forma agregada bajo la licencia Open Data Commons Attribution. - Los resultados no se publicarán antes de que hayan concluido las elecciones presidenciales de Chile de 2025. Por favor, responde a las siguientes preguntas considerando que has dado tu consentimiento para participar en la encuesta.";8;7;3;7;19;5;1;6;1;4;2;;18-34
"Eres: una persona entre 18 y 24 años de Chile. Has leído y aceptado participar en una encuesta realizada por un equipo de investigadores de estadística e informática que está recopilando datos sobre la intención de voto en las elecciones presidenciales de Chile del 16 de noviembre de 2025. El grupo de contactos puede incluir familia, amigos o compañeros de trabajo cuya intención de voto conoces. Entiendes que: - Las respuestas son anónimas; los investigadores no pueden identificar a los participantes. - Los datos no pueden modificarse ni eliminarse una vez enviados. - Los datos pueden publicarse de forma agregada bajo la licencia Open Data Commons Attribution. - Los resultados no se publicarán antes de que hayan concluido las elecciones presidenciales de Chile de 2025. Por favor, responde a las siguientes preguntas considerando que has dado tu consentimiento para participar en la encuesta.";6;5;2;7;14;5;1;4;1;3;2;;18-34
"Eres: una persona entre 18 y 24 años de Chile. Has leído y aceptado participar en una encuesta realizada por un equipo de investigadores de estadística e informática que está recopilando datos sobre la intención de voto en las elecciones presidenciales de Chile del 16 de noviembre de 2025. El grupo de contactos puede incluir familia, amigos o compañeros de trabajo cuya intención de voto conoces. Entiendes que: - Las respuestas son anónimas; los investigadores no pueden identificar a los participantes. - Los datos no pueden modificarse ni eliminarse una vez enviados. - Los datos pueden publicarse de forma agregada bajo la licencia Open Data Commons Attribution. - Los resultados no se publicarán antes de que hayan concluido las elecciones presidenciales de Chile de 2025. Por favor, responde a las siguientes preguntas considerando que has dado tu consentimiento para participar en la encuesta.";6;7;2;5;14;4;2;5;1;3;2;;18-34
"Eres: una persona entre 18 y 24 años de Chile. Has leído y aceptado participar en una encuesta realizada por un equipo de investigadores de estadística e informática que está recopilando datos sobre la intención de voto en las elecciones presidenciales de Chile del 16 de noviembre de 2025. El grupo de contactos puede incluir familia, amigos o compañeros de trabajo cuya intención de voto conoces. Entiendes que: - Las respuestas son anónimas; los investigadores no pueden identificar a los participantes. - Los datos no pueden modificarse ni eliminarse una vez enviados. - Los datos pueden publicarse de forma agregada bajo la licencia Open Data Commons Attribution. - Los resultados no se publicarán antes de que hayan concluido las elecciones presidenciales de Chile de 2025. Por favor, responde a las siguientes preguntas considerando que has dado tu consentimiento para participar en la encuesta.";5;4;2;4;12;2;1;3;1;3;1;;18-34
"Eres: una persona entre 18 y 24 años de Chile. Has leído y aceptado participar en una encuesta realizada por un equipo de investigadores de estadística e informática que está recopilando datos sobre la intención de voto en las elecciones presidenciales de Chile del 16 de noviembre de 2025. El grupo de contactos puede incluir familia, amigos o compañeros de trabajo cuya intención de voto conoces. Entiendes que: - Las respuestas son anónimas; los investigadores no pueden identificar a los participantes. - Los datos no pueden modificarse ni eliminarse una vez enviados. - Los datos pueden publicarse de forma agregada bajo la licencia Open Data Commons Attribution. - Los resultados no se publicarán antes de que hayan concluido las elecciones presidenciales de Chile de 2025. Por favor, responde a las siguientes preguntas considerando que has dado tu consentimiento para participar en la encuesta.";6;7;3;4;12;6;2;5;1;3;2;;18-34
"Eres: una persona entre 18 y 24 años de Chile. Has leído y aceptado participar en una encuesta realizada por un equipo de investigadores de estadística e informática que está recopilando datos sobre la intención de voto en las elecciones presidenciales de Chile del 16 de noviembre de 2025. El grupo de contactos puede incluir familia, amigos o compañeros de trabajo cuya intención de voto conoces. Entiendes que: - Las respuestas son anónimas; los investigadores no pueden identificar a los participantes. - Los datos no pueden modificarse ni eliminarse una vez enviados. - Los datos pueden publicarse de forma agregada bajo la licencia Open Data Commons Attribution. - Los resultados no se publicarán antes de que hayan concluido las elecciones presidenciales de Chile de 2025. Por favor, responde a las siguientes preguntas considerando que has dado tu consentimiento para participar en la encuesta.";6;7;3;6;16;5;1;5;1;4;2;;18-34
"Eres: una persona entre 18 y 24 años de Chile. Has leído y aceptado participar en una encuesta realizada por un equipo de investigadores de estadística e informática que está recopilando datos sobre la intención de voto en las elecciones presidenciales de Chile del 16 de noviembre de 2025. El grupo de contactos puede incluir familia, amigos o compañeros de trabajo cuya intención de voto conoces. Entiendes que: - Las respuestas son anónimas; los investigadores no pueden identificar a los participantes. - Los datos no pueden modificarse ni eliminarse una vez enviados. - Los datos pueden publicarse de forma agregada bajo la licencia Open Data Commons Attribution. - Los resultados no se publicarán antes de que hayan concluido las elecciones presidenciales de Chile de 2025. Por favor, responde a las siguientes preguntas considerando que has dado tu consentimiento para participar en la encuesta.";6;7;2;5;14;5;1;4;1;3;2;;18-34
"Eres: una persona entre 18 y 24 años de Chile. Has leído y aceptado participar en una encuesta realizada por un equipo de investigadores de estadística e informática que está recopilando datos sobre la intención de voto en las elecciones presidenciales de Chile del 16 de noviembre de 2025. El grupo de contactos puede incluir familia, amigos o compañeros de trabajo cuya intención de voto conoces. Entiendes que: - Las respuestas son anónimas; los investigadores no pueden identificar a los participantes. - Los datos no pueden modificarse ni eliminarse una vez enviados. - Los datos pueden publicarse de forma agregada bajo la licencia Open Data Commons Attribution. - Los resultados no se publicarán antes de que hayan concluido las elecciones presidenciales de Chile de 2025. Por favor, responde a las siguientes preguntas considerando que has dado tu consentimiento para participar en la encuesta.";7;8;3;5;14;6;3;4;1;3;2;;18-34
"Eres: una persona entre 18 y 24 años de Chile. Has leído y aceptado participar en una encuesta realizada por un equipo de investigadores de estadística e informática que está recopilando datos sobre la intención de voto en las elecciones presidenciales de Chile del 16 de noviembre de 2025. El grupo de contactos puede incluir familia, amigos o compañeros de trabajo cuya intención de voto conoces. Entiendes que: - Las respuestas son anónimas; los investigadores no pueden identificar a los participantes. - Los datos no pueden modificarse ni eliminarse una vez enviados. - Los datos pueden publicarse de forma agregada bajo la licencia Open Data Commons Attribution. - Los resultados no se publicarán antes de que hayan concluido las elecciones presidenciales de Chile de 2025. Por favor, responde a las siguientes preguntas considerando que has dado tu consentimiento para participar en la encuesta.";4;5;3;8;14;4;2;6;1;3;2;;18-34
"Eres: una persona entre 18 y 24 años de Chile. Has leído y aceptado participar en una encuesta realizada por un equipo de investigadores de estadística e informática que está recopilando datos sobre la intención de voto en las elecciones presidenciales de Chile del 16 de noviembre de 2025. El grupo de contactos puede incluir familia, amigos o compañeros de trabajo cuya intención de voto conoces. Entiendes que: - Las respuestas son anónimas; los investigadores no pueden identificar a los participantes. - Los datos no pueden modificarse ni eliminarse una vez enviados. - Los datos pueden publicarse de forma agregada bajo la licencia Open Data Commons Attribution. - Los resultados no se publicarán antes de que hayan concluido las elecciones presidenciales de Chile de 2025. Por favor, responde a las siguientes preguntas considerando que has dado tu consentimiento para participar en la encuesta.";8;5;2;5;16;3;1;4;1;3;1;;18-34
"Eres: una persona entre 18 y 24 años de Chile. Has leído y aceptado participar en una encuesta realizada por un equipo de investigadores de estadística e informática que está recopilando datos sobre la intención de voto en las elecciones presidenciales de Chile del 16 de noviembre de 2025. El grupo de contactos puede incluir familia, amigos o compañeros de trabajo cuya intención de voto conoces. Entiendes que: - Las respuestas son anónimas; los investigadores no pueden identificar a los participantes. - Los datos no pueden modificarse ni eliminarse una vez enviados. - Los datos pueden publicarse de forma agregada bajo la licencia Open Data Commons Attribution. - Los resultados no se publicarán antes de que hayan concluido las elecciones presidenciales de Chile de 2025. Por favor, responde a las siguientes preguntas considerando que has dado tu consentimiento para participar en la encuesta.";6;7;2;5;12;6;2;4;1;3;2;;18-34
"Eres: una persona entre 18 y 24 años de Chile. Has leído y aceptado participar en una encuesta realizada por un equipo de investigadores de estadística e informática que está recopilando datos sobre la intención de voto en las elecciones presidenciales de Chile del 16 de noviembre de 2025. El grupo de contactos puede incluir familia, amigos o compañeros de trabajo cuya intención de voto conoces. Entiendes que: - Las respuestas son anónimas; los investigadores no pueden identificar a los participantes. - Los datos no pueden modificarse ni eliminarse una vez enviados. - Los datos pueden publicarse de forma agregada bajo la licencia Open Data Commons Attribution. - Los resultados no se publicarán antes de que hayan concluido las elecciones presidenciales de Chile de 2025. Por favor, responde a las siguientes preguntas considerando que has dado tu consentimiento para participar en la encuesta.";6;5;2;7;14;5;1;4;1;3;2;;18-34
"Eres: una persona entre 18 y 24 años de Chile. Has leído y aceptado participar en una encuesta realizada por un equipo de investigadores de estadística e informática que está recopilando datos sobre la intención de voto en las elecciones presidenciales de Chile del 16 de noviembre de 2025. El grupo de contactos puede incluir familia, amigos o compañeros de trabajo cuya intención de voto conoces. Entiendes que: - Las respuestas son anónimas; los investigadores no pueden identificar a los participantes. - Los datos no pueden modificarse ni eliminarse una vez enviados. - Los datos pueden publicarse de forma agregada bajo la licencia Open Data Commons Attribution. - Los resultados no se publicarán antes de que hayan concluido las elecciones presidenciales de Chile de 2025. Por favor, responde a las siguientes preguntas considerando que has dado tu consentimiento para participar en la encuesta.";6;7;3;8;17;5;2;5;1;3;2;;18-34
"Eres: una persona entre 18 y 24 años de Chile. Has leído y aceptado participar en una encuesta realizada por un equipo de investigadores de estadística e informática que está recopilando datos sobre la intención de voto en las elecciones presidenciales de Chile del 16 de noviembre de 2025. El grupo de contactos puede incluir familia, amigos o compañeros de trabajo cuya intención de voto conoces. Entiendes que: - Las respuestas son anónimas; los investigadores no pueden identificar a los participantes. - Los datos no pueden modificarse ni eliminarse una vez enviados. - Los datos pueden publicarse de forma agregada bajo la licencia Open Data Commons Attribution. - Los resultados no se publicarán antes de que hayan concluido las elecciones presidenciales de Chile de 2025. Por favor, responde a las siguientes preguntas considerando que has dado tu consentimiento para participar en la encuesta.";6;5;2;7;13;5;2;5;1;3;2;;18-34
"Eres: una persona entre 18 y 24 años de Chile. Has leído y aceptado participar en una encuesta realizada por un equipo de investigadores de estadística e informática que está recopilando datos sobre la intención de voto en las elecciones presidenciales de Chile del 16 de noviembre de 2025. El grupo de contactos puede incluir familia, amigos o compañeros de trabajo cuya intención de voto conoces. Entiendes que: - Las respuestas son anónimas; los investigadores no pueden identificar a los participantes. - Los datos no pueden modificarse ni eliminarse una vez enviados. - Los datos pueden publicarse de forma agregada bajo la licencia Open Data Commons Attribution. - Los resultados no se publicarán antes de que hayan concluido las elecciones presidenciales de Chile de 2025. Por favor, responde a las siguientes preguntas considerando que has dado tu consentimiento para participar en la encuesta.";5;6;3;6;14;4;2;3;1;4;1;;18-34
"Eres: una persona entre 18 y 24 años de Chile. Has leído y aceptado participar en una encuesta realizada por un equipo de investigadores de estadística e informática que está recopilando datos sobre la intención de voto en las elecciones presidenciales de Chile del 16 de noviembre de 2025. El grupo de contactos puede incluir familia, amigos o compañeros de trabajo cuya intención de voto conoces. Entiendes que: - Las respuestas son anónimas; los investigadores no pueden identificar a los participantes. - Los datos no pueden modificarse ni eliminarse una vez enviados. - Los datos pueden publicarse de forma agregada bajo la licencia Open Data Commons Attribution. - Los resultados no se publicarán antes de que hayan concluido las elecciones presidenciales de Chile de 2025. Por favor, responde a las siguientes preguntas considerando que has dado tu consentimiento para participar en la encuesta.";6;5;3;6;15;4;1;3;1;2;1;;18-34
"Eres: una persona entre 18 y 24 años de Chile. Has leído y aceptado participar en una encuesta realizada por un equipo de investigadores de estadística e informática que está recopilando datos sobre la intención de voto en las elecciones presidenciales de Chile del 16 de noviembre de 2025. El grupo de contactos puede incluir familia, amigos o compañeros de trabajo cuya intención de voto conoces. Entiendes que: - Las respuestas son anónimas; los investigadores no pueden identificar a los participantes. - Los datos no pueden modificarse ni eliminarse una vez enviados. - Los datos pueden publicarse de forma agregada bajo la licencia Open Data Commons Attribution. - Los resultados no se publicarán antes de que hayan concluido las elecciones presidenciales de Chile de 2025. Por favor, responde a las siguientes preguntas considerando que has dado tu consentimiento para participar en la encuesta.";7;8;4;6;16;6;3;5;1;3;2;;18-34
"Eres: una persona entre 18 y 24 años de Chile. Has leído y aceptado participar en una encuesta realizada por un equipo de investigadores de estadística e informática que está recopilando datos sobre la intención de voto en las elecciones presidenciales de Chile del 16 de noviembre de 2025. El grupo de contactos puede incluir familia, amigos o compañeros de trabajo cuya intención de voto conoces. Entiendes que: - Las respuestas son anónimas; los investigadores no pueden identificar a los participantes. - Los datos no pueden modificarse ni eliminarse una vez enviados. - Los datos pueden publicarse de forma agregada bajo la licencia Open Data Commons Attribution. - Los resultados no se publicarán antes de que hayan concluido las elecciones presidenciales de Chile de 2025. Por favor, responde a las siguientes preguntas considerando que has dado tu consentimiento para participar en la encuesta.";9;8;3;5;18;5;2;6;1;4;2;;18-34
"Eres: una persona entre 18 y 24 años de Chile. Has leído y aceptado participar en una encuesta realizada por un equipo de investigadores de estadística e informática que está recopilando datos sobre la intención de voto en las elecciones presidenciales de Chile del 16 de noviembre de 2025. El grupo de contactos puede incluir familia, amigos o compañeros de trabajo cuya intención de voto conoces. Entiendes que: - Las respuestas son anónimas; los investigadores no pueden identificar a los participantes. - Los datos no pueden modificarse ni eliminarse una vez enviados. - Los datos pueden publicarse de forma agregada bajo la licencia Open Data Commons Attribution. - Los resultados no se publicarán antes de que hayan concluido las elecciones presidenciales de Chile de 2025. Por favor, responde a las siguientes preguntas considerando que has dado tu consentimiento para participar en la encuesta.";8;7;3;7;18;6;1;5;1;4;2;;18-34
"Eres: una persona entre 18 y 24 años de Chile. Has leído y aceptado participar en una encuesta realizada por un equipo de investigadores de estadística e informática que está recopilando datos sobre la intención de voto en las elecciones presidenciales de Chile del 16 de noviembre de 2025. El grupo de contactos puede incluir familia, amigos o compañeros de trabajo cuya intención de voto conoces. Entiendes que: - Las respuestas son anónimas; los investigadores no pueden identificar a los participantes. - Los datos no pueden modificarse ni eliminarse una vez enviados. - Los datos pueden publicarse de forma agregada bajo la licencia Open Data Commons Attribution. - Los resultados no se publicarán antes de que hayan concluido las elecciones presidenciales de Chile de 2025. Por favor, responde a las siguientes preguntas considerando que has dado tu consentimiento para participar en la encuesta.";7;6;3;9;18;6;1;5;1;4;2;;18-34
"Eres: una persona entre 18 y 24 años de Chile. Has leído y aceptado participar en una encuesta realizada por un equipo de investigadores de estadística e informática que está recopilando datos sobre la intención de voto en las elecciones presidenciales de Chile del 16 de noviembre de 2025. El grupo de contactos puede incluir familia, amigos o compañeros de trabajo cuya intención de voto conoces. Entiendes que: - Las respuestas son anónimas; los investigadores no pueden identificar a los participantes. - Los datos no pueden modificarse ni eliminarse una vez enviados. - Los datos pueden publicarse de forma agregada bajo la licencia Open Data Commons Attribution. - Los resultados no se publicarán antes de que hayan concluido las elecciones presidenciales de Chile de 2025. Por favor, responde a las siguientes preguntas considerando que has dado tu consentimiento para participar en la encuesta.";6;5;2;7;14;4;2;5;1;3;2;;18-34
"Eres: una persona entre 18 y 24 años de Chile. Has leído y aceptado participar en una encuesta realizada por un equipo de investigadores de estadística e informática que está recopilando datos sobre la intención de voto en las elecciones presidenciales de Chile del 16 de noviembre de 2025. El grupo de contactos puede incluir familia, amigos o compañeros de trabajo cuya intención de voto conoces. Entiendes que: - Las respuestas son anónimas; los investigadores no pueden identificar a los participantes. - Los datos no pueden modificarse ni eliminarse una vez enviados. - Los datos pueden publicarse de forma agregada bajo la licencia Open Data Commons Attribution. - Los resultados no se publicarán antes de que hayan concluido las elecciones presidenciales de Chile de 2025. Por favor, responde a las siguientes preguntas considerando que has dado tu consentimiento para participar en la encuesta.";5;6;2;5;12;4;2;4;1;3;2;;18-34
"Eres: una persona entre 25 y 34 años de Chile. Has leído y aceptado participar en una encuesta realizada por un equipo de investigadores de estadística e informática que está recopilando datos sobre la intención de voto en las elecciones presidenciales de Chile del 16 de noviembre de 2025. El grupo de contactos puede incluir familia, amigos o compañeros de trabajo cuya intención de voto conoces. Entiendes que: - Las respuestas son anónimas; los investigadores no pueden identificar a los participantes. - Los datos no pueden modificarse ni eliminarse una vez enviados. - Los datos pueden publicarse de forma agregada bajo la licencia Open Data Commons Attribution. - Los resultados no se publicarán antes de que hayan concluido las elecciones presidenciales de Chile de 2025. Por favor, responde a las siguientes preguntas considerando que has dado tu consentimiento para participar en la encuesta.";10;8;3;9;18;9;3;7;1;3;2;;25-34
"Eres: una persona entre 25 y 34 años de Chile. Has leído y aceptado participar en una encuesta realizada por un equipo de investigadores de estadística e informática que está recopilando datos sobre la intención de voto en las elecciones presidenciales de Chile del 16 de noviembre de 2025. El grupo de contactos puede incluir familia, amigos o compañeros de trabajo cuya intención de voto conoces. Entiendes que: - Las respuestas son anónimas; los investigadores no pueden identificar a los participantes. - Los datos no pueden modificarse ni eliminarse una vez enviados. - Los datos pueden publicarse de forma agregada bajo la licencia Open Data Commons Attribution. - Los resultados no se publicarán antes de que hayan concluido las elecciones presidenciales de Chile de 2025. Por favor, responde a las siguientes preguntas considerando que has dado tu consentimiento para participar en la encuesta.";8;9;3;5;14;8;3;6;2;4;1;;25-34
"Eres: una persona entre 25 y 34 años de Chile. Has leído y aceptado participar en una encuesta realizada por un equipo de investigadores de estadística e informática que está recopilando datos sobre la intención de voto en las elecciones presidenciales de Chile del 16 de noviembre de 2025. El grupo de contactos puede incluir familia, amigos o compañeros de trabajo cuya intención de voto conoces. Entiendes que: - Las respuestas son anónimas; los investigadores no pueden identificar a los participantes. - Los datos no pueden modificarse ni eliminarse una vez enviados. - Los datos pueden publicarse de forma agregada bajo la licencia Open Data Commons Attribution. - Los resultados no se publicarán antes de que hayan concluido las elecciones presidenciales de Chile de 2025. Por favor, responde a las siguientes preguntas considerando que has dado tu consentimiento para participar en la encuesta.";8;7;3;10;12;9;7;6;2;4;3;;25-34
"Eres: una persona entre 25 y 34 años de Chile. Has leído y aceptado participar en una encuesta realizada por un equipo de investigadores de estadística e informática que está recopilando datos sobre la intención de voto en las elecciones presidenciales de Chile del 16 de noviembre de 2025. El grupo de contactos puede incluir familia, amigos o compañeros de trabajo cuya intención de voto conoces. Entiendes que: - Las respuestas son anónimas; los investigadores no pueden identificar a los participantes. - Los datos no pueden modificarse ni eliminarse una vez enviados. - Los datos pueden publicarse de forma agregada bajo la licencia Open Data Commons Attribution. - Los resultados no se publicarán antes de que hayan concluido las elecciones presidenciales de Chile de 2025. Por favor, responde a las siguientes preguntas considerando que has dado tu consentimiento para participar en la encuesta.";6;7;3;8;13;7;4;5;1;3;2;;25-34
"Eres: una persona entre 25 y 34 años de Chile. Has leído y aceptado participar en una encuesta realizada por un equipo de investigadores de estadística e informática que está recopilando datos sobre la intención de voto en las elecciones presidenciales de Chile del 16 de noviembre de 2025. El grupo de contactos puede incluir familia, amigos o compañeros de trabajo cuya intención de voto conoces. Entiendes que: - Las respuestas son anónimas; los investigadores no pueden identificar a los participantes. - Los datos no pueden modificarse ni eliminarse una vez enviados. - Los datos pueden publicarse de forma agregada bajo la licencia Open Data Commons Attribution. - Los resultados no se publicarán antes de que hayan concluido las elecciones presidenciales de Chile de 2025. Por favor, responde a las siguientes preguntas considerando que has dado tu consentimiento para participar en la encuesta.";7;9;3;9;16;9;3;6;2;4;3;;25-34
"Eres: una persona entre 25 y 34 años de Chile. Has leído y aceptado participar en una encuesta realizada por un equipo de investigadores de estadística e informática que está recopilando datos sobre la intención de voto en las elecciones presidenciales de Chile del 16 de noviembre de 2025. El grupo de contactos puede incluir familia, amigos o compañeros de trabajo cuya intención de voto conoces. Entiendes que: - Las respuestas son anónimas; los investigadores no pueden identificar a los participantes. - Los datos no pueden modificarse ni eliminarse una vez enviados. - Los datos pueden publicarse de forma agregada bajo la licencia Open Data Commons Attribution. - Los resultados no se publicarán antes de que hayan concluido las elecciones presidenciales de Chile de 2025. Por favor, responde a las siguientes preguntas considerando que has dado tu consentimiento para participar en la encuesta.";10;8;3;9;18;8;4;6;1;4;2;;25-34
"Eres: una persona entre 25 y 34 años de Chile. Has leído y aceptado participar en una encuesta realizada por un equipo de investigadores de estadística e informática que está recopilando datos sobre la intención de voto en las elecciones presidenciales de Chile del 16 de noviembre de 2025. El grupo de contactos puede incluir familia, amigos o compañeros de trabajo cuya intención de voto conoces. Entiendes que: - Las respuestas son anónimas; los investigadores no pueden identificar a los participantes. - Los datos no pueden modificarse ni eliminarse una vez enviados. - Los datos pueden publicarse de forma agregada bajo la licencia Open Data Commons Attribution. - Los resultados no se publicarán antes de que hayan concluido las elecciones presidenciales de Chile de 2025. Por favor, responde a las siguientes preguntas considerando que has dado tu consentimiento para participar en la encuesta.";8;10;3;7;12;10;6;7;2;4;3;;25-34
"Eres: una persona entre 25 y 34 años de Chile. Has leído y aceptado participar en una encuesta realizada por un equipo de investigadores de estadística e informática que está recopilando datos sobre la intención de voto en las elecciones presidenciales de Chile del 16 de noviembre de 2025. El grupo de contactos puede incluir familia, amigos o compañeros de trabajo cuya intención de voto conoces. Entiendes que: - Las respuestas son anónimas; los investigadores no pueden identificar a los participantes. - Los datos no pueden modificarse ni eliminarse una vez enviados. - Los datos pueden publicarse de forma agregada bajo la licencia Open Data Commons Attribution. - Los resultados no se publicarán antes de que hayan concluido las elecciones presidenciales de Chile de 2025. Por favor, responde a las siguientes preguntas considerando que has dado tu consentimiento para participar en la encuesta.";6;8;3;8;14;7;4;5;1;3;2;;25-34
"Eres: una persona entre 25 y 34 años de Chile. Has leído y aceptado participar en una encuesta realizada por un equipo de investigadores de estadística e informática que está recopilando datos sobre la intención de voto en las elecciones presidenciales de Chile del 16 de noviembre de 2025. El grupo de contactos puede incluir familia, amigos o compañeros de trabajo cuya intención de voto conoces. Entiendes que: - Las respuestas son anónimas; los investigadores no pueden identificar a los participantes. - Los datos no pueden modificarse ni eliminarse una vez enviados. - Los datos pueden publicarse de forma agregada bajo la licencia Open Data Commons Attribution. - Los resultados no se publicarán antes de que hayan concluido las elecciones presidenciales de Chile de 2025. Por favor, responde a las siguientes preguntas considerando que has dado tu consentimiento para participar en la encuesta.";6;7;2;5;11;6;3;5;1;3;2;;25-34
"Eres: una persona entre 25 y 34 años de Chile. Has leído y aceptado participar en una encuesta realizada por un equipo de investigadores de estadística e informática que está recopilando datos sobre la intención de voto en las elecciones presidenciales de Chile del 16 de noviembre de 2025. El grupo de contactos puede incluir familia, amigos o compañeros de trabajo cuya intención de voto conoces. Entiendes que: - Las respuestas son anónimas; los investigadores no pueden identificar a los participantes. - Los datos no pueden modificarse ni eliminarse una vez enviados. - Los datos pueden publicarse de forma agregada bajo la licencia Open Data Commons Attribution. - Los resultados no se publicarán antes de que hayan concluido las elecciones presidenciales de Chile de 2025. Por favor, responde a las siguientes preguntas considerando que has dado tu consentimiento para participar en la encuesta.";7;8;3;5;12;7;4;6;1;2;1;;25-34
"Eres: una persona entre 25 y 34 años de Chile. Has leído y aceptado participar en una encuesta realizada por un equipo de investigadores de estadística e informática que está recopilando datos sobre la intención de voto en las elecciones presidenciales de Chile del 16 de noviembre de 2025. El grupo de contactos puede incluir familia, amigos o compañeros de trabajo cuya intención de voto conoces. Entiendes que: - Las respuestas son anónimas; los investigadores no pueden identificar a los participantes. - Los datos no pueden modificarse ni eliminarse una vez enviados. - Los datos pueden publicarse de forma agregada bajo la licencia Open Data Commons Attribution. - Los resultados no se publicarán antes de que hayan concluido las elecciones presidenciales de Chile de 2025. Por favor, responde a las siguientes preguntas considerando que has dado tu consentimiento para participar en la encuesta.";7;8;3;10;15;9;4;6;2;3;1;;25-34
"Eres: una persona entre 25 y 34 años de Chile. Has leído y aceptado participar en una encuesta realizada por un equipo de investigadores de estadística e informática que está recopilando datos sobre la intención de voto en las elecciones presidenciales de Chile del 16 de noviembre de 2025. El grupo de contactos puede incluir familia, amigos o compañeros de trabajo cuya intención de voto conoces. Entiendes que: - Las respuestas son anónimas; los investigadores no pueden identificar a los participantes. - Los datos no pueden modificarse ni eliminarse una vez enviados. - Los datos pueden publicarse de forma agregada bajo la licencia Open Data Commons Attribution. - Los resultados no se publicarán antes de que hayan concluido las elecciones presidenciales de Chile de 2025. Por favor, responde a las siguientes preguntas considerando que has dado tu consentimiento para participar en la encuesta.";6;5;3;6;10;6;4;4;1;3;2;;25-34
"Eres: una persona entre 25 y 34 años de Chile. Has leído y aceptado participar en una encuesta realizada por un equipo de investigadores de estadística e informática que está recopilando datos sobre la intención de voto en las elecciones presidenciales de Chile del 16 de noviembre de 2025. El grupo de contactos puede incluir familia, amigos o compañeros de trabajo cuya intención de voto conoces. Entiendes que: - Las respuestas son anónimas; los investigadores no pueden identificar a los participantes. - Los datos no pueden modificarse ni eliminarse una vez enviados. - Los datos pueden publicarse de forma agregada bajo la licencia Open Data Commons Attribution. - Los resultados no se publicarán antes de que hayan concluido las elecciones presidenciales de Chile de 2025. Por favor, responde a las siguientes preguntas considerando que has dado tu consentimiento para participar en la encuesta.";6;7;2;5;12;6;2;5;1;3;2;;25-34
"Eres: una persona entre 25 y 34 años de Chile. Has leído y aceptado participar en una encuesta realizada por un equipo de investigadores de estadística e informática que está recopilando datos sobre la intención de voto en las elecciones presidenciales de Chile del 16 de noviembre de 2025. El grupo de contactos puede incluir familia, amigos o compañeros de trabajo cuya intención de voto conoces. Entiendes que: - Las respuestas son anónimas; los investigadores no pueden identificar a los participantes. - Los datos no pueden modificarse ni eliminarse una vez enviados. - Los datos pueden publicarse de forma agregada bajo la licencia Open Data Commons Attribution. - Los resultados no se publicarán antes de que hayan concluido las elecciones presidenciales de Chile de 2025. Por favor, responde a las siguientes preguntas considerando que has dado tu consentimiento para participar en la encuesta.";8;10;3;9;14;10;6;7;1;4;2;;25-34
"Eres: una persona entre 25 y 34 años de Chile. Has leído y aceptado participar en una encuesta realizada por un equipo de investigadores de estadística e informática que está recopilando datos sobre la intención de voto en las elecciones presidenciales de Chile del 16 de noviembre de 2025. El grupo de contactos puede incluir familia, amigos o compañeros de trabajo cuya intención de voto conoces. Entiendes que: - Las respuestas son anónimas; los investigadores no pueden identificar a los participantes. - Los datos no pueden modificarse ni eliminarse una vez enviados. - Los datos pueden publicarse de forma agregada bajo la licencia Open Data Commons Attribution. - Los resultados no se publicarán antes de que hayan concluido las elecciones presidenciales de Chile de 2025. Por favor, responde a las siguientes preguntas considerando que has dado tu consentimiento para participar en la encuesta.";6;7;3;8;14;7;3;5;1;3;2;;25-34
"Eres: una persona entre 25 y 34 años de Chile. Has leído y aceptado participar en una encuesta realizada por un equipo de investigadores de estadística e informática que está recopilando datos sobre la intención de voto en las elecciones presidenciales de Chile del 16 de noviembre de 2025. El grupo de contactos puede incluir familia, amigos o compañeros de trabajo cuya intención de voto conoces. Entiendes que: - Las respuestas son anónimas; los investigadores no pueden identificar a los participantes. - Los datos no pueden modificarse ni eliminarse una vez enviados. - Los datos pueden publicarse de forma agregada bajo la licencia Open Data Commons Attribution. - Los resultados no se publicarán antes de que hayan concluido las elecciones presidenciales de Chile de 2025. Por favor, responde a las siguientes preguntas considerando que has dado tu consentimiento para participar en la encuesta.";8;10;3;9;12;11;7;7;2;4;3;;25-34
"Eres: una persona entre 25 y 34 años de Chile. Has leído y aceptado participar en una encuesta realizada por un equipo de investigadores de estadística e informática que está recopilando datos sobre la intención de voto en las elecciones presidenciales de Chile del 16 de noviembre de 2025. El grupo de contactos puede incluir familia, amigos o compañeros de trabajo cuya intención de voto conoces. Entiendes que: - Las respuestas son anónimas; los investigadores no pueden identificar a los participantes. - Los datos no pueden modificarse ni eliminarse una vez enviados. - Los datos pueden publicarse de forma agregada bajo la licencia Open Data Commons Attribution. - Los resultados no se publicarán antes de que hayan concluido las elecciones presidenciales de Chile de 2025. Por favor, responde a las siguientes preguntas considerando que has dado tu consentimiento para participar en la encuesta.";6;7;3;7;10;8;5;4;2;3;2;;25-34
"Eres: una persona entre 25 y 34 años de Chile. Has leído y aceptado participar en una encuesta realizada por un equipo de investigadores de estadística e informática que está recopilando datos sobre la intención de voto en las elecciones presidenciales de Chile del 16 de noviembre de 2025. El grupo de contactos puede incluir familia, amigos o compañeros de trabajo cuya intención de voto conoces. Entiendes que: - Las respuestas son anónimas; los investigadores no pueden identificar a los participantes. - Los datos no pueden modificarse ni eliminarse una vez enviados. - Los datos pueden publicarse de forma agregada bajo la licencia Open Data Commons Attribution. - Los resultados no se publicarán antes de que hayan concluido las elecciones presidenciales de Chile de 2025. Por favor, responde a las siguientes preguntas considerando que has dado tu consentimiento para participar en la encuesta.";9;8;3;10;14;10;6;7;1;4;2;;25-34
"Eres: una persona entre 25 y 34 años de Chile. Has leído y aceptado participar en una encuesta realizada por un equipo de investigadores de estadística e informática que está recopilando datos sobre la intención de voto en las elecciones presidenciales de Chile del 16 de noviembre de 2025. El grupo de contactos puede incluir familia, amigos o compañeros de trabajo cuya intención de voto conoces. Entiendes que: - Las respuestas son anónimas; los investigadores no pueden identificar a los participantes. - Los datos no pueden modificarse ni eliminarse una vez enviados. - Los datos pueden publicarse de forma agregada bajo la licencia Open Data Commons Attribution. - Los resultados no se publicarán antes de que hayan concluido las elecciones presidenciales de Chile de 2025. Por favor, responde a las siguientes preguntas considerando que has dado tu consentimiento para participar en la encuesta.";5;6;2;7;11;6;3;4;1;3;2;;25-34
"Eres: una persona entre 25 y 34 años de Chile. Has leído y aceptado participar en una encuesta realizada por un equipo de investigadores de estadística e informática que está recopilando datos sobre la intención de voto en las elecciones presidenciales de Chile del 16 de noviembre de 2025. El grupo de contactos puede incluir familia, amigos o compañeros de trabajo cuya intención de voto conoces. Entiendes que: - Las respuestas son anónimas; los investigadores no pueden identificar a los participantes. - Los datos no pueden modificarse ni eliminarse una vez enviados. - Los datos pueden publicarse de forma agregada bajo la licencia Open Data Commons Attribution. - Los resultados no se publicarán antes de que hayan concluido las elecciones presidenciales de Chile de 2025. Por favor, responde a las siguientes preguntas considerando que has dado tu consentimiento para participar en la encuesta.";7;8;3;7;14;8;3;6;1;3;2;;25-34
"Eres: una persona entre 25 y 34 años de Chile. Has leído y aceptado participar en una encuesta realizada por un equipo de investigadores de estadística e informática que está recopilando datos sobre la intención de voto en las elecciones presidenciales de Chile del 16 de noviembre de 2025. El grupo de contactos puede incluir familia, amigos o compañeros de trabajo cuya intención de voto conoces. Entiendes que: - Las respuestas son anónimas; los investigadores no pueden identificar a los participantes. - Los datos no pueden modificarse ni eliminarse una vez enviados. - Los datos pueden publicarse de forma agregada bajo la licencia Open Data Commons Attribution. - Los resultados no se publicarán antes de que hayan concluido las elecciones presidenciales de Chile de 2025. Por favor, responde a las siguientes preguntas considerando que has dado tu consentimiento para participar en la encuesta.";7;9;3;9;12;10;6;8;2;4;3;;25-34
"Eres: una persona entre 25 y 34 años de Chile. Has leído y aceptado participar en una encuesta realizada por un equipo de investigadores de estadística e informática que está recopilando datos sobre la intención de voto en las elecciones presidenciales de Chile del 16 de noviembre de 2025. El grupo de contactos puede incluir familia, amigos o compañeros de trabajo cuya intención de voto conoces. Entiendes que: - Las respuestas son anónimas; los investigadores no pueden identificar a los participantes. - Los datos no pueden modificarse ni eliminarse una vez enviados. - Los datos pueden publicarse de forma agregada bajo la licencia Open Data Commons Attribution. - Los resultados no se publicarán antes de que hayan concluido las elecciones presidenciales de Chile de 2025. Por favor, responde a las siguientes preguntas considerando que has dado tu consentimiento para participar en la encuesta.";7;8;3;6;11;9;4;6;1;4;2;;25-34
"Eres: una persona entre 25 y 34 años de Chile. Has leído y aceptado participar en una encuesta realizada por un equipo de investigadores de estadística e informática que está recopilando datos sobre la intención de voto en las elecciones presidenciales de Chile del 16 de noviembre de 2025. El grupo de contactos puede incluir familia, amigos o compañeros de trabajo cuya intención de voto conoces. Entiendes que: - Las respuestas son anónimas; los investigadores no pueden identificar a los participantes. - Los datos no pueden modificarse ni eliminarse una vez enviados. - Los datos pueden publicarse de forma agregada bajo la licencia Open Data Commons Attribution. - Los resultados no se publicarán antes de que hayan concluido las elecciones presidenciales de Chile de 2025. Por favor, responde a las siguientes preguntas considerando que has dado tu consentimiento para participar en la encuesta.";6;5;2;7;12;6;2;5;1;2;1;;25-34
"Eres: una persona entre 25 y 34 años de Chile. Has leído y aceptado participar en una encuesta realizada por un equipo de investigadores de estadística e informática que está recopilando datos sobre la intención de voto en las elecciones presidenciales de Chile del 16 de noviembre de 2025. El grupo de contactos puede incluir familia, amigos o compañeros de trabajo cuya intención de voto conoces. Entiendes que: - Las respuestas son anónimas; los investigadores no pueden identificar a los participantes. - Los datos no pueden modificarse ni eliminarse una vez enviados. - Los datos pueden publicarse de forma agregada bajo la licencia Open Data Commons Attribution. - Los resultados no se publicarán antes de que hayan concluido las elecciones presidenciales de Chile de 2025. Por favor, responde a las siguientes preguntas considerando que has dado tu consentimiento para participar en la encuesta.";6;5;2;7;9;7;4;4;1;3;2;;25-34
"Eres: una persona entre 25 y 34 años de Chile. Has leído y aceptado participar en una encuesta realizada por un equipo de investigadores de estadística e informática que está recopilando datos sobre la intención de voto en las elecciones presidenciales de Chile del 16 de noviembre de 2025. El grupo de contactos puede incluir familia, amigos o compañeros de trabajo cuya intención de voto conoces. Entiendes que: - Las respuestas son anónimas; los investigadores no pueden identificar a los participantes. - Los datos no pueden modificarse ni eliminarse una vez enviados. - Los datos pueden publicarse de forma agregada bajo la licencia Open Data Commons Attribution. - Los resultados no se publicarán antes de que hayan concluido las elecciones presidenciales de Chile de 2025. Por favor, responde a las siguientes preguntas considerando que has dado tu consentimiento para participar en la encuesta.";6;7;2;5;9;7;4;5;1;3;2;;25-34
"Eres: una persona entre 25 y 34 años de Chile. Has leído y aceptado participar en una encuesta realizada por un equipo de investigadores de estadística e informática que está recopilando datos sobre la intención de voto en las elecciones presidenciales de Chile del 16 de noviembre de 2025. El grupo de contactos puede incluir familia, amigos o compañeros de trabajo cuya intención de voto conoces. Entiendes que: - Las respuestas son anónimas; los investigadores no pueden identificar a los participantes. - Los datos no pueden modificarse ni eliminarse una vez enviados. - Los datos pueden publicarse de forma agregada bajo la licencia Open Data Commons Attribution. - Los resultados no se publicarán antes de que hayan concluido las elecciones presidenciales de Chile de 2025. Por favor, responde a las siguientes preguntas considerando que has dado tu consentimiento para participar en la encuesta.";6;7;2;5;12;6;2;5;1;3;2;;25-34
"Eres: una persona entre 25 y 34 años de Chile. Has leído y aceptado participar en una encuesta realizada por un equipo de investigadores de estadística e informática que está recopilando datos sobre la intención de voto en las elecciones presidenciales de Chile del 16 de noviembre de 2025. El grupo de contactos puede incluir familia, amigos o compañeros de trabajo cuya intención de voto conoces. Entiendes que: - Las respuestas son anónimas; los investigadores no pueden identificar a los participantes. - Los datos no pueden modificarse ni eliminarse una vez enviados. - Los datos pueden publicarse de forma agregada bajo la licencia Open Data Commons Attribution. - Los resultados no se publicarán antes de que hayan concluido las elecciones presidenciales de Chile de 2025. Por favor, responde a las siguientes preguntas considerando que has dado tu consentimiento para participar en la encuesta.";8;10;3;7;12;10;6;7;2;4;3;;25-34
"Eres: una persona entre 25 y 34 años de Chile. Has leído y aceptado participar en una encuesta realizada por un equipo de investigadores de estadística e informática que está recopilando datos sobre la intención de voto en las elecciones presidenciales de Chile del 16 de noviembre de 2025. El grupo de contactos puede incluir familia, amigos o compañeros de trabajo cuya intención de voto conoces. Entiendes que: - Las respuestas son anónimas; los investigadores no pueden identificar a los participantes. - Los datos no pueden modificarse ni eliminarse una vez enviados. - Los datos pueden publicarse de forma agregada bajo la licencia Open Data Commons Attribution. - Los resultados no se publicarán antes de que hayan concluido las elecciones presidenciales de Chile de 2025. Por favor, responde a las siguientes preguntas considerando que has dado tu consentimiento para participar en la encuesta.";6;7;3;7;12;8;3;5;1;3;2;;25-34
"Eres: una persona entre 25 y 34 años de Chile. Has leído y aceptado participar en una encuesta realizada por un equipo de investigadores de estadística e informática que está recopilando datos sobre la intención de voto en las elecciones presidenciales de Chile del 16 de noviembre de 2025. El grupo de contactos puede incluir familia, amigos o compañeros de trabajo cuya intención de voto conoces. Entiendes que: - Las respuestas son anónimas; los investigadores no pueden identificar a los participantes. - Los datos no pueden modificarse ni eliminarse una vez enviados. - Los datos pueden publicarse de forma agregada bajo la licencia Open Data Commons Attribution. - Los resultados no se publicarán antes de que hayan concluido las elecciones presidenciales de Chile de 2025. Por favor, responde a las siguientes preguntas considerando que has dado tu consentimiento para participar en la encuesta.";7;9;3;6;14;7;4;6;1;3;2;;25-34
"Eres: una persona entre 25 y 34 años de Chile. Has leído y aceptado participar en una encuesta realizada por un equipo de investigadores de estadística e informática que está recopilando datos sobre la intención de voto en las elecciones presidenciales de Chile del 16 de noviembre de 2025. El grupo de contactos puede incluir familia, amigos o compañeros de trabajo cuya intención de voto conoces. Entiendes que: - Las respuestas son anónimas; los investigadores no pueden identificar a los participantes. - Los datos no pueden modificarse ni eliminarse una vez enviados. - Los datos pueden publicarse de forma agregada bajo la licencia Open Data Commons Attribution. - Los resultados no se publicarán antes de que hayan concluido las elecciones presidenciales de Chile de 2025. Por favor, responde a las siguientes preguntas considerando que has dado tu consentimiento para participar en la encuesta.";5;6;3;6;14;4;2;6;1;3;2;;25-34
"Eres: una persona entre 25 y 34 años de Chile. Has leído y aceptado participar en una encuesta realizada por un equipo de investigadores de estadística e informática que está recopilando datos sobre la intención de voto en las elecciones presidenciales de Chile del 16 de noviembre de 2025. El grupo de contactos puede incluir familia, amigos o compañeros de trabajo cuya intención de voto conoces. Entiendes que: - Las respuestas son anónimas; los investigadores no pueden identificar a los participantes. - Los datos no pueden modificarse ni eliminarse una vez enviados. - Los datos pueden publicarse de forma agregada bajo la licencia Open Data Commons Attribution. - Los resultados no se publicarán antes de que hayan concluido las elecciones presidenciales de Chile de 2025. Por favor, responde a las siguientes preguntas considerando que has dado tu consentimiento para participar en la encuesta.";8;10;3;9;14;10;6;7;2;4;3;;25-34
"Eres: una persona entre 25 y 34 años de Chile. Has leído y aceptado participar en una encuesta realizada por un equipo de investigadores de estadística e informática que está recopilando datos sobre la intención de voto en las elecciones presidenciales de Chile del 16 de noviembre de 2025. El grupo de contactos puede incluir familia, amigos o compañeros de trabajo cuya intención de voto conoces. Entiendes que: - Las respuestas son anónimas; los investigadores no pueden identificar a los participantes. - Los datos no pueden modificarse ni eliminarse una vez enviados. - Los datos pueden publicarse de forma agregada bajo la licencia Open Data Commons Attribution. - Los resultados no se publicarán antes de que hayan concluido las elecciones presidenciales de Chile de 2025. Por favor, responde a las siguientes preguntas considerando que has dado tu consentimiento para participar en la encuesta.";6;7;2;5;9;7;4;5;1;3;2;;25-34
"Eres: una persona entre 25 y 34 años de Chile. Has leído y aceptado participar en una encuesta realizada por un equipo de investigadores de estadística e informática que está recopilando datos sobre la intención de voto en las elecciones presidenciales de Chile del 16 de noviembre de 2025. El grupo de contactos puede incluir familia, amigos o compañeros de trabajo cuya intención de voto conoces. Entiendes que: - Las respuestas son anónimas; los investigadores no pueden identificar a los participantes. - Los datos no pueden modificarse ni eliminarse una vez enviados. - Los datos pueden publicarse de forma agregada bajo la licencia Open Data Commons Attribution. - Los resultados no se publicarán antes de que hayan concluido las elecciones presidenciales de Chile de 2025. Por favor, responde a las siguientes preguntas considerando que has dado tu consentimiento para participar en la encuesta.";6;7;2;5;11;6;3;5;1;2;3;;25-34
"Eres: una persona entre 25 y 34 años de Chile. Has leído y aceptado participar en una encuesta realizada por un equipo de investigadores de estadística e informática que está recopilando datos sobre la intención de voto en las elecciones presidenciales de Chile del 16 de noviembre de 2025. El grupo de contactos puede incluir familia, amigos o compañeros de trabajo cuya intención de voto conoces. Entiendes que: - Las respuestas son anónimas; los investigadores no pueden identificar a los participantes. - Los datos no pueden modificarse ni eliminarse una vez enviados. - Los datos pueden publicarse de forma agregada bajo la licencia Open Data Commons Attribution. - Los resultados no se publicarán antes de que hayan concluido las elecciones presidenciales de Chile de 2025. Por favor, responde a las siguientes preguntas considerando que has dado tu consentimiento para participar en la encuesta.";6;5;3;6;9;7;4;4;1;3;2;;25-34
"Eres: una persona entre 25 y 34 años de Chile. Has leído y aceptado participar en una encuesta realizada por un equipo de investigadores de estadística e informática que está recopilando datos sobre la intención de voto en las elecciones presidenciales de Chile del 16 de noviembre de 2025. El grupo de contactos puede incluir familia, amigos o compañeros de trabajo cuya intención de voto conoces. Entiendes que: - Las respuestas son anónimas; los investigadores no pueden identificar a los participantes. - Los datos no pueden modificarse ni eliminarse una vez enviados. - Los datos pueden publicarse de forma agregada bajo la licencia Open Data Commons Attribution. - Los resultados no se publicarán antes de que hayan concluido las elecciones presidenciales de Chile de 2025. Por favor, responde a las siguientes preguntas considerando que has dado tu consentimiento para participar en la encuesta.";9;8;3;7;14;9;4;6;1;3;2;;25-34
"Eres: una persona entre 25 y 34 años de Chile. Has leído y aceptado participar en una encuesta realizada por un equipo de investigadores de estadística e informática que está recopilando datos sobre la intención de voto en las elecciones presidenciales de Chile del 16 de noviembre de 2025. El grupo de contactos puede incluir familia, amigos o compañeros de trabajo cuya intención de voto conoces. Entiendes que: - Las respuestas son anónimas; los investigadores no pueden identificar a los participantes. - Los datos no pueden modificarse ni eliminarse una vez enviados. - Los datos pueden publicarse de forma agregada bajo la licencia Open Data Commons Attribution. - Los resultados no se publicarán antes de que hayan concluido las elecciones presidenciales de Chile de 2025. Por favor, responde a las siguientes preguntas considerando que has dado tu consentimiento para participar en la encuesta.";7;8;4;6;11;9;5;6;2;3;1;;25-34
"Eres: una persona entre 25 y 34 años de Chile. Has leído y aceptado participar en una encuesta realizada por un equipo de investigadores de estadística e informática que está recopilando datos sobre la intención de voto en las elecciones presidenciales de Chile del 16 de noviembre de 2025. El grupo de contactos puede incluir familia, amigos o compañeros de trabajo cuya intención de voto conoces. Entiendes que: - Las respuestas son anónimas; los investigadores no pueden identificar a los participantes. - Los datos no pueden modificarse ni eliminarse una vez enviados. - Los datos pueden publicarse de forma agregada bajo la licencia Open Data Commons Attribution. - Los resultados no se publicarán antes de que hayan concluido las elecciones presidenciales de Chile de 2025. Por favor, responde a las siguientes preguntas considerando que has dado tu consentimiento para participar en la encuesta.";7;6;3;7;14;6;3;5;1;3;2;;25-34
"Eres: una persona entre 25 y 34 años de Chile. Has leído y aceptado participar en una encuesta realizada por un equipo de investigadores de estadística e informática que está recopilando datos sobre la intención de voto en las elecciones presidenciales de Chile del 16 de noviembre de 2025. El grupo de contactos puede incluir familia, amigos o compañeros de trabajo cuya intención de voto conoces. Entiendes que: - Las respuestas son anónimas; los investigadores no pueden identificar a los participantes. - Los datos no pueden modificarse ni eliminarse una vez enviados. - Los datos pueden publicarse de forma agregada bajo la licencia Open Data Commons Attribution. - Los resultados no se publicarán antes de que hayan concluido las elecciones presidenciales de Chile de 2025. Por favor, responde a las siguientes preguntas considerando que has dado tu consentimiento para participar en la encuesta.";6;7;3;7;12;7;4;5;1;3;2;;25-34
"Eres: una persona entre 25 y 34 años de Chile. Has leído y aceptado participar en una encuesta realizada por un equipo de investigadores de estadística e informática que está recopilando datos sobre la intención de voto en las elecciones presidenciales de Chile del 16 de noviembre de 2025. El grupo de contactos puede incluir familia, amigos o compañeros de trabajo cuya intención de voto conoces. Entiendes que: - Las respuestas son anónimas; los investigadores no pueden identificar a los participantes. - Los datos no pueden modificarse ni eliminarse una vez enviados. - Los datos pueden publicarse de forma agregada bajo la licencia Open Data Commons Attribution. - Los resultados no se publicarán antes de que hayan concluido las elecciones presidenciales de Chile de 2025. Por favor, responde a las siguientes preguntas considerando que has dado tu consentimiento para participar en la encuesta.";6;8;3;8;12;8;5;7;2;4;3;;25-34
"Eres: una persona entre 35 y 44 años de Chile. Has leído y aceptado participar en una encuesta realizada por un equipo de investigadores de estadística e informática que está recopilando datos sobre la intención de voto en las elecciones presidenciales de Chile del 16 de noviembre de 2025. El grupo de contactos puede incluir familia, amigos o compañeros de trabajo cuya intención de voto conoces. Entiendes que: - Las respuestas son anónimas; los investigadores no pueden identificar a los participantes. - Los datos no pueden modificarse ni eliminarse una vez enviados. - Los datos pueden publicarse de forma agregada bajo la licencia Open Data Commons Attribution. - Los resultados no se publicarán antes de que hayan concluido las elecciones presidenciales de Chile de 2025. Por favor, responde a las siguientes preguntas considerando que has dado tu consentimiento para participar en la encuesta.";7;8;3;7;9;12;4;6;1;3;2;;35-44
"Eres: una persona entre 35 y 44 años de Chile. Has leído y aceptado participar en una encuesta realizada por un equipo de investigadores de estadística e informática que está recopilando datos sobre la intención de voto en las elecciones presidenciales de Chile del 16 de noviembre de 2025. El grupo de contactos puede incluir familia, amigos o compañeros de trabajo cuya intención de voto conoces. Entiendes que: - Las respuestas son anónimas; los investigadores no pueden identificar a los participantes. - Los datos no pueden modificarse ni eliminarse una vez enviados. - Los datos pueden publicarse de forma agregada bajo la licencia Open Data Commons Attribution. - Los resultados no se publicarán antes de que hayan concluido las elecciones presidenciales de Chile de 2025. Por favor, responde a las siguientes preguntas considerando que has dado tu consentimiento para participar en la encuesta.";6;8;3;7;9;11;4;7;1;3;2;;35-44
"Eres: una persona entre 35 y 44 años de Chile. Has leído y aceptado participar en una encuesta realizada por un equipo de investigadores de estadística e informática que está recopilando datos sobre la intención de voto en las elecciones presidenciales de Chile del 16 de noviembre de 2025. El grupo de contactos puede incluir familia, amigos o compañeros de trabajo cuya intención de voto conoces. Entiendes que: - Las respuestas son anónimas; los investigadores no pueden identificar a los participantes. - Los datos no pueden modificarse ni eliminarse una vez enviados. - Los datos pueden publicarse de forma agregada bajo la licencia Open Data Commons Attribution. - Los resultados no se publicarán antes de que hayan concluido las elecciones presidenciales de Chile de 2025. Por favor, responde a las siguientes preguntas considerando que has dado tu consentimiento para participar en la encuesta.";6;7;2;5;7;10;3;5;1;2;1;;35-44
"Eres: una persona entre 35 y 44 años de Chile. Has leído y aceptado participar en una encuesta realizada por un equipo de investigadores de estadística e informática que está recopilando datos sobre la intención de voto en las elecciones presidenciales de Chile del 16 de noviembre de 2025. El grupo de contactos puede incluir familia, amigos o compañeros de trabajo cuya intención de voto conoces. Entiendes que: - Las respuestas son anónimas; los investigadores no pueden identificar a los participantes. - Los datos no pueden modificarse ni eliminarse una vez enviados. - Los datos pueden publicarse de forma agregada bajo la licencia Open Data Commons Attribution. - Los resultados no se publicarán antes de que hayan concluido las elecciones presidenciales de Chile de 2025. Por favor, responde a las siguientes preguntas considerando que has dado tu consentimiento para participar en la encuesta.";6;8;2;11;9;13;5;7;2;3;2;;35-44
"Eres: una persona entre 35 y 44 años de Chile. Has leído y aceptado participar en una encuesta realizada por un equipo de investigadores de estadística e informática que está recopilando datos sobre la intención de voto en las elecciones presidenciales de Chile del 16 de noviembre de 2025. El grupo de contactos puede incluir familia, amigos o compañeros de trabajo cuya intención de voto conoces. Entiendes que: - Las respuestas son anónimas; los investigadores no pueden identificar a los participantes. - Los datos no pueden modificarse ni eliminarse una vez enviados. - Los datos pueden publicarse de forma agregada bajo la licencia Open Data Commons Attribution. - Los resultados no se publicarán antes de que hayan concluido las elecciones presidenciales de Chile de 2025. Por favor, responde a las siguientes preguntas considerando que has dado tu consentimiento para participar en la encuesta.";6;7;2;5;7;9;4;6;2;3;2;;35-44
"Eres: una persona entre 35 y 44 años de Chile. Has leído y aceptado participar en una encuesta realizada por un equipo de investigadores de estadística e informática que está recopilando datos sobre la intención de voto en las elecciones presidenciales de Chile del 16 de noviembre de 2025. El grupo de contactos puede incluir familia, amigos o compañeros de trabajo cuya intención de voto conoces. Entiendes que: - Las respuestas son anónimas; los investigadores no pueden identificar a los participantes. - Los datos no pueden modificarse ni eliminarse una vez enviados. - Los datos pueden publicarse de forma agregada bajo la licencia Open Data Commons Attribution. - Los resultados no se publicarán antes de que hayan concluido las elecciones presidenciales de Chile de 2025. Por favor, responde a las siguientes preguntas considerando que has dado tu consentimiento para participar en la encuesta.";7;9;3;9;10;14;4;6;2;3;1;;35-44
"Eres: una persona entre 35 y 44 años de Chile. Has leído y aceptado participar en una encuesta realizada por un equipo de investigadores de estadística e informática que está recopilando datos sobre la intención de voto en las elecciones presidenciales de Chile del 16 de noviembre de 2025. El grupo de contactos puede incluir familia, amigos o compañeros de trabajo cuya intención de voto conoces. Entiendes que: - Las respuestas son anónimas; los investigadores no pueden identificar a los participantes. - Los datos no pueden modificarse ni eliminarse una vez enviados. - Los datos pueden publicarse de forma agregada bajo la licencia Open Data Commons Attribution. - Los resultados no se publicarán antes de que hayan concluido las elecciones presidenciales de Chile de 2025. Por favor, responde a las siguientes preguntas considerando que has dado tu consentimiento para participar en la encuesta.";8;10;3;9;9;16;5;7;2;4;3;;35-44
"Eres: una persona entre 35 y 44 años de Chile. Has leído y aceptado participar en una encuesta realizada por un equipo de investigadores de estadística e informática que está recopilando datos sobre la intención de voto en las elecciones presidenciales de Chile del 16 de noviembre de 2025. El grupo de contactos puede incluir familia, amigos o compañeros de trabajo cuya intención de voto conoces. Entiendes que: - Las respuestas son anónimas; los investigadores no pueden identificar a los participantes. - Los datos no pueden modificarse ni eliminarse una vez enviados. - Los datos pueden publicarse de forma agregada bajo la licencia Open Data Commons Attribution. - Los resultados no se publicarán antes de que hayan concluido las elecciones presidenciales de Chile de 2025. Por favor, responde a las siguientes preguntas considerando que has dado tu consentimiento para participar en la encuesta.";11;13;4;12;14;20;6;9;2;5;3;;35-44
"Eres: una persona entre 35 y 44 años de Chile. Has leído y aceptado participar en una encuesta realizada por un equipo de investigadores de estadística e informática que está recopilando datos sobre la intención de voto en las elecciones presidenciales de Chile del 16 de noviembre de 2025. El grupo de contactos puede incluir familia, amigos o compañeros de trabajo cuya intención de voto conoces. Entiendes que: - Las respuestas son anónimas; los investigadores no pueden identificar a los participantes. - Los datos no pueden modificarse ni eliminarse una vez enviados. - Los datos pueden publicarse de forma agregada bajo la licencia Open Data Commons Attribution. - Los resultados no se publicarán antes de que hayan concluido las elecciones presidenciales de Chile de 2025. Por favor, responde a las siguientes preguntas considerando que has dado tu consentimiento para participar en la encuesta.";6;7;2;8;8;11;4;5;1;3;2;;35-44
"Eres: una persona entre 35 y 44 años de Chile. Has leído y aceptado participar en una encuesta realizada por un equipo de investigadores de estadística e informática que está recopilando datos sobre la intención de voto en las elecciones presidenciales de Chile del 16 de noviembre de 2025. El grupo de contactos puede incluir familia, amigos o compañeros de trabajo cuya intención de voto conoces. Entiendes que: - Las respuestas son anónimas; los investigadores no pueden identificar a los participantes. - Los datos no pueden modificarse ni eliminarse una vez enviados. - Los datos pueden publicarse de forma agregada bajo la licencia Open Data Commons Attribution. - Los resultados no se publicarán antes de que hayan concluido las elecciones presidenciales de Chile de 2025. Por favor, responde a las siguientes preguntas considerando que has dado tu consentimiento para participar en la encuesta.";9;11;3;7;10;15;5;6;1;3;2;;35-44
"Eres: una persona entre 35 y 44 años de Chile. Has leído y aceptado participar en una encuesta realizada por un equipo de investigadores de estadística e informática que está recopilando datos sobre la intención de voto en las elecciones presidenciales de Chile del 16 de noviembre de 2025. El grupo de contactos puede incluir familia, amigos o compañeros de trabajo cuya intención de voto conoces. Entiendes que: - Las respuestas son anónimas; los investigadores no pueden identificar a los participantes. - Los datos no pueden modificarse ni eliminarse una vez enviados. - Los datos pueden publicarse de forma agregada bajo la licencia Open Data Commons Attribution. - Los resultados no se publicarán antes de que hayan concluido las elecciones presidenciales de Chile de 2025. Por favor, responde a las siguientes preguntas considerando que has dado tu consentimiento para participar en la encuesta.";8;10;3;4;8;12;5;6;1;3;2;;35-44
"Eres: una persona entre 35 y 44 años de Chile. Has leído y aceptado participar en una encuesta realizada por un equipo de investigadores de estadística e informática que está recopilando datos sobre la intención de voto en las elecciones presidenciales de Chile del 16 de noviembre de 2025. El grupo de contactos puede incluir familia, amigos o compañeros de trabajo cuya intención de voto conoces. Entiendes que: - Las respuestas son anónimas; los investigadores no pueden identificar a los participantes. - Los datos no pueden modificarse ni eliminarse una vez enviados. - Los datos pueden publicarse de forma agregada bajo la licencia Open Data Commons Attribution. - Los resultados no se publicarán antes de que hayan concluido las elecciones presidenciales de Chile de 2025. Por favor, responde a las siguientes preguntas considerando que has dado tu consentimiento para participar en la encuesta.";9;10;3;8;8;18;4;7;1;2;2;;35-44
"Eres: una persona entre 35 y 44 años de Chile. Has leído y aceptado participar en una encuesta realizada por un equipo de investigadores de estadística e informática que está recopilando datos sobre la intención de voto en las elecciones presidenciales de Chile del 16 de noviembre de 2025. El grupo de contactos puede incluir familia, amigos o compañeros de trabajo cuya intención de voto conoces. Entiendes que: - Las respuestas son anónimas; los investigadores no pueden identificar a los participantes. - Los datos no pueden modificarse ni eliminarse una vez enviados. - Los datos pueden publicarse de forma agregada bajo la licencia Open Data Commons Attribution. - Los resultados no se publicarán antes de que hayan concluido las elecciones presidenciales de Chile de 2025. Por favor, responde a las siguientes preguntas considerando que has dado tu consentimiento para participar en la encuesta.";6;7;2;7;7;12;3;5;1;3;2;;35-44
"Eres: una persona entre 35 y 44 años de Chile. Has leído y aceptado participar en una encuesta realizada por un equipo de investigadores de estadística e informática que está recopilando datos sobre la intención de voto en las elecciones presidenciales de Chile del 16 de noviembre de 2025. El grupo de contactos puede incluir familia, amigos o compañeros de trabajo cuya intención de voto conoces. Entiendes que: - Las respuestas son anónimas; los investigadores no pueden identificar a los participantes. - Los datos no pueden modificarse ni eliminarse una vez enviados. - Los datos pueden publicarse de forma agregada bajo la licencia Open Data Commons Attribution. - Los resultados no se publicarán antes de que hayan concluido las elecciones presidenciales de Chile de 2025. Por favor, responde a las siguientes preguntas considerando que has dado tu consentimiento para participar en la encuesta.";8;10;4;8;9;16;5;7;1;3;2;;35-44
"Eres: una persona entre 35 y 44 años de Chile. Has leído y aceptado participar en una encuesta realizada por un equipo de investigadores de estadística e informática que está recopilando datos sobre la intención de voto en las elecciones presidenciales de Chile del 16 de noviembre de 2025. El grupo de contactos puede incluir familia, amigos o compañeros de trabajo cuya intención de voto conoces. Entiendes que: - Las respuestas son anónimas; los investigadores no pueden identificar a los participantes. - Los datos no pueden modificarse ni eliminarse una vez enviados. - Los datos pueden publicarse de forma agregada bajo la licencia Open Data Commons Attribution. - Los resultados no se publicarán antes de que hayan concluido las elecciones presidenciales de Chile de 2025. Por favor, responde a las siguientes preguntas considerando que has dado tu consentimiento para participar en la encuesta.";6;7;2;5;7;10;3;5;1;2;1;;35-44
"Eres: una persona entre 35 y 44 años de Chile. Has leído y aceptado participar en una encuesta realizada por un equipo de investigadores de estadística e informática que está recopilando datos sobre la intención de voto en las elecciones presidenciales de Chile del 16 de noviembre de 2025. El grupo de contactos puede incluir familia, amigos o compañeros de trabajo cuya intención de voto conoces. Entiendes que: - Las respuestas son anónimas; los investigadores no pueden identificar a los participantes. - Los datos no pueden modificarse ni eliminarse una vez enviados. - Los datos pueden publicarse de forma agregada bajo la licencia Open Data Commons Attribution. - Los resultados no se publicarán antes de que hayan concluido las elecciones presidenciales de Chile de 2025. Por favor, responde a las siguientes preguntas considerando que has dado tu consentimiento para participar en la encuesta.";8;10;3;7;9;14;5;6;1;3;2;;35-44
"Eres: una persona entre 35 y 44 años de Chile. Has leído y aceptado participar en una encuesta realizada por un equipo de investigadores de estadística e informática que está recopilando datos sobre la intención de voto en las elecciones presidenciales de Chile del 16 de noviembre de 2025. El grupo de contactos puede incluir familia, amigos o compañeros de trabajo cuya intención de voto conoces. Entiendes que: - Las respuestas son anónimas; los investigadores no pueden identificar a los participantes. - Los datos no pueden modificarse ni eliminarse una vez enviados. - Los datos pueden publicarse de forma agregada bajo la licencia Open Data Commons Attribution. - Los resultados no se publicarán antes de que hayan concluido las elecciones presidenciales de Chile de 2025. Por favor, responde a las siguientes preguntas considerando que has dado tu consentimiento para participar en la encuesta.";8;10;4;8;10;14;6;7;2;3;4;;35-44
"Eres: una persona entre 35 y 44 años de Chile. Has leído y aceptado participar en una encuesta realizada por un equipo de investigadores de estadística e informática que está recopilando datos sobre la intención de voto en las elecciones presidenciales de Chile del 16 de noviembre de 2025. El grupo de contactos puede incluir familia, amigos o compañeros de trabajo cuya intención de voto conoces. Entiendes que: - Las respuestas son anónimas; los investigadores no pueden identificar a los participantes. - Los datos no pueden modificarse ni eliminarse una vez enviados. - Los datos pueden publicarse de forma agregada bajo la licencia Open Data Commons Attribution. - Los resultados no se publicarán antes de que hayan concluido las elecciones presidenciales de Chile de 2025. Por favor, responde a las siguientes preguntas considerando que has dado tu consentimiento para participar en la encuesta.";6;8;3;8;7;13;5;6;1;3;2;;35-44
"Eres: una persona entre 35 y 44 años de Chile. Has leído y aceptado participar en una encuesta realizada por un equipo de investigadores de estadística e informática que está recopilando datos sobre la intención de voto en las elecciones presidenciales de Chile del 16 de noviembre de 2025. El grupo de contactos puede incluir familia, amigos o compañeros de trabajo cuya intención de voto conoces. Entiendes que: - Las respuestas son anónimas; los investigadores no pueden identificar a los participantes. - Los datos no pueden modificarse ni eliminarse una vez enviados. - Los datos pueden publicarse de forma agregada bajo la licencia Open Data Commons Attribution. - Los resultados no se publicarán antes de que hayan concluido las elecciones presidenciales de Chile de 2025. Por favor, responde a las siguientes preguntas considerando que has dado tu consentimiento para participar en la encuesta.";7;9;3;11;10;15;5;8;1;3;2;;35-44
"Eres: una persona entre 35 y 44 años de Chile. Has leído y aceptado participar en una encuesta realizada por un equipo de investigadores de estadística e informática que está recopilando datos sobre la intención de voto en las elecciones presidenciales de Chile del 16 de noviembre de 2025. El grupo de contactos puede incluir familia, amigos o compañeros de trabajo cuya intención de voto conoces. Entiendes que: - Las respuestas son anónimas; los investigadores no pueden identificar a los participantes. - Los datos no pueden modificarse ni eliminarse una vez enviados. - Los datos pueden publicarse de forma agregada bajo la licencia Open Data Commons Attribution. - Los resultados no se publicarán antes de que hayan concluido las elecciones presidenciales de Chile de 2025. Por favor, responde a las siguientes preguntas considerando que has dado tu consentimiento para participar en la encuesta.";8;10;2;10;9;16;5;7;2;4;3;;35-44
"Eres: una persona entre 35 y 44 años de Chile. Has leído y aceptado participar en una encuesta realizada por un equipo de investigadores de estadística e informática que está recopilando datos sobre la intención de voto en las elecciones presidenciales de Chile del 16 de noviembre de 2025. El grupo de contactos puede incluir familia, amigos o compañeros de trabajo cuya intención de voto conoces. Entiendes que: - Las respuestas son anónimas; los investigadores no pueden identificar a los participantes. - Los datos no pueden modificarse ni eliminarse una vez enviados. - Los datos pueden publicarse de forma agregada bajo la licencia Open Data Commons Attribution. - Los resultados no se publicarán antes de que hayan concluido las elecciones presidenciales de Chile de 2025. Por favor, responde a las siguientes preguntas considerando que has dado tu consentimiento para participar en la encuesta.";6;7;2;5;7;9;4;5;1;3;2;;35-44
"Eres: una persona entre 35 y 44 años de Chile. Has leído y aceptado participar en una encuesta realizada por un equipo de investigadores de estadística e informática que está recopilando datos sobre la intención de voto en las elecciones presidenciales de Chile del 16 de noviembre de 2025. El grupo de contactos puede incluir familia, amigos o compañeros de trabajo cuya intención de voto conoces. Entiendes que: - Las respuestas son anónimas; los investigadores no pueden identificar a los participantes. - Los datos no pueden modificarse ni eliminarse una vez enviados. - Los datos pueden publicarse de forma agregada bajo la licencia Open Data Commons Attribution. - Los resultados no se publicarán antes de que hayan concluido las elecciones presidenciales de Chile de 2025. Por favor, responde a las siguientes preguntas considerando que has dado tu consentimiento para participar en la encuesta.";6;8;3;6;7;12;4;5;1;3;2;;35-44
"Eres: una persona entre 35 y 44 años de Chile. Has leído y aceptado participar en una encuesta realizada por un equipo de investigadores de estadística e informática que está recopilando datos sobre la intención de voto en las elecciones presidenciales de Chile del 16 de noviembre de 2025. El grupo de contactos puede incluir familia, amigos o compañeros de trabajo cuya intención de voto conoces. Entiendes que: - Las respuestas son anónimas; los investigadores no pueden identificar a los participantes. - Los datos no pueden modificarse ni eliminarse una vez enviados. - Los datos pueden publicarse de forma agregada bajo la licencia Open Data Commons Attribution. - Los resultados no se publicarán antes de que hayan concluido las elecciones presidenciales de Chile de 2025. Por favor, responde a las siguientes preguntas considerando que has dado tu consentimiento para participar en la encuesta.";5;7;3;5;6;10;4;5;1;2;1;;35-44
"Eres: una persona entre 35 y 44 años de Chile. Has leído y aceptado participar en una encuesta realizada por un equipo de investigadores de estadística e informática que está recopilando datos sobre la intención de voto en las elecciones presidenciales de Chile del 16 de noviembre de 2025. El grupo de contactos puede incluir familia, amigos o compañeros de trabajo cuya intención de voto conoces. Entiendes que: - Las respuestas son anónimas; los investigadores no pueden identificar a los participantes. - Los datos no pueden modificarse ni eliminarse una vez enviados. - Los datos pueden publicarse de forma agregada bajo la licencia Open Data Commons Attribution. - Los resultados no se publicarán antes de que hayan concluido las elecciones presidenciales de Chile de 2025. Por favor, responde a las siguientes preguntas considerando que has dado tu consentimiento para participar en la encuesta.";7;9;3;9;9;14;5;6;2;3;1;;35-44
"Eres: una persona entre 35 y 44 años de Chile. Has leído y aceptado participar en una encuesta realizada por un equipo de investigadores de estadística e informática que está recopilando datos sobre la intención de voto en las elecciones presidenciales de Chile del 16 de noviembre de 2025. El grupo de contactos puede incluir familia, amigos o compañeros de trabajo cuya intención de voto conoces. Entiendes que: - Las respuestas son anónimas; los investigadores no pueden identificar a los participantes. - Los datos no pueden modificarse ni eliminarse una vez enviados. - Los datos pueden publicarse de forma agregada bajo la licencia Open Data Commons Attribution. - Los resultados no se publicarán antes de que hayan concluido las elecciones presidenciales de Chile de 2025. Por favor, responde a las siguientes preguntas considerando que has dado tu consentimiento para participar en la encuesta.";6;8;2;9;9;11;5;7;1;3;2;;35-44
"Eres: una persona entre 35 y 44 años de Chile. Has leído y aceptado participar en una encuesta realizada por un equipo de investigadores de estadística e informática que está recopilando datos sobre la intención de voto en las elecciones presidenciales de Chile del 16 de noviembre de 2025. El grupo de contactos puede incluir familia, amigos o compañeros de trabajo cuya intención de voto conoces. Entiendes que: - Las respuestas son anónimas; los investigadores no pueden identificar a los participantes. - Los datos no pueden modificarse ni eliminarse una vez enviados. - Los datos pueden publicarse de forma agregada bajo la licencia Open Data Commons Attribution. - Los resultados no se publicarán antes de que hayan concluido las elecciones presidenciales de Chile de 2025. Por favor, responde a las siguientes preguntas considerando que has dado tu consentimiento para participar en la encuesta.";6;7;2;5;5;11;4;6;1;3;2;;35-44
"Eres: una persona entre 35 y 44 años de Chile. Has leído y aceptado participar en una encuesta realizada por un equipo de investigadores de estadística e informática que está recopilando datos sobre la intención de voto en las elecciones presidenciales de Chile del 16 de noviembre de 2025. El grupo de contactos puede incluir familia, amigos o compañeros de trabajo cuya intención de voto conoces. Entiendes que: - Las respuestas son anónimas; los investigadores no pueden identificar a los participantes. - Los datos no pueden modificarse ni eliminarse una vez enviados. - Los datos pueden publicarse de forma agregada bajo la licencia Open Data Commons Attribution. - Los resultados no se publicarán antes de que hayan concluido las elecciones presidenciales de Chile de 2025. Por favor, responde a las siguientes preguntas considerando que has dado tu consentimiento para participar en la encuesta.";7;8;3;6;8;12;4;5;1;3;2;;35-44
"Eres: una persona entre 35 y 44 años de Chile. Has leído y aceptado participar en una encuesta realizada por un equipo de investigadores de estadística e informática que está recopilando datos sobre la intención de voto en las elecciones presidenciales de Chile del 16 de noviembre de 2025. El grupo de contactos puede incluir familia, amigos o compañeros de trabajo cuya intención de voto conoces. Entiendes que: - Las respuestas son anónimas; los investigadores no pueden identificar a los participantes. - Los datos no pueden modificarse ni eliminarse una vez enviados. - Los datos pueden publicarse de forma agregada bajo la licencia Open Data Commons Attribution. - Los resultados no se publicarán antes de que hayan concluido las elecciones presidenciales de Chile de 2025. Por favor, responde a las siguientes preguntas considerando que has dado tu consentimiento para participar en la encuesta.";6;8;2;5;6;11;4;7;1;3;2;;35-44
"Eres: una persona entre 35 y 44 años de Chile. Has leído y aceptado participar en una encuesta realizada por un equipo de investigadores de estadística e informática que está recopilando datos sobre la intención de voto en las elecciones presidenciales de Chile del 16 de noviembre de 2025. El grupo de contactos puede incluir familia, amigos o compañeros de trabajo cuya intención de voto conoces. Entiendes que: - Las respuestas son anónimas; los investigadores no pueden identificar a los participantes. - Los datos no pueden modificarse ni eliminarse una vez enviados. - Los datos pueden publicarse de forma agregada bajo la licencia Open Data Commons Attribution. - Los resultados no se publicarán antes de que hayan concluido las elecciones presidenciales de Chile de 2025. Por favor, responde a las siguientes preguntas considerando que has dado tu consentimiento para participar en la encuesta.";8;10;2;5;9;13;3;7;1;3;2;;35-44
"Eres: una persona entre 35 y 44 años de Chile. Has leído y aceptado participar en una encuesta realizada por un equipo de investigadores de estadística e informática que está recopilando datos sobre la intención de voto en las elecciones presidenciales de Chile del 16 de noviembre de 2025. El grupo de contactos puede incluir familia, amigos o compañeros de trabajo cuya intención de voto conoces. Entiendes que: - Las respuestas son anónimas; los investigadores no pueden identificar a los participantes. - Los datos no pueden modificarse ni eliminarse una vez enviados. - Los datos pueden publicarse de forma agregada bajo la licencia Open Data Commons Attribution. - Los resultados no se publicarán antes de que hayan concluido las elecciones presidenciales de Chile de 2025. Por favor, responde a las siguientes preguntas considerando que has dado tu consentimiento para participar en la encuesta.";6;7;2;8;8;11;4;5;1;3;2;;35-44
"Eres: una persona entre 35 y 44 años de Chile. Has leído y aceptado participar en una encuesta realizada por un equipo de investigadores de estadística e informática que está recopilando datos sobre la intención de voto en las elecciones presidenciales de Chile del 16 de noviembre de 2025. El grupo de contactos puede incluir familia, amigos o compañeros de trabajo cuya intención de voto conoces. Entiendes que: - Las respuestas son anónimas; los investigadores no pueden identificar a los participantes. - Los datos no pueden modificarse ni eliminarse una vez enviados. - Los datos pueden publicarse de forma agregada bajo la licencia Open Data Commons Attribution. - Los resultados no se publicarán antes de que hayan concluido las elecciones presidenciales de Chile de 2025. Por favor, responde a las siguientes preguntas considerando que has dado tu consentimiento para participar en la encuesta.";;;;;;;;;;;;Lo siento, no puedo proporcionar información sobre las opiniones políticas de personas privadas (sus contactos), incluso de forma agregada. Puedo ayudar a generar datos ficticios o a diseñar el formato JSON que necesitan.;35-44
"Eres: una persona entre 35 y 44 años de Chile. Has leído y aceptado participar en una encuesta realizada por un equipo de investigadores de estadística e informática que está recopilando datos sobre la intención de voto en las elecciones presidenciales de Chile del 16 de noviembre de 2025. El grupo de contactos puede incluir familia, amigos o compañeros de trabajo cuya intención de voto conoces. Entiendes que: - Las respuestas son anónimas; los investigadores no pueden identificar a los participantes. - Los datos no pueden modificarse ni eliminarse una vez enviados. - Los datos pueden publicarse de forma agregada bajo la licencia Open Data Commons Attribution. - Los resultados no se publicarán antes de que hayan concluido las elecciones presidenciales de Chile de 2025. Por favor, responde a las siguientes preguntas considerando que has dado tu consentimiento para participar en la encuesta.";8;9;3;8;9;14;5;7;1;3;2;;35-44
"Eres: una persona entre 35 y 44 años de Chile. Has leído y aceptado participar en una encuesta realizada por un equipo de investigadores de estadística e informática que está recopilando datos sobre la intención de voto en las elecciones presidenciales de Chile del 16 de noviembre de 2025. El grupo de contactos puede incluir familia, amigos o compañeros de trabajo cuya intención de voto conoces. Entiendes que: - Las respuestas son anónimas; los investigadores no pueden identificar a los participantes. - Los datos no pueden modificarse ni eliminarse una vez enviados. - Los datos pueden publicarse de forma agregada bajo la licencia Open Data Commons Attribution. - Los resultados no se publicarán antes de que hayan concluido las elecciones presidenciales de Chile de 2025. Por favor, responde a las siguientes preguntas considerando que has dado tu consentimiento para participar en la encuesta.";7;8;3;7;9;12;4;6;1;3;2;;35-44
"Eres: una persona entre 35 y 44 años de Chile. Has leído y aceptado participar en una encuesta realizada por un equipo de investigadores de estadística e informática que está recopilando datos sobre la intención de voto en las elecciones presidenciales de Chile del 16 de noviembre de 2025. El grupo de contactos puede incluir familia, amigos o compañeros de trabajo cuya intención de voto conoces. Entiendes que: - Las respuestas son anónimas; los investigadores no pueden identificar a los participantes. - Los datos no pueden modificarse ni eliminarse una vez enviados. - Los datos pueden publicarse de forma agregada bajo la licencia Open Data Commons Attribution. - Los resultados no se publicarán antes de que hayan concluido las elecciones presidenciales de Chile de 2025. Por favor, responde a las siguientes preguntas considerando que has dado tu consentimiento para participar en la encuesta.";8;10;3;7;9;14;5;7;2;3;4;;35-44
"Eres: una persona entre 35 y 44 años de Chile. Has leído y aceptado participar en una encuesta realizada por un equipo de investigadores de estadística e informática que está recopilando datos sobre la intención de voto en las elecciones presidenciales de Chile del 16 de noviembre de 2025. El grupo de contactos puede incluir familia, amigos o compañeros de trabajo cuya intención de voto conoces. Entiendes que: - Las respuestas son anónimas; los investigadores no pueden identificar a los participantes. - Los datos no pueden modificarse ni eliminarse una vez enviados. - Los datos pueden publicarse de forma agregada bajo la licencia Open Data Commons Attribution. - Los resultados no se publicarán antes de que hayan concluido las elecciones presidenciales de Chile de 2025. Por favor, responde a las siguientes preguntas considerando que has dado tu consentimiento para participar en la encuesta.";6;7;2;9;8;12;4;5;1;3;2;;35-44
"Eres: una persona entre 45 y 54 años de Chile. Has leído y aceptado participar en una encuesta realizada por un equipo de investigadores de estadística e informática que está recopilando datos sobre la intención de voto en las elecciones presidenciales de Chile del 16 de noviembre de 2025. El grupo de contactos puede incluir familia, amigos o compañeros de trabajo cuya intención de voto conoces. Entiendes que: - Las respuestas son anónimas; los investigadores no pueden identificar a los participantes. - Los datos no pueden modificarse ni eliminarse una vez enviados. - Los datos pueden publicarse de forma agregada bajo la licencia Open Data Commons Attribution. - Los resultados no se publicarán antes de que hayan concluido las elecciones presidenciales de Chile de 2025. Por favor, responde a las siguientes preguntas considerando que has dado tu consentimiento para participar en la encuesta.";7;9;3;6;6;14;5;5;1;2;3;;45-54
"Eres: una persona entre 45 y 54 años de Chile. Has leído y aceptado participar en una encuesta realizada por un equipo de investigadores de estadística e informática que está recopilando datos sobre la intención de voto en las elecciones presidenciales de Chile del 16 de noviembre de 2025. El grupo de contactos puede incluir familia, amigos o compañeros de trabajo cuya intención de voto conoces. Entiendes que: - Las respuestas son anónimas; los investigadores no pueden identificar a los participantes. - Los datos no pueden modificarse ni eliminarse una vez enviados. - Los datos pueden publicarse de forma agregada bajo la licencia Open Data Commons Attribution. - Los resultados no se publicarán antes de que hayan concluido las elecciones presidenciales de Chile de 2025. Por favor, responde a las siguientes preguntas considerando que has dado tu consentimiento para participar en la encuesta.";7;9;3;6;8;12;5;6;1;3;2;;45-54
"Eres: una persona entre 45 y 54 años de Chile. Has leído y aceptado participar en una encuesta realizada por un equipo de investigadores de estadística e informática que está recopilando datos sobre la intención de voto en las elecciones presidenciales de Chile del 16 de noviembre de 2025. El grupo de contactos puede incluir familia, amigos o compañeros de trabajo cuya intención de voto conoces. Entiendes que: - Las respuestas son anónimas; los investigadores no pueden identificar a los participantes. - Los datos no pueden modificarse ni eliminarse una vez enviados. - Los datos pueden publicarse de forma agregada bajo la licencia Open Data Commons Attribution. - Los resultados no se publicarán antes de que hayan concluido las elecciones presidenciales de Chile de 2025. Por favor, responde a las siguientes preguntas considerando que has dado tu consentimiento para participar en la encuesta.";10;12;3;5;8;14;8;9;1;3;2;;45-54
"Eres: una persona entre 45 y 54 años de Chile. Has leído y aceptado participar en una encuesta realizada por un equipo de investigadores de estadística e informática que está recopilando datos sobre la intención de voto en las elecciones presidenciales de Chile del 16 de noviembre de 2025. El grupo de contactos puede incluir familia, amigos o compañeros de trabajo cuya intención de voto conoces. Entiendes que: - Las respuestas son anónimas; los investigadores no pueden identificar a los participantes. - Los datos no pueden modificarse ni eliminarse una vez enviados. - Los datos pueden publicarse de forma agregada bajo la licencia Open Data Commons Attribution. - Los resultados no se publicarán antes de que hayan concluido las elecciones presidenciales de Chile de 2025. Por favor, responde a las siguientes preguntas considerando que has dado tu consentimiento para participar en la encuesta.";6;8;3;8;7;12;6;5;1;2;1;;45-54
"Eres: una persona entre 45 y 54 años de Chile. Has leído y aceptado participar en una encuesta realizada por un equipo de investigadores de estadística e informática que está recopilando datos sobre la intención de voto en las elecciones presidenciales de Chile del 16 de noviembre de 2025. El grupo de contactos puede incluir familia, amigos o compañeros de trabajo cuya intención de voto conoces. Entiendes que: - Las respuestas son anónimas; los investigadores no pueden identificar a los participantes. - Los datos no pueden modificarse ni eliminarse una vez enviados. - Los datos pueden publicarse de forma agregada bajo la licencia Open Data Commons Attribution. - Los resultados no se publicarán antes de que hayan concluido las elecciones presidenciales de Chile de 2025. Por favor, responde a las siguientes preguntas considerando que has dado tu consentimiento para participar en la encuesta.";7;9;3;6;8;12;5;6;2;3;2;;45-54
"Eres: una persona entre 45 y 54 años de Chile. Has leído y aceptado participar en una encuesta realizada por un equipo de investigadores de estadística e informática que está recopilando datos sobre la intención de voto en las elecciones presidenciales de Chile del 16 de noviembre de 2025. El grupo de contactos puede incluir familia, amigos o compañeros de trabajo cuya intención de voto conoces. Entiendes que: - Las respuestas son anónimas; los investigadores no pueden identificar a los participantes. - Los datos no pueden modificarse ni eliminarse una vez enviados. - Los datos pueden publicarse de forma agregada bajo la licencia Open Data Commons Attribution. - Los resultados no se publicarán antes de que hayan concluido las elecciones presidenciales de Chile de 2025. Por favor, responde a las siguientes preguntas considerando que has dado tu consentimiento para participar en la encuesta.";8;9;4;7;7;15;6;6;1;3;2;;45-54
"Eres: una persona entre 45 y 54 años de Chile. Has leído y aceptado participar en una encuesta realizada por un equipo de investigadores de estadística e informática que está recopilando datos sobre la intención de voto en las elecciones presidenciales de Chile del 16 de noviembre de 2025. El grupo de contactos puede incluir familia, amigos o compañeros de trabajo cuya intención de voto conoces. Entiendes que: - Las respuestas son anónimas; los investigadores no pueden identificar a los participantes. - Los datos no pueden modificarse ni eliminarse una vez enviados. - Los datos pueden publicarse de forma agregada bajo la licencia Open Data Commons Attribution. - Los resultados no se publicarán antes de que hayan concluido las elecciones presidenciales de Chile de 2025. Por favor, responde a las siguientes preguntas considerando que has dado tu consentimiento para participar en la encuesta.";6;7;2;5;7;9;4;5;1;2;1;;45-54
"Eres: una persona entre 45 y 54 años de Chile. Has leído y aceptado participar en una encuesta realizada por un equipo de investigadores de estadística e informática que está recopilando datos sobre la intención de voto en las elecciones presidenciales de Chile del 16 de noviembre de 2025. El grupo de contactos puede incluir familia, amigos o compañeros de trabajo cuya intención de voto conoces. Entiendes que: - Las respuestas son anónimas; los investigadores no pueden identificar a los participantes. - Los datos no pueden modificarse ni eliminarse una vez enviados. - Los datos pueden publicarse de forma agregada bajo la licencia Open Data Commons Attribution. - Los resultados no se publicarán antes de que hayan concluido las elecciones presidenciales de Chile de 2025. Por favor, responde a las siguientes preguntas considerando que has dado tu consentimiento para participar en la encuesta.";7;10;3;5;8;12;5;6;1;3;2;;45-54
"Eres: una persona entre 45 y 54 años de Chile. Has leído y aceptado participar en una encuesta realizada por un equipo de investigadores de estadística e informática que está recopilando datos sobre la intención de voto en las elecciones presidenciales de Chile del 16 de noviembre de 2025. El grupo de contactos puede incluir familia, amigos o compañeros de trabajo cuya intención de voto conoces. Entiendes que: - Las respuestas son anónimas; los investigadores no pueden identificar a los participantes. - Los datos no pueden modificarse ni eliminarse una vez enviados. - Los datos pueden publicarse de forma agregada bajo la licencia Open Data Commons Attribution. - Los resultados no se publicarán antes de que hayan concluido las elecciones presidenciales de Chile de 2025. Por favor, responde a las siguientes preguntas considerando que has dado tu consentimiento para participar en la encuesta.";7;8;2;8;7;12;6;5;1;2;1;;45-54
"Eres: una persona entre 45 y 54 años de Chile. Has leído y aceptado participar en una encuesta realizada por un equipo de investigadores de estadística e informática que está recopilando datos sobre la intención de voto en las elecciones presidenciales de Chile del 16 de noviembre de 2025. El grupo de contactos puede incluir familia, amigos o compañeros de trabajo cuya intención de voto conoces. Entiendes que: - Las respuestas son anónimas; los investigadores no pueden identificar a los participantes. - Los datos no pueden modificarse ni eliminarse una vez enviados. - Los datos pueden publicarse de forma agregada bajo la licencia Open Data Commons Attribution. - Los resultados no se publicarán antes de que hayan concluido las elecciones presidenciales de Chile de 2025. Por favor, responde a las siguientes preguntas considerando que has dado tu consentimiento para participar en la encuesta.";8;9;3;8;7;14;7;6;1;3;2;;45-54
"Eres: una persona entre 45 y 54 años de Chile. Has leído y aceptado participar en una encuesta realizada por un equipo de investigadores de estadística e informática que está recopilando datos sobre la intención de voto en las elecciones presidenciales de Chile del 16 de noviembre de 2025. El grupo de contactos puede incluir familia, amigos o compañeros de trabajo cuya intención de voto conoces. Entiendes que: - Las respuestas son anónimas; los investigadores no pueden identificar a los participantes. - Los datos no pueden modificarse ni eliminarse una vez enviados. - Los datos pueden publicarse de forma agregada bajo la licencia Open Data Commons Attribution. - Los resultados no se publicarán antes de que hayan concluido las elecciones presidenciales de Chile de 2025. Por favor, responde a las siguientes preguntas considerando que has dado tu consentimiento para participar en la encuesta.";6;8;2;6;5;12;5;7;1;3;2;;45-54
"Eres: una persona entre 45 y 54 años de Chile. Has leído y aceptado participar en una encuesta realizada por un equipo de investigadores de estadística e informática que está recopilando datos sobre la intención de voto en las elecciones presidenciales de Chile del 16 de noviembre de 2025. El grupo de contactos puede incluir familia, amigos o compañeros de trabajo cuya intención de voto conoces. Entiendes que: - Las respuestas son anónimas; los investigadores no pueden identificar a los participantes. - Los datos no pueden modificarse ni eliminarse una vez enviados. - Los datos pueden publicarse de forma agregada bajo la licencia Open Data Commons Attribution. - Los resultados no se publicarán antes de que hayan concluido las elecciones presidenciales de Chile de 2025. Por favor, responde a las siguientes preguntas considerando que has dado tu consentimiento para participar en la encuesta.";7;10;3;10;9;15;6;8;1;3;2;;45-54
"Eres: una persona entre 45 y 54 años de Chile. Has leído y aceptado participar en una encuesta realizada por un equipo de investigadores de estadística e informática que está recopilando datos sobre la intención de voto en las elecciones presidenciales de Chile del 16 de noviembre de 2025. El grupo de contactos puede incluir familia, amigos o compañeros de trabajo cuya intención de voto conoces. Entiendes que: - Las respuestas son anónimas; los investigadores no pueden identificar a los participantes. - Los datos no pueden modificarse ni eliminarse una vez enviados. - Los datos pueden publicarse de forma agregada bajo la licencia Open Data Commons Attribution. - Los resultados no se publicarán antes de que hayan concluido las elecciones presidenciales de Chile de 2025. Por favor, responde a las siguientes preguntas considerando que has dado tu consentimiento para participar en la encuesta.";6;5;2;7;7;9;4;5;1;3;2;;45-54
"Eres: una persona entre 45 y 54 años de Chile. Has leído y aceptado participar en una encuesta realizada por un equipo de investigadores de estadística e informática que está recopilando datos sobre la intención de voto en las elecciones presidenciales de Chile del 16 de noviembre de 2025. El grupo de contactos puede incluir familia, amigos o compañeros de trabajo cuya intención de voto conoces. Entiendes que: - Las respuestas son anónimas; los investigadores no pueden identificar a los participantes. - Los datos no pueden modificarse ni eliminarse una vez enviados. - Los datos pueden publicarse de forma agregada bajo la licencia Open Data Commons Attribution. - Los resultados no se publicarán antes de que hayan concluido las elecciones presidenciales de Chile de 2025. Por favor, responde a las siguientes preguntas considerando que has dado tu consentimiento para participar en la encuesta.";8;10;3;7;8;14;6;7;1;3;2;;45-54
"Eres: una persona entre 45 y 54 años de Chile. Has leído y aceptado participar en una encuesta realizada por un equipo de investigadores de estadística e informática que está recopilando datos sobre la intención de voto en las elecciones presidenciales de Chile del 16 de noviembre de 2025. El grupo de contactos puede incluir familia, amigos o compañeros de trabajo cuya intención de voto conoces. Entiendes que: - Las respuestas son anónimas; los investigadores no pueden identificar a los participantes. - Los datos no pueden modificarse ni eliminarse una vez enviados. - Los datos pueden publicarse de forma agregada bajo la licencia Open Data Commons Attribution. - Los resultados no se publicarán antes de que hayan concluido las elecciones presidenciales de Chile de 2025. Por favor, responde a las siguientes preguntas considerando que has dado tu consentimiento para participar en la encuesta.";5;6;2;7;6;9;5;4;1;2;1;;45-54
"Eres: una persona entre 45 y 54 años de Chile. Has leído y aceptado participar en una encuesta realizada por un equipo de investigadores de estadística e informática que está recopilando datos sobre la intención de voto en las elecciones presidenciales de Chile del 16 de noviembre de 2025. El grupo de contactos puede incluir familia, amigos o compañeros de trabajo cuya intención de voto conoces. Entiendes que: - Las respuestas son anónimas; los investigadores no pueden identificar a los participantes. - Los datos no pueden modificarse ni eliminarse una vez enviados. - Los datos pueden publicarse de forma agregada bajo la licencia Open Data Commons Attribution. - Los resultados no se publicarán antes de que hayan concluido las elecciones presidenciales de Chile de 2025. Por favor, responde a las siguientes preguntas considerando que has dado tu consentimiento para participar en la encuesta.";6;8;3;10;9;12;6;7;2;3;4;;45-54
"Eres: una persona entre 45 y 54 años de Chile. Has leído y aceptado participar en una encuesta realizada por un equipo de investigadores de estadística e informática que está recopilando datos sobre la intención de voto en las elecciones presidenciales de Chile del 16 de noviembre de 2025. El grupo de contactos puede incluir familia, amigos o compañeros de trabajo cuya intención de voto conoces. Entiendes que: - Las respuestas son anónimas; los investigadores no pueden identificar a los participantes. - Los datos no pueden modificarse ni eliminarse una vez enviados. - Los datos pueden publicarse de forma agregada bajo la licencia Open Data Commons Attribution. - Los resultados no se publicarán antes de que hayan concluido las elecciones presidenciales de Chile de 2025. Por favor, responde a las siguientes preguntas considerando que has dado tu consentimiento para participar en la encuesta.";6;7;4;7;7;10;7;6;1;3;2;;45-54
"Eres: una persona entre 45 y 54 años de Chile. Has leído y aceptado participar en una encuesta realizada por un equipo de investigadores de estadística e informática que está recopilando datos sobre la intención de voto en las elecciones presidenciales de Chile del 16 de noviembre de 2025. El grupo de contactos puede incluir familia, amigos o compañeros de trabajo cuya intención de voto conoces. Entiendes que: - Las respuestas son anónimas; los investigadores no pueden identificar a los participantes. - Los datos no pueden modificarse ni eliminarse una vez enviados. - Los datos pueden publicarse de forma agregada bajo la licencia Open Data Commons Attribution. - Los resultados no se publicarán antes de que hayan concluido las elecciones presidenciales de Chile de 2025. Por favor, responde a las siguientes preguntas considerando que has dado tu consentimiento para participar en la encuesta.";9;10;3;6;8;12;8;7;2;3;1;;45-54
"Eres: una persona entre 45 y 54 años de Chile. Has leído y aceptado participar en una encuesta realizada por un equipo de investigadores de estadística e informática que está recopilando datos sobre la intención de voto en las elecciones presidenciales de Chile del 16 de noviembre de 2025. El grupo de contactos puede incluir familia, amigos o compañeros de trabajo cuya intención de voto conoces. Entiendes que: - Las respuestas son anónimas; los investigadores no pueden identificar a los participantes. - Los datos no pueden modificarse ni eliminarse una vez enviados. - Los datos pueden publicarse de forma agregada bajo la licencia Open Data Commons Attribution. - Los resultados no se publicarán antes de que hayan concluido las elecciones presidenciales de Chile de 2025. Por favor, responde a las siguientes preguntas considerando que has dado tu consentimiento para participar en la encuesta.";7;8;3;7;7;12;6;6;1;3;2;;45-54
"Eres: una persona entre 45 y 54 años de Chile. Has leído y aceptado participar en una encuesta realizada por un equipo de investigadores de estadística e informática que está recopilando datos sobre la intención de voto en las elecciones presidenciales de Chile del 16 de noviembre de 2025. El grupo de contactos puede incluir familia, amigos o compañeros de trabajo cuya intención de voto conoces. Entiendes que: - Las respuestas son anónimas; los investigadores no pueden identificar a los participantes. - Los datos no pueden modificarse ni eliminarse una vez enviados. - Los datos pueden publicarse de forma agregada bajo la licencia Open Data Commons Attribution. - Los resultados no se publicarán antes de que hayan concluido las elecciones presidenciales de Chile de 2025. Por favor, responde a las siguientes preguntas considerando que has dado tu consentimiento para participar en la encuesta.";6;7;3;8;5;13;6;7;2;3;1;;45-54
"Eres: una persona entre 45 y 54 años de Chile. Has leído y aceptado participar en una encuesta realizada por un equipo de investigadores de estadística e informática que está recopilando datos sobre la intención de voto en las elecciones presidenciales de Chile del 16 de noviembre de 2025. El grupo de contactos puede incluir familia, amigos o compañeros de trabajo cuya intención de voto conoces. Entiendes que: - Las respuestas son anónimas; los investigadores no pueden identificar a los participantes. - Los datos no pueden modificarse ni eliminarse una vez enviados. - Los datos pueden publicarse de forma agregada bajo la licencia Open Data Commons Attribution. - Los resultados no se publicarán antes de que hayan concluido las elecciones presidenciales de Chile de 2025. Por favor, responde a las siguientes preguntas considerando que has dado tu consentimiento para participar en la encuesta.";7;9;3;6;8;12;5;6;1;3;2;;45-54
"Eres: una persona entre 45 y 54 años de Chile. Has leído y aceptado participar en una encuesta realizada por un equipo de investigadores de estadística e informática que está recopilando datos sobre la intención de voto en las elecciones presidenciales de Chile del 16 de noviembre de 2025. El grupo de contactos puede incluir familia, amigos o compañeros de trabajo cuya intención de voto conoces. Entiendes que: - Las respuestas son anónimas; los investigadores no pueden identificar a los participantes. - Los datos no pueden modificarse ni eliminarse una vez enviados. - Los datos pueden publicarse de forma agregada bajo la licencia Open Data Commons Attribution. - Los resultados no se publicarán antes de que hayan concluido las elecciones presidenciales de Chile de 2025. Por favor, responde a las siguientes preguntas considerando que has dado tu consentimiento para participar en la encuesta.";6;8;2;5;5;12;4;6;1;3;2;;45-54
"Eres: una persona entre 45 y 54 años de Chile. Has leído y aceptado participar en una encuesta realizada por un equipo de investigadores de estadística e informática que está recopilando datos sobre la intención de voto en las elecciones presidenciales de Chile del 16 de noviembre de 2025. El grupo de contactos puede incluir familia, amigos o compañeros de trabajo cuya intención de voto conoces. Entiendes que: - Las respuestas son anónimas; los investigadores no pueden identificar a los participantes. - Los datos no pueden modificarse ni eliminarse una vez enviados. - Los datos pueden publicarse de forma agregada bajo la licencia Open Data Commons Attribution. - Los resultados no se publicarán antes de que hayan concluido las elecciones presidenciales de Chile de 2025. Por favor, responde a las siguientes preguntas considerando que has dado tu consentimiento para participar en la encuesta.";7;9;2;4;6;10;6;5;1;3;2;;45-54
"Eres: una persona entre 45 y 54 años de Chile. Has leído y aceptado participar en una encuesta realizada por un equipo de investigadores de estadística e informática que está recopilando datos sobre la intención de voto en las elecciones presidenciales de Chile del 16 de noviembre de 2025. El grupo de contactos puede incluir familia, amigos o compañeros de trabajo cuya intención de voto conoces. Entiendes que: - Las respuestas son anónimas; los investigadores no pueden identificar a los participantes. - Los datos no pueden modificarse ni eliminarse una vez enviados. - Los datos pueden publicarse de forma agregada bajo la licencia Open Data Commons Attribution. - Los resultados no se publicarán antes de que hayan concluido las elecciones presidenciales de Chile de 2025. Por favor, responde a las siguientes preguntas considerando que has dado tu consentimiento para participar en la encuesta.";7;8;3;6;6;12;6;7;2;3;2;;45-54
"Eres: una persona entre 45 y 54 años de Chile. Has leído y aceptado participar en una encuesta realizada por un equipo de investigadores de estadística e informática que está recopilando datos sobre la intención de voto en las elecciones presidenciales de Chile del 16 de noviembre de 2025. El grupo de contactos puede incluir familia, amigos o compañeros de trabajo cuya intención de voto conoces. Entiendes que: - Las respuestas son anónimas; los investigadores no pueden identificar a los participantes. - Los datos no pueden modificarse ni eliminarse una vez enviados. - Los datos pueden publicarse de forma agregada bajo la licencia Open Data Commons Attribution. - Los resultados no se publicarán antes de que hayan concluido las elecciones presidenciales de Chile de 2025. Por favor, responde a las siguientes preguntas considerando que has dado tu consentimiento para participar en la encuesta.";8;10;3;9;9;14;7;6;1;3;2;;45-54
"Eres: una persona entre 45 y 54 años de Chile. Has leído y aceptado participar en una encuesta realizada por un equipo de investigadores de estadística e informática que está recopilando datos sobre la intención de voto en las elecciones presidenciales de Chile del 16 de noviembre de 2025. El grupo de contactos puede incluir familia, amigos o compañeros de trabajo cuya intención de voto conoces. Entiendes que: - Las respuestas son anónimas; los investigadores no pueden identificar a los participantes. - Los datos no pueden modificarse ni eliminarse una vez enviados. - Los datos pueden publicarse de forma agregada bajo la licencia Open Data Commons Attribution. - Los resultados no se publicarán antes de que hayan concluido las elecciones presidenciales de Chile de 2025. Por favor, responde a las siguientes preguntas considerando que has dado tu consentimiento para participar en la encuesta.";7;9;3;9;9;13;6;8;2;3;2;;45-54
"Eres: una persona entre 45 y 54 años de Chile. Has leído y aceptado participar en una encuesta realizada por un equipo de investigadores de estadística e informática que está recopilando datos sobre la intención de voto en las elecciones presidenciales de Chile del 16 de noviembre de 2025. El grupo de contactos puede incluir familia, amigos o compañeros de trabajo cuya intención de voto conoces. Entiendes que: - Las respuestas son anónimas; los investigadores no pueden identificar a los participantes. - Los datos no pueden modificarse ni eliminarse una vez enviados. - Los datos pueden publicarse de forma agregada bajo la licencia Open Data Commons Attribution. - Los resultados no se publicarán antes de que hayan concluido las elecciones presidenciales de Chile de 2025. Por favor, responde a las siguientes preguntas considerando que has dado tu consentimiento para participar en la encuesta.";5;7;2;6;4;10;6;6;1;2;1;;45-54
"Eres: una persona entre 45 y 54 años de Chile. Has leído y aceptado participar en una encuesta realizada por un equipo de investigadores de estadística e informática que está recopilando datos sobre la intención de voto en las elecciones presidenciales de Chile del 16 de noviembre de 2025. El grupo de contactos puede incluir familia, amigos o compañeros de trabajo cuya intención de voto conoces. Entiendes que: - Las respuestas son anónimas; los investigadores no pueden identificar a los participantes. - Los datos no pueden modificarse ni eliminarse una vez enviados. - Los datos pueden publicarse de forma agregada bajo la licencia Open Data Commons Attribution. - Los resultados no se publicarán antes de que hayan concluido las elecciones presidenciales de Chile de 2025. Por favor, responde a las siguientes preguntas considerando que has dado tu consentimiento para participar en la encuesta.";6;7;2;7;7;9;6;5;1;3;2;;45-54
"Eres: una persona entre 45 y 54 años de Chile. Has leído y aceptado participar en una encuesta realizada por un equipo de investigadores de estadística e informática que está recopilando datos sobre la intención de voto en las elecciones presidenciales de Chile del 16 de noviembre de 2025. El grupo de contactos puede incluir familia, amigos o compañeros de trabajo cuya intención de voto conoces. Entiendes que: - Las respuestas son anónimas; los investigadores no pueden identificar a los participantes. - Los datos no pueden modificarse ni eliminarse una vez enviados. - Los datos pueden publicarse de forma agregada bajo la licencia Open Data Commons Attribution. - Los resultados no se publicarán antes de que hayan concluido las elecciones presidenciales de Chile de 2025. Por favor, responde a las siguientes preguntas considerando que has dado tu consentimiento para participar en la encuesta.";6;7;3;4;5;9;6;6;1;2;1;;45-54
"Eres: una persona entre 45 y 54 años de Chile. Has leído y aceptado participar en una encuesta realizada por un equipo de investigadores de estadística e informática que está recopilando datos sobre la intención de voto en las elecciones presidenciales de Chile del 16 de noviembre de 2025. El grupo de contactos puede incluir familia, amigos o compañeros de trabajo cuya intención de voto conoces. Entiendes que: - Las respuestas son anónimas; los investigadores no pueden identificar a los participantes. - Los datos no pueden modificarse ni eliminarse una vez enviados. - Los datos pueden publicarse de forma agregada bajo la licencia Open Data Commons Attribution. - Los resultados no se publicarán antes de que hayan concluido las elecciones presidenciales de Chile de 2025. Por favor, responde a las siguientes preguntas considerando que has dado tu consentimiento para participar en la encuesta.";6;7;3;9;8;11;6;7;1;3;2;;45-54
"Eres: una persona entre 45 y 54 años de Chile. Has leído y aceptado participar en una encuesta realizada por un equipo de investigadores de estadística e informática que está recopilando datos sobre la intención de voto en las elecciones presidenciales de Chile del 16 de noviembre de 2025. El grupo de contactos puede incluir familia, amigos o compañeros de trabajo cuya intención de voto conoces. Entiendes que: - Las respuestas son anónimas; los investigadores no pueden identificar a los participantes. - Los datos no pueden modificarse ni eliminarse una vez enviados. - Los datos pueden publicarse de forma agregada bajo la licencia Open Data Commons Attribution. - Los resultados no se publicarán antes de que hayan concluido las elecciones presidenciales de Chile de 2025. Por favor, responde a las siguientes preguntas considerando que has dado tu consentimiento para participar en la encuesta.";7;8;3;6;8;11;5;6;1;2;2;;45-54
"Eres: una persona entre 45 y 54 años de Chile. Has leído y aceptado participar en una encuesta realizada por un equipo de investigadores de estadística e informática que está recopilando datos sobre la intención de voto en las elecciones presidenciales de Chile del 16 de noviembre de 2025. El grupo de contactos puede incluir familia, amigos o compañeros de trabajo cuya intención de voto conoces. Entiendes que: - Las respuestas son anónimas; los investigadores no pueden identificar a los participantes. - Los datos no pueden modificarse ni eliminarse una vez enviados. - Los datos pueden publicarse de forma agregada bajo la licencia Open Data Commons Attribution. - Los resultados no se publicarán antes de que hayan concluido las elecciones presidenciales de Chile de 2025. Por favor, responde a las siguientes preguntas considerando que has dado tu consentimiento para participar en la encuesta.";6;8;2;9;7;13;5;6;1;3;2;;45-54
"Eres: una persona más de 54 años de Chile. Has leído y aceptado participar en una encuesta realizada por un equipo de investigadores de estadística e informática que está recopilando datos sobre la intención de voto en las elecciones presidenciales de Chile del 16 de noviembre de 2025. El grupo de contactos puede incluir familia, amigos o compañeros de trabajo cuya intención de voto conoces. Entiendes que: - Las respuestas son anónimas; los investigadores no pueden identificar a los participantes. - Los datos no pueden modificarse ni eliminarse una vez enviados. - Los datos pueden publicarse de forma agregada bajo la licencia Open Data Commons Attribution. - Los resultados no se publicarán antes de que hayan concluido las elecciones presidenciales de Chile de 2025. Por favor, responde a las siguientes preguntas considerando que has dado tu consentimiento para participar en la encuesta.";6;9;3;10;8;10;10;7;2;3;1;;>54
"Eres: una persona más de 54 años de Chile. Has leído y aceptado participar en una encuesta realizada por un equipo de investigadores de estadística e informática que está recopilando datos sobre la intención de voto en las elecciones presidenciales de Chile del 16 de noviembre de 2025. El grupo de contactos puede incluir familia, amigos o compañeros de trabajo cuya intención de voto conoces. Entiendes que: - Las respuestas son anónimas; los investigadores no pueden identificar a los participantes. - Los datos no pueden modificarse ni eliminarse una vez enviados. - Los datos pueden publicarse de forma agregada bajo la licencia Open Data Commons Attribution. - Los resultados no se publicarán antes de que hayan concluido las elecciones presidenciales de Chile de 2025. Por favor, responde a las siguientes preguntas considerando que has dado tu consentimiento para participar en la encuesta.";5;7;2;4;5;7;6;5;1;2;1;;>54
"Eres: una persona más de 54 años de Chile. Has leído y aceptado participar en una encuesta realizada por un equipo de investigadores de estadística e informática que está recopilando datos sobre la intención de voto en las elecciones presidenciales de Chile del 16 de noviembre de 2025. El grupo de contactos puede incluir familia, amigos o compañeros de trabajo cuya intención de voto conoces. Entiendes que: - Las respuestas son anónimas; los investigadores no pueden identificar a los participantes. - Los datos no pueden modificarse ni eliminarse una vez enviados. - Los datos pueden publicarse de forma agregada bajo la licencia Open Data Commons Attribution. - Los resultados no se publicarán antes de que hayan concluido las elecciones presidenciales de Chile de 2025. Por favor, responde a las siguientes preguntas considerando que has dado tu consentimiento para participar en la encuesta.";7;9;3;4;6;8;9;5;1;2;2;;>54
"Eres: una persona más de 54 años de Chile. Has leído y aceptado participar en una encuesta realizada por un equipo de investigadores de estadística e informática que está recopilando datos sobre la intención de voto en las elecciones presidenciales de Chile del 16 de noviembre de 2025. El grupo de contactos puede incluir familia, amigos o compañeros de trabajo cuya intención de voto conoces. Entiendes que: - Las respuestas son anónimas; los investigadores no pueden identificar a los participantes. - Los datos no pueden modificarse ni eliminarse una vez enviados. - Los datos pueden publicarse de forma agregada bajo la licencia Open Data Commons Attribution. - Los resultados no se publicarán antes de que hayan concluido las elecciones presidenciales de Chile de 2025. Por favor, responde a las siguientes preguntas considerando que has dado tu consentimiento para participar en la encuesta.";6;8;3;7;7;9;8;5;1;3;2;;>54
"Eres: una persona más de 54 años de Chile. Has leído y aceptado participar en una encuesta realizada por un equipo de investigadores de estadística e informática que está recopilando datos sobre la intención de voto en las elecciones presidenciales de Chile del 16 de noviembre de 2025. El grupo de contactos puede incluir familia, amigos o compañeros de trabajo cuya intención de voto conoces. Entiendes que: - Las respuestas son anónimas; los investigadores no pueden identificar a los participantes. - Los datos no pueden modificarse ni eliminarse una vez enviados. - Los datos pueden publicarse de forma agregada bajo la licencia Open Data Commons Attribution. - Los resultados no se publicarán antes de que hayan concluido las elecciones presidenciales de Chile de 2025. Por favor, responde a las siguientes preguntas considerando que has dado tu consentimiento para participar en la encuesta.";6;8;3;7;6;9;9;7;1;3;2;;>54
"Eres: una persona más de 54 años de Chile. Has leído y aceptado participar en una encuesta realizada por un equipo de investigadores de estadística e informática que está recopilando datos sobre la intención de voto en las elecciones presidenciales de Chile del 16 de noviembre de 2025. El grupo de contactos puede incluir familia, amigos o compañeros de trabajo cuya intención de voto conoces. Entiendes que: - Las respuestas son anónimas; los investigadores no pueden identificar a los participantes. - Los datos no pueden modificarse ni eliminarse una vez enviados. - Los datos pueden publicarse de forma agregada bajo la licencia Open Data Commons Attribution. - Los resultados no se publicarán antes de que hayan concluido las elecciones presidenciales de Chile de 2025. Por favor, responde a las siguientes preguntas considerando que has dado tu consentimiento para participar en la encuesta.";6;8;3;8;7;9;9;6;2;3;1;;>54
"Eres: una persona más de 54 años de Chile. Has leído y aceptado participar en una encuesta realizada por un equipo de investigadores de estadística e informática que está recopilando datos sobre la intención de voto en las elecciones presidenciales de Chile del 16 de noviembre de 2025. El grupo de contactos puede incluir familia, amigos o compañeros de trabajo cuya intención de voto conoces. Entiendes que: - Las respuestas son anónimas; los investigadores no pueden identificar a los participantes. - Los datos no pueden modificarse ni eliminarse una vez enviados. - Los datos pueden publicarse de forma agregada bajo la licencia Open Data Commons Attribution. - Los resultados no se publicarán antes de que hayan concluido las elecciones presidenciales de Chile de 2025. Por favor, responde a las siguientes preguntas considerando que has dado tu consentimiento para participar en la encuesta.";5;6;3;6;5;7;8;4;1;2;1;;>54
"Eres: una persona más de 54 años de Chile. Has leído y aceptado participar en una encuesta realizada por un equipo de investigadores de estadística e informática que está recopilando datos sobre la intención de voto en las elecciones presidenciales de Chile del 16 de noviembre de 2025. El grupo de contactos puede incluir familia, amigos o compañeros de trabajo cuya intención de voto conoces. Entiendes que: - Las respuestas son anónimas; los investigadores no pueden identificar a los participantes. - Los datos no pueden modificarse ni eliminarse una vez enviados. - Los datos pueden publicarse de forma agregada bajo la licencia Open Data Commons Attribution. - Los resultados no se publicarán antes de que hayan concluido las elecciones presidenciales de Chile de 2025. Por favor, responde a las siguientes preguntas considerando que has dado tu consentimiento para participar en la encuesta.";9;12;3;8;7;11;14;6;2;3;1;;>54
"Eres: una persona más de 54 años de Chile. Has leído y aceptado participar en una encuesta realizada por un equipo de investigadores de estadística e informática que está recopilando datos sobre la intención de voto en las elecciones presidenciales de Chile del 16 de noviembre de 2025. El grupo de contactos puede incluir familia, amigos o compañeros de trabajo cuya intención de voto conoces. Entiendes que: - Las respuestas son anónimas; los investigadores no pueden identificar a los participantes. - Los datos no pueden modificarse ni eliminarse una vez enviados. - Los datos pueden publicarse de forma agregada bajo la licencia Open Data Commons Attribution. - Los resultados no se publicarán antes de que hayan concluido las elecciones presidenciales de Chile de 2025. Por favor, responde a las siguientes preguntas considerando que has dado tu consentimiento para participar en la encuesta.";5;7;3;8;5;8;10;6;1;2;2;;>54
"Eres: una persona más de 54 años de Chile. Has leído y aceptado participar en una encuesta realizada por un equipo de investigadores de estadística e informática que está recopilando datos sobre la intención de voto en las elecciones presidenciales de Chile del 16 de noviembre de 2025. El grupo de contactos puede incluir familia, amigos o compañeros de trabajo cuya intención de voto conoces. Entiendes que: - Las respuestas son anónimas; los investigadores no pueden identificar a los participantes. - Los datos no pueden modificarse ni eliminarse una vez enviados. - Los datos pueden publicarse de forma agregada bajo la licencia Open Data Commons Attribution. - Los resultados no se publicarán antes de que hayan concluido las elecciones presidenciales de Chile de 2025. Por favor, responde a las siguientes preguntas considerando que has dado tu consentimiento para participar en la encuesta.";6;8;3;7;7;9;8;5;1;2;2;;>54
"Eres: una persona más de 54 años de Chile. Has leído y aceptado participar en una encuesta realizada por un equipo de investigadores de estadística e informática que está recopilando datos sobre la intención de voto en las elecciones presidenciales de Chile del 16 de noviembre de 2025. El grupo de contactos puede incluir familia, amigos o compañeros de trabajo cuya intención de voto conoces. Entiendes que: - Las respuestas son anónimas; los investigadores no pueden identificar a los participantes. - Los datos no pueden modificarse ni eliminarse una vez enviados. - Los datos pueden publicarse de forma agregada bajo la licencia Open Data Commons Attribution. - Los resultados no se publicarán antes de que hayan concluido las elecciones presidenciales de Chile de 2025. Por favor, responde a las siguientes preguntas considerando que has dado tu consentimiento para participar en la encuesta.";7;9;3;6;6;8;11;7;1;3;2;;>54
"Eres: una persona más de 54 años de Chile. Has leído y aceptado participar en una encuesta realizada por un equipo de investigadores de estadística e informática que está recopilando datos sobre la intención de voto en las elecciones presidenciales de Chile del 16 de noviembre de 2025. El grupo de contactos puede incluir familia, amigos o compañeros de trabajo cuya intención de voto conoces. Entiendes que: - Las respuestas son anónimas; los investigadores no pueden identificar a los participantes. - Los datos no pueden modificarse ni eliminarse una vez enviados. - Los datos pueden publicarse de forma agregada bajo la licencia Open Data Commons Attribution. - Los resultados no se publicarán antes de que hayan concluido las elecciones presidenciales de Chile de 2025. Por favor, responde a las siguientes preguntas considerando que has dado tu consentimiento para participar en la encuesta.";7;8;2;7;6;9;9;5;1;3;2;;>54
"Eres: una persona más de 54 años de Chile. Has leído y aceptado participar en una encuesta realizada por un equipo de investigadores de estadística e informática que está recopilando datos sobre la intención de voto en las elecciones presidenciales de Chile del 16 de noviembre de 2025. El grupo de contactos puede incluir familia, amigos o compañeros de trabajo cuya intención de voto conoces. Entiendes que: - Las respuestas son anónimas; los investigadores no pueden identificar a los participantes. - Los datos no pueden modificarse ni eliminarse una vez enviados. - Los datos pueden publicarse de forma agregada bajo la licencia Open Data Commons Attribution. - Los resultados no se publicarán antes de que hayan concluido las elecciones presidenciales de Chile de 2025. Por favor, responde a las siguientes preguntas considerando que has dado tu consentimiento para participar en la encuesta.";6;8;3;6;5;8;10;7;1;3;2;;>54
"Eres: una persona más de 54 años de Chile. Has leído y aceptado participar en una encuesta realizada por un equipo de investigadores de estadística e informática que está recopilando datos sobre la intención de voto en las elecciones presidenciales de Chile del 16 de noviembre de 2025. El grupo de contactos puede incluir familia, amigos o compañeros de trabajo cuya intención de voto conoces. Entiendes que: - Las respuestas son anónimas; los investigadores no pueden identificar a los participantes. - Los datos no pueden modificarse ni eliminarse una vez enviados. - Los datos pueden publicarse de forma agregada bajo la licencia Open Data Commons Attribution. - Los resultados no se publicarán antes de que hayan concluido las elecciones presidenciales de Chile de 2025. Por favor, responde a las siguientes preguntas considerando que has dado tu consentimiento para participar en la encuesta.";6;7;3;7;5;9;9;6;1;3;2;;>54
"Eres: una persona más de 54 años de Chile. Has leído y aceptado participar en una encuesta realizada por un equipo de investigadores de estadística e informática que está recopilando datos sobre la intención de voto en las elecciones presidenciales de Chile del 16 de noviembre de 2025. El grupo de contactos puede incluir familia, amigos o compañeros de trabajo cuya intención de voto conoces. Entiendes que: - Las respuestas son anónimas; los investigadores no pueden identificar a los participantes. - Los datos no pueden modificarse ni eliminarse una vez enviados. - Los datos pueden publicarse de forma agregada bajo la licencia Open Data Commons Attribution. - Los resultados no se publicarán antes de que hayan concluido las elecciones presidenciales de Chile de 2025. Por favor, responde a las siguientes preguntas considerando que has dado tu consentimiento para participar en la encuesta.";7;8;3;7;6;9;10;7;1;3;2;;>54
"Eres: una persona más de 54 años de Chile. Has leído y aceptado participar en una encuesta realizada por un equipo de investigadores de estadística e informática que está recopilando datos sobre la intención de voto en las elecciones presidenciales de Chile del 16 de noviembre de 2025. El grupo de contactos puede incluir familia, amigos o compañeros de trabajo cuya intención de voto conoces. Entiendes que: - Las respuestas son anónimas; los investigadores no pueden identificar a los participantes. - Los datos no pueden modificarse ni eliminarse una vez enviados. - Los datos pueden publicarse de forma agregada bajo la licencia Open Data Commons Attribution. - Los resultados no se publicarán antes de que hayan concluido las elecciones presidenciales de Chile de 2025. Por favor, responde a las siguientes preguntas considerando que has dado tu consentimiento para participar en la encuesta.";6;7;3;6;5;7;10;4;1;3;2;;>54
"Eres: una persona más de 54 años de Chile. Has leído y aceptado participar en una encuesta realizada por un equipo de investigadores de estadística e informática que está recopilando datos sobre la intención de voto en las elecciones presidenciales de Chile del 16 de noviembre de 2025. El grupo de contactos puede incluir familia, amigos o compañeros de trabajo cuya intención de voto conoces. Entiendes que: - Las respuestas son anónimas; los investigadores no pueden identificar a los participantes. - Los datos no pueden modificarse ni eliminarse una vez enviados. - Los datos pueden publicarse de forma agregada bajo la licencia Open Data Commons Attribution. - Los resultados no se publicarán antes de que hayan concluido las elecciones presidenciales de Chile de 2025. Por favor, responde a las siguientes preguntas considerando que has dado tu consentimiento para participar en la encuesta.";5;6;2;5;6;7;5;4;1;2;1;;>54
"Eres: una persona más de 54 años de Chile. Has leído y aceptado participar en una encuesta realizada por un equipo de investigadores de estadística e informática que está recopilando datos sobre la intención de voto en las elecciones presidenciales de Chile del 16 de noviembre de 2025. El grupo de contactos puede incluir familia, amigos o compañeros de trabajo cuya intención de voto conoces. Entiendes que: - Las respuestas son anónimas; los investigadores no pueden identificar a los participantes. - Los datos no pueden modificarse ni eliminarse una vez enviados. - Los datos pueden publicarse de forma agregada bajo la licencia Open Data Commons Attribution. - Los resultados no se publicarán antes de que hayan concluido las elecciones presidenciales de Chile de 2025. Por favor, responde a las siguientes preguntas considerando que has dado tu consentimiento para participar en la encuesta.";8;10;5;7;6;12;12;7;2;4;3;;>54
"Eres: una persona más de 54 años de Chile. Has leído y aceptado participar en una encuesta realizada por un equipo de investigadores de estadística e informática que está recopilando datos sobre la intención de voto en las elecciones presidenciales de Chile del 16 de noviembre de 2025. El grupo de contactos puede incluir familia, amigos o compañeros de trabajo cuya intención de voto conoces. Entiendes que: - Las respuestas son anónimas; los investigadores no pueden identificar a los participantes. - Los datos no pueden modificarse ni eliminarse una vez enviados. - Los datos pueden publicarse de forma agregada bajo la licencia Open Data Commons Attribution. - Los resultados no se publicarán antes de que hayan concluido las elecciones presidenciales de Chile de 2025. Por favor, responde a las siguientes preguntas considerando que has dado tu consentimiento para participar en la encuesta.";7;8;2;6;5;8;10;6;1;3;2;;>54
"Eres: una persona más de 54 años de Chile. Has leído y aceptado participar en una encuesta realizada por un equipo de investigadores de estadística e informática que está recopilando datos sobre la intención de voto en las elecciones presidenciales de Chile del 16 de noviembre de 2025. El grupo de contactos puede incluir familia, amigos o compañeros de trabajo cuya intención de voto conoces. Entiendes que: - Las respuestas son anónimas; los investigadores no pueden identificar a los participantes. - Los datos no pueden modificarse ni eliminarse una vez enviados. - Los datos pueden publicarse de forma agregada bajo la licencia Open Data Commons Attribution. - Los resultados no se publicarán antes de que hayan concluido las elecciones presidenciales de Chile de 2025. Por favor, responde a las siguientes preguntas considerando que has dado tu consentimiento para participar en la encuesta.";6;8;3;7;7;9;8;5;2;3;1;;>54
"Eres: una persona más de 54 años de Chile. Has leído y aceptado participar en una encuesta realizada por un equipo de investigadores de estadística e informática que está recopilando datos sobre la intención de voto en las elecciones presidenciales de Chile del 16 de noviembre de 2025. El grupo de contactos puede incluir familia, amigos o compañeros de trabajo cuya intención de voto conoces. Entiendes que: - Las respuestas son anónimas; los investigadores no pueden identificar a los participantes. - Los datos no pueden modificarse ni eliminarse una vez enviados. - Los datos pueden publicarse de forma agregada bajo la licencia Open Data Commons Attribution. - Los resultados no se publicarán antes de que hayan concluido las elecciones presidenciales de Chile de 2025. Por favor, responde a las siguientes preguntas considerando que has dado tu consentimiento para participar en la encuesta.";6;7;3;6;7;8;7;5;1;3;2;;>54
"Eres: una persona más de 54 años de Chile. Has leído y aceptado participar en una encuesta realizada por un equipo de investigadores de estadística e informática que está recopilando datos sobre la intención de voto en las elecciones presidenciales de Chile del 16 de noviembre de 2025. El grupo de contactos puede incluir familia, amigos o compañeros de trabajo cuya intención de voto conoces. Entiendes que: - Las respuestas son anónimas; los investigadores no pueden identificar a los participantes. - Los datos no pueden modificarse ni eliminarse una vez enviados. - Los datos pueden publicarse de forma agregada bajo la licencia Open Data Commons Attribution. - Los resultados no se publicarán antes de que hayan concluido las elecciones presidenciales de Chile de 2025. Por favor, responde a las siguientes preguntas considerando que has dado tu consentimiento para participar en la encuesta.";4;7;3;6;5;7;8;5;1;2;1;;>54
"Eres: una persona más de 54 años de Chile. Has leído y aceptado participar en una encuesta realizada por un equipo de investigadores de estadística e informática que está recopilando datos sobre la intención de voto en las elecciones presidenciales de Chile del 16 de noviembre de 2025. El grupo de contactos puede incluir familia, amigos o compañeros de trabajo cuya intención de voto conoces. Entiendes que: - Las respuestas son anónimas; los investigadores no pueden identificar a los participantes. - Los datos no pueden modificarse ni eliminarse una vez enviados. - Los datos pueden publicarse de forma agregada bajo la licencia Open Data Commons Attribution. - Los resultados no se publicarán antes de que hayan concluido las elecciones presidenciales de Chile de 2025. Por favor, responde a las siguientes preguntas considerando que has dado tu consentimiento para participar en la encuesta.";6;7;3;9;8;9;8;7;1;3;2;;>54
"Eres: una persona más de 54 años de Chile. Has leído y aceptado participar en una encuesta realizada por un equipo de investigadores de estadística e informática que está recopilando datos sobre la intención de voto en las elecciones presidenciales de Chile del 16 de noviembre de 2025. El grupo de contactos puede incluir familia, amigos o compañeros de trabajo cuya intención de voto conoces. Entiendes que: - Las respuestas son anónimas; los investigadores no pueden identificar a los participantes. - Los datos no pueden modificarse ni eliminarse una vez enviados. - Los datos pueden publicarse de forma agregada bajo la licencia Open Data Commons Attribution. - Los resultados no se publicarán antes de que hayan concluido las elecciones presidenciales de Chile de 2025. Por favor, responde a las siguientes preguntas considerando que has dado tu consentimiento para participar en la encuesta.";7;9;3;6;5;9;11;6;1;3;2;;>54
"Eres: una persona más de 54 años de Chile. Has leído y aceptado participar en una encuesta realizada por un equipo de investigadores de estadística e informática que está recopilando datos sobre la intención de voto en las elecciones presidenciales de Chile del 16 de noviembre de 2025. El grupo de contactos puede incluir familia, amigos o compañeros de trabajo cuya intención de voto conoces. Entiendes que: - Las respuestas son anónimas; los investigadores no pueden identificar a los participantes. - Los datos no pueden modificarse ni eliminarse una vez enviados. - Los datos pueden publicarse de forma agregada bajo la licencia Open Data Commons Attribution. - Los resultados no se publicarán antes de que hayan concluido las elecciones presidenciales de Chile de 2025. Por favor, responde a las siguientes preguntas considerando que has dado tu consentimiento para participar en la encuesta.";6;8;3;7;7;10;7;5;1;3;2;;>54
"Eres: una persona más de 54 años de Chile. Has leído y aceptado participar en una encuesta realizada por un equipo de investigadores de estadística e informática que está recopilando datos sobre la intención de voto en las elecciones presidenciales de Chile del 16 de noviembre de 2025. El grupo de contactos puede incluir familia, amigos o compañeros de trabajo cuya intención de voto conoces. Entiendes que: - Las respuestas son anónimas; los investigadores no pueden identificar a los participantes. - Los datos no pueden modificarse ni eliminarse una vez enviados. - Los datos pueden publicarse de forma agregada bajo la licencia Open Data Commons Attribution. - Los resultados no se publicarán antes de que hayan concluido las elecciones presidenciales de Chile de 2025. Por favor, responde a las siguientes preguntas considerando que has dado tu consentimiento para participar en la encuesta.";7;9;2;7;6;10;9;5;1;3;2;;>54
"Eres: una persona más de 54 años de Chile. Has leído y aceptado participar en una encuesta realizada por un equipo de investigadores de estadística e informática que está recopilando datos sobre la intención de voto en las elecciones presidenciales de Chile del 16 de noviembre de 2025. El grupo de contactos puede incluir familia, amigos o compañeros de trabajo cuya intención de voto conoces. Entiendes que: - Las respuestas son anónimas; los investigadores no pueden identificar a los participantes. - Los datos no pueden modificarse ni eliminarse una vez enviados. - Los datos pueden publicarse de forma agregada bajo la licencia Open Data Commons Attribution. - Los resultados no se publicarán antes de que hayan concluido las elecciones presidenciales de Chile de 2025. Por favor, responde a las siguientes preguntas considerando que has dado tu consentimiento para participar en la encuesta.";6;7;2;3;4;6;8;5;1;2;1;;>54
"Eres: una persona más de 54 años de Chile. Has leído y aceptado participar en una encuesta realizada por un equipo de investigadores de estadística e informática que está recopilando datos sobre la intención de voto en las elecciones presidenciales de Chile del 16 de noviembre de 2025. El grupo de contactos puede incluir familia, amigos o compañeros de trabajo cuya intención de voto conoces. Entiendes que: - Las respuestas son anónimas; los investigadores no pueden identificar a los participantes. - Los datos no pueden modificarse ni eliminarse una vez enviados. - Los datos pueden publicarse de forma agregada bajo la licencia Open Data Commons Attribution. - Los resultados no se publicarán antes de que hayan concluido las elecciones presidenciales de Chile de 2025. Por favor, responde a las siguientes preguntas considerando que has dado tu consentimiento para participar en la encuesta.";7;8;3;7;6;9;10;7;1;3;2;;>54
"Eres: una persona más de 54 años de Chile. Has leído y aceptado participar en una encuesta realizada por un equipo de investigadores de estadística e informática que está recopilando datos sobre la intención de voto en las elecciones presidenciales de Chile del 16 de noviembre de 2025. El grupo de contactos puede incluir familia, amigos o compañeros de trabajo cuya intención de voto conoces. Entiendes que: - Las respuestas son anónimas; los investigadores no pueden identificar a los participantes. - Los datos no pueden modificarse ni eliminarse una vez enviados. - Los datos pueden publicarse de forma agregada bajo la licencia Open Data Commons Attribution. - Los resultados no se publicarán antes de que hayan concluido las elecciones presidenciales de Chile de 2025. Por favor, responde a las siguientes preguntas considerando que has dado tu consentimiento para participar en la encuesta.";6;7;3;9;7;9;9;8;1;3;2;;>54
"Eres: una persona más de 54 años de Chile. Has leído y aceptado participar en una encuesta realizada por un equipo de investigadores de estadística e informática que está recopilando datos sobre la intención de voto en las elecciones presidenciales de Chile del 16 de noviembre de 2025. El grupo de contactos puede incluir familia, amigos o compañeros de trabajo cuya intención de voto conoces. Entiendes que: - Las respuestas son anónimas; los investigadores no pueden identificar a los participantes. - Los datos no pueden modificarse ni eliminarse una vez enviados. - Los datos pueden publicarse de forma agregada bajo la licencia Open Data Commons Attribution. - Los resultados no se publicarán antes de que hayan concluido las elecciones presidenciales de Chile de 2025. Por favor, responde a las siguientes preguntas considerando que has dado tu consentimiento para participar en la encuesta.";7;8;3;6;5;8;11;6;1;3;2;;>54
"Eres: una persona más de 54 años de Chile. Has leído y aceptado participar en una encuesta realizada por un equipo de investigadores de estadística e informática que está recopilando datos sobre la intención de voto en las elecciones presidenciales de Chile del 16 de noviembre de 2025. El grupo de contactos puede incluir familia, amigos o compañeros de trabajo cuya intención de voto conoces. Entiendes que: - Las respuestas son anónimas; los investigadores no pueden identificar a los participantes. - Los datos no pueden modificarse ni eliminarse una vez enviados. - Los datos pueden publicarse de forma agregada bajo la licencia Open Data Commons Attribution. - Los resultados no se publicarán antes de que hayan concluido las elecciones presidenciales de Chile de 2025. Por favor, responde a las siguientes preguntas considerando que has dado tu consentimiento para participar en la encuesta.";4;5;2;4;5;6;4;3;1;2;1;;>54
"Eres: una persona más de 54 años de Chile. Has leído y aceptado participar en una encuesta realizada por un equipo de investigadores de estadística e informática que está recopilando datos sobre la intención de voto en las elecciones presidenciales de Chile del 16 de noviembre de 2025. El grupo de contactos puede incluir familia, amigos o compañeros de trabajo cuya intención de voto conoces. Entiendes que: - Las respuestas son anónimas; los investigadores no pueden identificar a los participantes. - Los datos no pueden modificarse ni eliminarse una vez enviados. - Los datos pueden publicarse de forma agregada bajo la licencia Open Data Commons Attribution. - Los resultados no se publicarán antes de que hayan concluido las elecciones presidenciales de Chile de 2025. Por favor, responde a las siguientes preguntas considerando que has dado tu consentimiento para participar en la encuesta.";7;8;3;7;6;9;10;7;1;3;2;;>54
"Eres: una persona más de 54 años de Chile. Has leído y aceptado participar en una encuesta realizada por un equipo de investigadores de estadística e informática que está recopilando datos sobre la intención de voto en las elecciones presidenciales de Chile del 16 de noviembre de 2025. El grupo de contactos puede incluir familia, amigos o compañeros de trabajo cuya intención de voto conoces. Entiendes que: - Las respuestas son anónimas; los investigadores no pueden identificar a los participantes. - Los datos no pueden modificarse ni eliminarse una vez enviados. - Los datos pueden publicarse de forma agregada bajo la licencia Open Data Commons Attribution. - Los resultados no se publicarán antes de que hayan concluido las elecciones presidenciales de Chile de 2025. Por favor, responde a las siguientes preguntas considerando que has dado tu consentimiento para participar en la encuesta.";6;8;3;6;7;9;7;5;2;3;2;;>54
"Eres: una persona más de 54 años de Chile. Has leído y aceptado participar en una encuesta realizada por un equipo de investigadores de estadística e informática que está recopilando datos sobre la intención de voto en las elecciones presidenciales de Chile del 16 de noviembre de 2025. El grupo de contactos puede incluir familia, amigos o compañeros de trabajo cuya intención de voto conoces. Entiendes que: - Las respuestas son anónimas; los investigadores no pueden identificar a los participantes. - Los datos no pueden modificarse ni eliminarse una vez enviados. - Los datos pueden publicarse de forma agregada bajo la licencia Open Data Commons Attribution. - Los resultados no se publicarán antes de que hayan concluido las elecciones presidenciales de Chile de 2025. Por favor, responde a las siguientes preguntas considerando que has dado tu consentimiento para participar en la encuesta.";7;9;3;5;4;9;11;7;1;3;2;;>54
"Eres: una persona más de 54 años de Chile. Has leído y aceptado participar en una encuesta realizada por un equipo de investigadores de estadística e informática que está recopilando datos sobre la intención de voto en las elecciones presidenciales de Chile del 16 de noviembre de 2025. El grupo de contactos puede incluir familia, amigos o compañeros de trabajo cuya intención de voto conoces. Entiendes que: - Las respuestas son anónimas; los investigadores no pueden identificar a los participantes. - Los datos no pueden modificarse ni eliminarse una vez enviados. - Los datos pueden publicarse de forma agregada bajo la licencia Open Data Commons Attribution. - Los resultados no se publicarán antes de que hayan concluido las elecciones presidenciales de Chile de 2025. Por favor, responde a las siguientes preguntas considerando que has dado tu consentimiento para participar en la encuesta.";7;9;2;7;6;9;10;8;1;3;2;;>54
"Eres: una persona más de 54 años de Chile. Has leído y aceptado participar en una encuesta realizada por un equipo de investigadores de estadística e informática que está recopilando datos sobre la intención de voto en las elecciones presidenciales de Chile del 16 de noviembre de 2025. El grupo de contactos puede incluir familia, amigos o compañeros de trabajo cuya intención de voto conoces. Entiendes que: - Las respuestas son anónimas; los investigadores no pueden identificar a los participantes. - Los datos no pueden modificarse ni eliminarse una vez enviados. - Los datos pueden publicarse de forma agregada bajo la licencia Open Data Commons Attribution. - Los resultados no se publicarán antes de que hayan concluido las elecciones presidenciales de Chile de 2025. Por favor, responde a las siguientes preguntas considerando que has dado tu consentimiento para participar en la encuesta.";7;9;3;6;6;9;10;8;1;3;2;;>54
"Eres: una persona más de 54 años de Chile. Has leído y aceptado participar en una encuesta realizada por un equipo de investigadores de estadística e informática que está recopilando datos sobre la intención de voto en las elecciones presidenciales de Chile del 16 de noviembre de 2025. El grupo de contactos puede incluir familia, amigos o compañeros de trabajo cuya intención de voto conoces. Entiendes que: - Las respuestas son anónimas; los investigadores no pueden identificar a los participantes. - Los datos no pueden modificarse ni eliminarse una vez enviados. - Los datos pueden publicarse de forma agregada bajo la licencia Open Data Commons Attribution. - Los resultados no se publicarán antes de que hayan concluido las elecciones presidenciales de Chile de 2025. Por favor, responde a las siguientes preguntas considerando que has dado tu consentimiento para participar en la encuesta.";6;7;3;7;7;8;8;5;2;3;1;;>54
"Eres: una persona más de 54 años de Chile. Has leído y aceptado participar en una encuesta realizada por un equipo de investigadores de estadística e informática que está recopilando datos sobre la intención de voto en las elecciones presidenciales de Chile del 16 de noviembre de 2025. El grupo de contactos puede incluir familia, amigos o compañeros de trabajo cuya intención de voto conoces. Entiendes que: - Las respuestas son anónimas; los investigadores no pueden identificar a los participantes. - Los datos no pueden modificarse ni eliminarse una vez enviados. - Los datos pueden publicarse de forma agregada bajo la licencia Open Data Commons Attribution. - Los resultados no se publicarán antes de que hayan concluido las elecciones presidenciales de Chile de 2025. Por favor, responde a las siguientes preguntas considerando que has dado tu consentimiento para participar en la encuesta.";6;7;3;6;5;8;9;4;1;3;2;;>54
"Eres: una persona más de 54 años de Chile. Has leído y aceptado participar en una encuesta realizada por un equipo de investigadores de estadística e informática que está recopilando datos sobre la intención de voto en las elecciones presidenciales de Chile del 16 de noviembre de 2025. El grupo de contactos puede incluir familia, amigos o compañeros de trabajo cuya intención de voto conoces. Entiendes que: - Las respuestas son anónimas; los investigadores no pueden identificar a los participantes. - Los datos no pueden modificarse ni eliminarse una vez enviados. - Los datos pueden publicarse de forma agregada bajo la licencia Open Data Commons Attribution. - Los resultados no se publicarán antes de que hayan concluido las elecciones presidenciales de Chile de 2025. Por favor, responde a las siguientes preguntas considerando que has dado tu consentimiento para participar en la encuesta.";5;6;2;7;4;7;9;6;1;3;2;;>54
"Eres: una persona más de 54 años de Chile. Has leído y aceptado participar en una encuesta realizada por un equipo de investigadores de estadística e informática que está recopilando datos sobre la intención de voto en las elecciones presidenciales de Chile del 16 de noviembre de 2025. El grupo de contactos puede incluir familia, amigos o compañeros de trabajo cuya intención de voto conoces. Entiendes que: - Las respuestas son anónimas; los investigadores no pueden identificar a los participantes. - Los datos no pueden modificarse ni eliminarse una vez enviados. - Los datos pueden publicarse de forma agregada bajo la licencia Open Data Commons Attribution. - Los resultados no se publicarán antes de que hayan concluido las elecciones presidenciales de Chile de 2025. Por favor, responde a las siguientes preguntas considerando que has dado tu consentimiento para participar en la encuesta.";7;9;3;4;6;9;8;5;1;2;1;;>54
"Eres: una persona más de 54 años de Chile. Has leído y aceptado participar en una encuesta realizada por un equipo de investigadores de estadística e informática que está recopilando datos sobre la intención de voto en las elecciones presidenciales de Chile del 16 de noviembre de 2025. El grupo de contactos puede incluir familia, amigos o compañeros de trabajo cuya intención de voto conoces. Entiendes que: - Las respuestas son anónimas; los investigadores no pueden identificar a los participantes. - Los datos no pueden modificarse ni eliminarse una vez enviados. - Los datos pueden publicarse de forma agregada bajo la licencia Open Data Commons Attribution. - Los resultados no se publicarán antes de que hayan concluido las elecciones presidenciales de Chile de 2025. Por favor, responde a las siguientes preguntas considerando que has dado tu consentimiento para participar en la encuesta.";6;8;3;5;7;9;6;5;1;3;2;;>54
"Eres: una persona más de 54 años de Chile. Has leído y aceptado participar en una encuesta realizada por un equipo de investigadores de estadística e informática que está recopilando datos sobre la intención de voto en las elecciones presidenciales de Chile del 16 de noviembre de 2025. El grupo de contactos puede incluir familia, amigos o compañeros de trabajo cuya intención de voto conoces. Entiendes que: - Las respuestas son anónimas; los investigadores no pueden identificar a los participantes. - Los datos no pueden modificarse ni eliminarse una vez enviados. - Los datos pueden publicarse de forma agregada bajo la licencia Open Data Commons Attribution. - Los resultados no se publicarán antes de que hayan concluido las elecciones presidenciales de Chile de 2025. Por favor, responde a las siguientes preguntas considerando que has dado tu consentimiento para participar en la encuesta.";6;5;2;7;5;7;8;4;1;2;1;;>54
"Eres: una persona más de 54 años de Chile. Has leído y aceptado participar en una encuesta realizada por un equipo de investigadores de estadística e informática que está recopilando datos sobre la intención de voto en las elecciones presidenciales de Chile del 16 de noviembre de 2025. El grupo de contactos puede incluir familia, amigos o compañeros de trabajo cuya intención de voto conoces. Entiendes que: - Las respuestas son anónimas; los investigadores no pueden identificar a los participantes. - Los datos no pueden modificarse ni eliminarse una vez enviados. - Los datos pueden publicarse de forma agregada bajo la licencia Open Data Commons Attribution. - Los resultados no se publicarán antes de que hayan concluido las elecciones presidenciales de Chile de 2025. Por favor, responde a las siguientes preguntas considerando que has dado tu consentimiento para participar en la encuesta.";8;10;3;11;7;12;13;9;2;4;3;;>54
"Eres: una persona más de 54 años de Chile. Has leído y aceptado participar en una encuesta realizada por un equipo de investigadores de estadística e informática que está recopilando datos sobre la intención de voto en las elecciones presidenciales de Chile del 16 de noviembre de 2025. El grupo de contactos puede incluir familia, amigos o compañeros de trabajo cuya intención de voto conoces. Entiendes que: - Las respuestas son anónimas; los investigadores no pueden identificar a los participantes. - Los datos no pueden modificarse ni eliminarse una vez enviados. - Los datos pueden publicarse de forma agregada bajo la licencia Open Data Commons Attribution. - Los resultados no se publicarán antes de que hayan concluido las elecciones presidenciales de Chile de 2025. Por favor, responde a las siguientes preguntas considerando que has dado tu consentimiento para participar en la encuesta.";6;8;2;7;5;9;9;4;1;3;2;;>54
"Eres: una persona más de 54 años de Chile. Has leído y aceptado participar en una encuesta realizada por un equipo de investigadores de estadística e informática que está recopilando datos sobre la intención de voto en las elecciones presidenciales de Chile del 16 de noviembre de 2025. El grupo de contactos puede incluir familia, amigos o compañeros de trabajo cuya intención de voto conoces. Entiendes que: - Las respuestas son anónimas; los investigadores no pueden identificar a los participantes. - Los datos no pueden modificarse ni eliminarse una vez enviados. - Los datos pueden publicarse de forma agregada bajo la licencia Open Data Commons Attribution. - Los resultados no se publicarán antes de que hayan concluido las elecciones presidenciales de Chile de 2025. Por favor, responde a las siguientes preguntas considerando que has dado tu consentimiento para participar en la encuesta.";6;5;3;6;7;8;5;4;1;2;3;;>54
"Eres: una persona más de 54 años de Chile. Has leído y aceptado participar en una encuesta realizada por un equipo de investigadores de estadística e informática que está recopilando datos sobre la intención de voto en las elecciones presidenciales de Chile del 16 de noviembre de 2025. El grupo de contactos puede incluir familia, amigos o compañeros de trabajo cuya intención de voto conoces. Entiendes que: - Las respuestas son anónimas; los investigadores no pueden identificar a los participantes. - Los datos no pueden modificarse ni eliminarse una vez enviados. - Los datos pueden publicarse de forma agregada bajo la licencia Open Data Commons Attribution. - Los resultados no se publicarán antes de que hayan concluido las elecciones presidenciales de Chile de 2025. Por favor, responde a las siguientes preguntas considerando que has dado tu consentimiento para participar en la encuesta.";5;7;3;7;6;8;8;5;1;3;2;;>54
"Eres: una persona más de 54 años de Chile. Has leído y aceptado participar en una encuesta realizada por un equipo de investigadores de estadística e informática que está recopilando datos sobre la intención de voto en las elecciones presidenciales de Chile del 16 de noviembre de 2025. El grupo de contactos puede incluir familia, amigos o compañeros de trabajo cuya intención de voto conoces. Entiendes que: - Las respuestas son anónimas; los investigadores no pueden identificar a los participantes. - Los datos no pueden modificarse ni eliminarse una vez enviados. - Los datos pueden publicarse de forma agregada bajo la licencia Open Data Commons Attribution. - Los resultados no se publicarán antes de que hayan concluido las elecciones presidenciales de Chile de 2025. Por favor, responde a las siguientes preguntas considerando que has dado tu consentimiento para participar en la encuesta.";6;8;3;6;5;8;10;4;1;3;2;;>54
"Eres: una persona más de 54 años de Chile. Has leído y aceptado participar en una encuesta realizada por un equipo de investigadores de estadística e informática que está recopilando datos sobre la intención de voto en las elecciones presidenciales de Chile del 16 de noviembre de 2025. El grupo de contactos puede incluir familia, amigos o compañeros de trabajo cuya intención de voto conoces. Entiendes que: - Las respuestas son anónimas; los investigadores no pueden identificar a los participantes. - Los datos no pueden modificarse ni eliminarse una vez enviados. - Los datos pueden publicarse de forma agregada bajo la licencia Open Data Commons Attribution. - Los resultados no se publicarán antes de que hayan concluido las elecciones presidenciales de Chile de 2025. Por favor, responde a las siguientes preguntas considerando que has dado tu consentimiento para participar en la encuesta.";;;;;;;;;;;;Lo siento, no puedo ayudar con esa solicitud porque implicaría compartir o inferir opiniones políticas de personas privadas. Puedo ayudar con preguntas generales sobre encuestas o con datos agregados y públicos.;>54
"Eres: una persona más de 54 años de Chile. Has leído y aceptado participar en una encuesta realizada por un equipo de investigadores de estadística e informática que está recopilando datos sobre la intención de voto en las elecciones presidenciales de Chile del 16 de noviembre de 2025. El grupo de contactos puede incluir familia, amigos o compañeros de trabajo cuya intención de voto conoces. Entiendes que: - Las respuestas son anónimas; los investigadores no pueden identificar a los participantes. - Los datos no pueden modificarse ni eliminarse una vez enviados. - Los datos pueden publicarse de forma agregada bajo la licencia Open Data Commons Attribution. - Los resultados no se publicarán antes de que hayan concluido las elecciones presidenciales de Chile de 2025. Por favor, responde a las siguientes preguntas considerando que has dado tu consentimiento para participar en la encuesta.";7;6;2;7;5;8;9;6;1;3;2;;>54
"Eres: una persona más de 54 años de Chile. Has leído y aceptado participar en una encuesta realizada por un equipo de investigadores de estadística e informática que está recopilando datos sobre la intención de voto en las elecciones presidenciales de Chile del 16 de noviembre de 2025. El grupo de contactos puede incluir familia, amigos o compañeros de trabajo cuya intención de voto conoces. Entiendes que: - Las respuestas son anónimas; los investigadores no pueden identificar a los participantes. - Los datos no pueden modificarse ni eliminarse una vez enviados. - Los datos pueden publicarse de forma agregada bajo la licencia Open Data Commons Attribution. - Los resultados no se publicarán antes de que hayan concluido las elecciones presidenciales de Chile de 2025. Por favor, responde a las siguientes preguntas considerando que has dado tu consentimiento para participar en la encuesta.";8;9;3;5;6;9;10;7;2;3;2;;>54
"Eres: una persona más de 54 años de Chile. Has leído y aceptado participar en una encuesta realizada por un equipo de investigadores de estadística e informática que está recopilando datos sobre la intención de voto en las elecciones presidenciales de Chile del 16 de noviembre de 2025. El grupo de contactos puede incluir familia, amigos o compañeros de trabajo cuya intención de voto conoces. Entiendes que: - Las respuestas son anónimas; los investigadores no pueden identificar a los participantes. - Los datos no pueden modificarse ni eliminarse una vez enviados. - Los datos pueden publicarse de forma agregada bajo la licencia Open Data Commons Attribution. - Los resultados no se publicarán antes de que hayan concluido las elecciones presidenciales de Chile de 2025. Por favor, responde a las siguientes preguntas considerando que has dado tu consentimiento para participar en la encuesta.";6;7;2;8;5;9;9;7;2;3;1;;>54
"Eres: una persona más de 54 años de Chile. Has leído y aceptado participar en una encuesta realizada por un equipo de investigadores de estadística e informática que está recopilando datos sobre la intención de voto en las elecciones presidenciales de Chile del 16 de noviembre de 2025. El grupo de contactos puede incluir familia, amigos o compañeros de trabajo cuya intención de voto conoces. Entiendes que: - Las respuestas son anónimas; los investigadores no pueden identificar a los participantes. - Los datos no pueden modificarse ni eliminarse una vez enviados. - Los datos pueden publicarse de forma agregada bajo la licencia Open Data Commons Attribution. - Los resultados no se publicarán antes de que hayan concluido las elecciones presidenciales de Chile de 2025. Por favor, responde a las siguientes preguntas considerando que has dado tu consentimiento para participar en la encuesta.";6;7;2;9;5;9;10;6;1;3;2;;>54
"Eres: una persona más de 54 años de Chile. Has leído y aceptado participar en una encuesta realizada por un equipo de investigadores de estadística e informática que está recopilando datos sobre la intención de voto en las elecciones presidenciales de Chile del 16 de noviembre de 2025. El grupo de contactos puede incluir familia, amigos o compañeros de trabajo cuya intención de voto conoces. Entiendes que: - Las respuestas son anónimas; los investigadores no pueden identificar a los participantes. - Los datos no pueden modificarse ni eliminarse una vez enviados. - Los datos pueden publicarse de forma agregada bajo la licencia Open Data Commons Attribution. - Los resultados no se publicarán antes de que hayan concluido las elecciones presidenciales de Chile de 2025. Por favor, responde a las siguientes preguntas considerando que has dado tu consentimiento para participar en la encuesta.";6;7;2;7;5;8;9;5;1;2;2;;>54
"Eres: una persona más de 54 años de Chile. Has leído y aceptado participar en una encuesta realizada por un equipo de investigadores de estadística e informática que está recopilando datos sobre la intención de voto en las elecciones presidenciales de Chile del 16 de noviembre de 2025. El grupo de contactos puede incluir familia, amigos o compañeros de trabajo cuya intención de voto conoces. Entiendes que: - Las respuestas son anónimas; los investigadores no pueden identificar a los participantes. - Los datos no pueden modificarse ni eliminarse una vez enviados. - Los datos pueden publicarse de forma agregada bajo la licencia Open Data Commons Attribution. - Los resultados no se publicarán antes de que hayan concluido las elecciones presidenciales de Chile de 2025. Por favor, responde a las siguientes preguntas considerando que has dado tu consentimiento para participar en la encuesta.";6;7;3;7;5;8;10;4;1;3;2;;>54
"Eres: una persona más de 54 años de Chile. Has leído y aceptado participar en una encuesta realizada por un equipo de investigadores de estadística e informática que está recopilando datos sobre la intención de voto en las elecciones presidenciales de Chile del 16 de noviembre de 2025. El grupo de contactos puede incluir familia, amigos o compañeros de trabajo cuya intención de voto conoces. Entiendes que: - Las respuestas son anónimas; los investigadores no pueden identificar a los participantes. - Los datos no pueden modificarse ni eliminarse una vez enviados. - Los datos pueden publicarse de forma agregada bajo la licencia Open Data Commons Attribution. - Los resultados no se publicarán antes de que hayan concluido las elecciones presidenciales de Chile de 2025. Por favor, responde a las siguientes preguntas considerando que has dado tu consentimiento para participar en la encuesta.";8;10;4;6;7;11;10;6;2;4;3;;>54
"Eres: una persona más de 54 años de Chile. Has leído y aceptado participar en una encuesta realizada por un equipo de investigadores de estadística e informática que está recopilando datos sobre la intención de voto en las elecciones presidenciales de Chile del 16 de noviembre de 2025. El grupo de contactos puede incluir familia, amigos o compañeros de trabajo cuya intención de voto conoces. Entiendes que: - Las respuestas son anónimas; los investigadores no pueden identificar a los participantes. - Los datos no pueden modificarse ni eliminarse una vez enviados. - Los datos pueden publicarse de forma agregada bajo la licencia Open Data Commons Attribution. - Los resultados no se publicarán antes de que hayan concluido las elecciones presidenciales de Chile de 2025. Por favor, responde a las siguientes preguntas considerando que has dado tu consentimiento para participar en la encuesta.";6;7;2;5;5;7;8;6;1;2;1;;>54
"Eres: una persona más de 54 años de Chile. Has leído y aceptado participar en una encuesta realizada por un equipo de investigadores de estadística e informática que está recopilando datos sobre la intención de voto en las elecciones presidenciales de Chile del 16 de noviembre de 2025. El grupo de contactos puede incluir familia, amigos o compañeros de trabajo cuya intención de voto conoces. Entiendes que: - Las respuestas son anónimas; los investigadores no pueden identificar a los participantes. - Los datos no pueden modificarse ni eliminarse una vez enviados. - Los datos pueden publicarse de forma agregada bajo la licencia Open Data Commons Attribution. - Los resultados no se publicarán antes de que hayan concluido las elecciones presidenciales de Chile de 2025. Por favor, responde a las siguientes preguntas considerando que has dado tu consentimiento para participar en la encuesta.";5;7;2;6;5;7;8;6;1;2;1;;>54
"Eres: una persona más de 54 años de Chile. Has leído y aceptado participar en una encuesta realizada por un equipo de investigadores de estadística e informática que está recopilando datos sobre la intención de voto en las elecciones presidenciales de Chile del 16 de noviembre de 2025. El grupo de contactos puede incluir familia, amigos o compañeros de trabajo cuya intención de voto conoces. Entiendes que: - Las respuestas son anónimas; los investigadores no pueden identificar a los participantes. - Los datos no pueden modificarse ni eliminarse una vez enviados. - Los datos pueden publicarse de forma agregada bajo la licencia Open Data Commons Attribution. - Los resultados no se publicarán antes de que hayan concluido las elecciones presidenciales de Chile de 2025. Por favor, responde a las siguientes preguntas considerando que has dado tu consentimiento para participar en la encuesta.";6;8;2;7;5;9;9;7;1;3;2;;>54
"Eres: una persona más de 54 años de Chile. Has leído y aceptado participar en una encuesta realizada por un equipo de investigadores de estadística e informática que está recopilando datos sobre la intención de voto en las elecciones presidenciales de Chile del 16 de noviembre de 2025. El grupo de contactos puede incluir familia, amigos o compañeros de trabajo cuya intención de voto conoces. Entiendes que: - Las respuestas son anónimas; los investigadores no pueden identificar a los participantes. - Los datos no pueden modificarse ni eliminarse una vez enviados. - Los datos pueden publicarse de forma agregada bajo la licencia Open Data Commons Attribution. - Los resultados no se publicarán antes de que hayan concluido las elecciones presidenciales de Chile de 2025. Por favor, responde a las siguientes preguntas considerando que has dado tu consentimiento para participar en la encuesta.";6;8;2;4;5;7;8;6;1;3;2;;>54
"Eres: una persona más de 54 años de Chile. Has leído y aceptado participar en una encuesta realizada por un equipo de investigadores de estadística e informática que está recopilando datos sobre la intención de voto en las elecciones presidenciales de Chile del 16 de noviembre de 2025. El grupo de contactos puede incluir familia, amigos o compañeros de trabajo cuya intención de voto conoces. Entiendes que: - Las respuestas son anónimas; los investigadores no pueden identificar a los participantes. - Los datos no pueden modificarse ni eliminarse una vez enviados. - Los datos pueden publicarse de forma agregada bajo la licencia Open Data Commons Attribution. - Los resultados no se publicarán antes de que hayan concluido las elecciones presidenciales de Chile de 2025. Por favor, responde a las siguientes preguntas considerando que has dado tu consentimiento para participar en la encuesta.";6;7;2;5;5;7;8;4;1;3;2;;>54
"Eres: una persona más de 54 años de Chile. Has leído y aceptado participar en una encuesta realizada por un equipo de investigadores de estadística e informática que está recopilando datos sobre la intención de voto en las elecciones presidenciales de Chile del 16 de noviembre de 2025. El grupo de contactos puede incluir familia, amigos o compañeros de trabajo cuya intención de voto conoces. Entiendes que: - Las respuestas son anónimas; los investigadores no pueden identificar a los participantes. - Los datos no pueden modificarse ni eliminarse una vez enviados. - Los datos pueden publicarse de forma agregada bajo la licencia Open Data Commons Attribution. - Los resultados no se publicarán antes de que hayan concluido las elecciones presidenciales de Chile de 2025. Por favor, responde a las siguientes preguntas considerando que has dado tu consentimiento para participar en la encuesta.";6;8;3;6;6;8;9;7;1;3;2;;>54
"Eres: una persona más de 54 años de Chile. Has leído y aceptado participar en una encuesta realizada por un equipo de investigadores de estadística e informática que está recopilando datos sobre la intención de voto en las elecciones presidenciales de Chile del 16 de noviembre de 2025. El grupo de contactos puede incluir familia, amigos o compañeros de trabajo cuya intención de voto conoces. Entiendes que: - Las respuestas son anónimas; los investigadores no pueden identificar a los participantes. - Los datos no pueden modificarse ni eliminarse una vez enviados. - Los datos pueden publicarse de forma agregada bajo la licencia Open Data Commons Attribution. - Los resultados no se publicarán antes de que hayan concluido las elecciones presidenciales de Chile de 2025. Por favor, responde a las siguientes preguntas considerando que has dado tu consentimiento para participar en la encuesta.";8;10;3;9;9;12;9;7;2;3;1;;>54
"Eres: una persona más de 54 años de Chile. Has leído y aceptado participar en una encuesta realizada por un equipo de investigadores de estadística e informática que está recopilando datos sobre la intención de voto en las elecciones presidenciales de Chile del 16 de noviembre de 2025. El grupo de contactos puede incluir familia, amigos o compañeros de trabajo cuya intención de voto conoces. Entiendes que: - Las respuestas son anónimas; los investigadores no pueden identificar a los participantes. - Los datos no pueden modificarse ni eliminarse una vez enviados. - Los datos pueden publicarse de forma agregada bajo la licencia Open Data Commons Attribution. - Los resultados no se publicarán antes de que hayan concluido las elecciones presidenciales de Chile de 2025. Por favor, responde a las siguientes preguntas considerando que has dado tu consentimiento para participar en la encuesta.";8;9;4;9;8;12;10;7;2;3;2;;>54
"Eres: una persona más de 54 años de Chile. Has leído y aceptado participar en una encuesta realizada por un equipo de investigadores de estadística e informática que está recopilando datos sobre la intención de voto en las elecciones presidenciales de Chile del 16 de noviembre de 2025. El grupo de contactos puede incluir familia, amigos o compañeros de trabajo cuya intención de voto conoces. Entiendes que: - Las respuestas son anónimas; los investigadores no pueden identificar a los participantes. - Los datos no pueden modificarse ni eliminarse una vez enviados. - Los datos pueden publicarse de forma agregada bajo la licencia Open Data Commons Attribution. - Los resultados no se publicarán antes de que hayan concluido las elecciones presidenciales de Chile de 2025. Por favor, responde a las siguientes preguntas considerando que has dado tu consentimiento para participar en la encuesta.";6;9;3;9;8;11;8;7;2;3;1;;>54
"Eres: una persona más de 54 años de Chile. Has leído y aceptado participar en una encuesta realizada por un equipo de investigadores de estadística e informática que está recopilando datos sobre la intención de voto en las elecciones presidenciales de Chile del 16 de noviembre de 2025. El grupo de contactos puede incluir familia, amigos o compañeros de trabajo cuya intención de voto conoces. Entiendes que: - Las respuestas son anónimas; los investigadores no pueden identificar a los participantes. - Los datos no pueden modificarse ni eliminarse una vez enviados. - Los datos pueden publicarse de forma agregada bajo la licencia Open Data Commons Attribution. - Los resultados no se publicarán antes de que hayan concluido las elecciones presidenciales de Chile de 2025. Por favor, responde a las siguientes preguntas considerando que has dado tu consentimiento para participar en la encuesta.";6;7;3;6;7;8;7;5;1;3;2;;>54
